station_guid,origin,target_time,horizon_step,actual,p10,p50,p90,residual,residual_median,residual_scale,outside_interval,residual_score,large_residual,anomaly,review_reason
0dcf81cb-5305-4e0b-b150-9b733ac44d0b,2025-10-01 00:00:00+00:00,2025-10-01 00:00:00+00:00,1,0.99625,1.07475,1.07475,1.07475,-0.07850000000000013,0.00012499999999998623,0.04651657499999989,True,1.6902577199632667,False,True,outside_p10_p90
0dcf81cb-5305-4e0b-b150-9b733ac44d0b,2025-10-01 00:00:00+00:00,2025-10-01 01:00:00+00:00,2,0.997,1.072,1.072,1.072,-0.07500000000000007,-0.0022499999999999742,0.041883449999999996,True,1.7369629292715882,False,True,outside_p10_p90
0dcf81cb-5305-4e0b-b150-9b733ac44d0b,2025-10-01 00:00:00+00:00,2025-10-01 02:00:00+00:00,3,1.02025,1.05175,1.05175,1.05175,-0.03149999999999986,0.0011250000000000981,0.042810074999999725,True,0.7620869620060271,False,True,outside_p10_p90
0dcf81cb-5305-4e0b-b150-9b733ac44d0b,2025-10-01 00:00:00+00:00,2025-10-01 03:00:00+00:00,4,1.03,1.043,1.043,1.043,-0.0129999999999999,-0.00012499999999998623,0.03799162500000001,True,0.3388904791516528,False,True,outside_p10_p90
0dcf81cb-5305-4e0b-b150-9b733ac44d0b,2025-10-01 00:00:00+00:00,2025-10-01 04:00:00+00:00,5,1.032,1.043,1.043,1.043,-0.010999999999999899,0.000250000000000028,0.04262474999999991,True,0.26393116675170997,False,True,outside_p10_p90
0dcf81cb-5305-4e0b-b150-9b733ac44d0b,2025-10-01 00:00:00+00:00,2025-10-01 05:00:00+00:00,6,1.032,1.043,1.043,1.043,-0.010999999999999899,-0.0030000000000000027,0.03613837500000005,True,0.22137132618718702,False,True,outside_p10_p90
0dcf81cb-5305-4e0b-b150-9b733ac44d0b,2025-10-01 00:00:00+00:00,2025-10-01 06:00:00+00:00,7,1.06325,1.05275,1.05275,1.05275,0.010499999999999954,-0.005249999999999977,0.04818449999999996,True,0.3268685988232719,False,True,outside_p10_p90
0dcf81cb-5305-4e0b-b150-9b733ac44d0b,2025-10-01 00:00:00+00:00,2025-10-01 07:00:00+00:00,8,1.02775,1.043,1.043,1.043,-0.015249999999999986,-0.004125000000000045,0.054856199999999966,True,0.20280296484262395,False,True,outside_p10_p90
0dcf81cb-5305-4e0b-b150-9b733ac44d0b,2025-10-01 00:00:00+00:00,2025-10-01 08:00:00+00:00,9,1.0135,1.0325,1.0325,1.0325,-0.018999999999999906,0.0011249999999999871,0.043922024999999934,True,0.458198364032622,False,True,outside_p10_p90
0dcf81cb-5305-4e0b-b150-9b733ac44d0b,2025-10-01 00:00:00+00:00,2025-10-01 09:00:00+00:00,10,1.0099999999999998,1.00025,1.00025,1.00025,0.009749999999999703,0.0012499999999999734,0.03817694999999999,True,0.22264743516702443,False,True,outside_p10_p90
0dcf81cb-5305-4e0b-b150-9b733ac44d0b,2025-10-01 00:00:00+00:00,2025-10-01 10:00:00+00:00,11,1.01575,1.0145,1.0145,1.0145,0.0012499999999999734,-0.0007500000000000284,0.030949275000000047,True,0.06462186917141027,False,True,outside_p10_p90
0dcf81cb-5305-4e0b-b150-9b733ac44d0b,2025-10-01 00:00:00+00:00,2025-10-01 11:00:00+00:00,12,1.0099999999999998,1.01625,1.01625,1.01625,-0.006250000000000311,-0.0036249999999999893,0.04466332499999977,True,0.05877305373033322,False,True,outside_p10_p90
0dcf81cb-5305-4e0b-b150-9b733ac44d0b,2025-10-01 00:00:00+00:00,2025-10-01 12:00:00+00:00,13,1.007,1.016,1.016,1.016,-0.009000000000000119,-0.005625000000000102,0.04540462500000043,True,0.07433163471782853,False,True,outside_p10_p90
0dcf81cb-5305-4e0b-b150-9b733ac44d0b,2025-10-01 00:00:00+00:00,2025-10-01 13:00:00+00:00,14,1.0099999999999998,1.0175,1.0175,1.0175,-0.007500000000000284,-0.0011249999999998206,0.028910699999999942,True,0.22050659444428797,False,True,outside_p10_p90
0dcf81cb-5305-4e0b-b150-9b733ac44d0b,2025-10-01 00:00:00+00:00,2025-10-01 14:00:00+00:00,15,0.9935,1.01525,1.01525,1.01525,-0.021749999999999936,0.0012499999999999734,0.04707255,True,0.48860747930587806,False,True,outside_p10_p90
0dcf81cb-5305-4e0b-b150-9b733ac44d0b,2025-10-01 00:00:00+00:00,2025-10-01 15:00:00+00:00,16,0.99525,1.017,1.017,1.017,-0.021749999999999936,-0.0007499999999999729,0.030763950000000068,True,0.6826171541690815,False,True,outside_p10_p90
0dcf81cb-5305-4e0b-b150-9b733ac44d0b,2025-10-01 00:00:00+00:00,2025-10-01 16:00:00+00:00,17,0.99025,1.019,1.019,1.019,-0.028749999999999942,-0.00024999999999997247,0.026872125,True,1.0605785735218174,False,True,outside_p10_p90
0dcf81cb-5305-4e0b-b150-9b733ac44d0b,2025-10-01 00:00:00+00:00,2025-10-01 17:00:00+00:00,18,0.9935,1.019,1.019,1.019,-0.025499999999999856,0.00012500000000004174,0.04948177499999998,True,0.5178674370513165,False,True,outside_p10_p90
0dcf81cb-5305-4e0b-b150-9b733ac44d0b,2025-10-01 00:00:00+00:00,2025-10-01 18:00:00+00:00,19,0.99375,1.01325,1.01325,1.01325,-0.019499999999999962,0.00037500000000012523,0.046145924999999935,True,0.4306989187019247,False,True,outside_p10_p90
0dcf81cb-5305-4e0b-b150-9b733ac44d0b,2025-10-01 00:00:00+00:00,2025-10-01 19:00:00+00:00,20,0.9945,0.9615,0.9615,0.9615,0.03300000000000003,-0.0020000000000000018,0.0833962499999997,True,0.4196831392298833,False,True,outside_p10_p90
0dcf81cb-5305-4e0b-b150-9b733ac44d0b,2025-10-01 00:00:00+00:00,2025-10-01 20:00:00+00:00,21,0.99075,1.0612499999999998,1.0612499999999998,1.0612499999999998,-0.07049999999999979,0.002875000000000072,0.05485620000000021,True,1.337588093962024,False,True,outside_p10_p90
0dcf81cb-5305-4e0b-b150-9b733ac44d0b,2025-10-01 00:00:00+00:00,2025-10-01 21:00:00+00:00,22,1.01825,1.0755,1.0755,1.0755,-0.0572499999999998,0.005999999999999894,0.05745075000000001,True,1.1009429815972758,False,True,outside_p10_p90
0dcf81cb-5305-4e0b-b150-9b733ac44d0b,2025-10-01 00:00:00+00:00,2025-10-01 22:00:00+00:00,23,1.046,1.0175,1.0175,1.0175,0.02849999999999997,0.0,0.04206877500000006,True,0.6774620844082084,False,True,outside_p10_p90
0dcf81cb-5305-4e0b-b150-9b733ac44d0b,2025-10-01 00:00:00+00:00,2025-10-01 23:00:00+00:00,24,1.0479999999999998,0.998,0.998,0.998,0.04999999999999982,-0.004999999999999893,0.04484864999999983,True,1.2263468354119895,False,True,outside_p10_p90
0dcf81cb-5305-4e0b-b150-9b733ac44d0b,2025-10-02 00:00:00+00:00,2025-10-02 00:00:00+00:00,1,1.026,0.99625,0.99625,0.99625,0.029750000000000054,0.00012499999999998623,0.04651657499999989,True,0.636869760940055,False,True,outside_p10_p90
0dcf81cb-5305-4e0b-b150-9b733ac44d0b,2025-10-02 00:00:00+00:00,2025-10-02 01:00:00+00:00,2,1.0105,0.997,0.997,0.997,0.013499999999999956,-0.0022499999999999742,0.041883449999999996,True,0.37604352077013553,False,True,outside_p10_p90
0dcf81cb-5305-4e0b-b150-9b733ac44d0b,2025-10-02 00:00:00+00:00,2025-10-02 02:00:00+00:00,3,0.9895,1.02025,1.02025,1.02025,-0.030750000000000055,0.0011250000000000981,0.042810074999999725,True,0.7445677215001458,False,True,outside_p10_p90
0dcf81cb-5305-4e0b-b150-9b733ac44d0b,2025-10-02 00:00:00+00:00,2025-10-02 03:00:00+00:00,4,0.986,1.03,1.03,1.03,-0.04400000000000004,-0.00012499999999998623,0.03799162500000001,True,1.1548597881770006,False,True,outside_p10_p90
0dcf81cb-5305-4e0b-b150-9b733ac44d0b,2025-10-02 00:00:00+00:00,2025-10-02 04:00:00+00:00,5,0.986,1.032,1.032,1.032,-0.04600000000000004,0.000250000000000028,0.04262474999999991,True,1.085050352201483,False,True,outside_p10_p90
0dcf81cb-5305-4e0b-b150-9b733ac44d0b,2025-10-02 00:00:00+00:00,2025-10-02 05:00:00+00:00,6,0.986,1.032,1.032,1.032,-0.04600000000000004,-0.0030000000000000027,0.03613837500000005,True,1.189870878256147,False,True,outside_p10_p90
0dcf81cb-5305-4e0b-b150-9b733ac44d0b,2025-10-02 00:00:00+00:00,2025-10-02 06:00:00+00:00,7,1.072,1.06325,1.06325,1.06325,0.008750000000000036,-0.005249999999999977,0.04818449999999996,True,0.2905498656206877,False,True,outside_p10_p90
0dcf81cb-5305-4e0b-b150-9b733ac44d0b,2025-10-02 00:00:00+00:00,2025-10-02 07:00:00+00:00,8,1.01075,1.02775,1.02775,1.02775,-0.016999999999999904,-0.004125000000000045,0.054856199999999966,True,0.23470455481786684,False,True,outside_p10_p90
0dcf81cb-5305-4e0b-b150-9b733ac44d0b,2025-10-02 00:00:00+00:00,2025-10-02 08:00:00+00:00,9,0.997,1.0135,1.0135,1.0135,-0.01650000000000007,0.0011249999999999871,0.043922024999999934,True,0.40127931260000155,False,True,outside_p10_p90
0dcf81cb-5305-4e0b-b150-9b733ac44d0b,2025-10-02 00:00:00+00:00,2025-10-02 09:00:00+00:00,10,0.99375,1.0099999999999998,1.0099999999999998,1.0099999999999998,-0.016249999999999765,0.0012499999999999734,0.03817694999999999,True,0.45839177828505795,False,True,outside_p10_p90
0dcf81cb-5305-4e0b-b150-9b733ac44d0b,2025-10-02 00:00:00+00:00,2025-10-02 10:00:00+00:00,11,1.0,1.01575,1.01575,1.01575,-0.01574999999999993,-0.0007500000000000284,0.030949275000000047,True,0.48466401878557347,False,True,outside_p10_p90
0dcf81cb-5305-4e0b-b150-9b733ac44d0b,2025-10-02 00:00:00+00:00,2025-10-02 11:00:00+00:00,12,0.99575,1.0099999999999998,1.0099999999999998,1.0099999999999998,-0.014249999999999763,-0.0036249999999999893,0.04466332499999977,True,0.23789093176560028,False,True,outside_p10_p90
0dcf81cb-5305-4e0b-b150-9b733ac44d0b,2025-10-02 00:00:00+00:00,2025-10-02 12:00:00+00:00,13,1.0059999999999998,1.007,1.007,1.007,-0.001000000000000112,-0.005625000000000102,0.04540462500000043,True,0.10186186979850503,False,True,outside_p10_p90
0dcf81cb-5305-4e0b-b150-9b733ac44d0b,2025-10-02 00:00:00+00:00,2025-10-02 13:00:00+00:00,14,1.00025,1.0099999999999998,1.0099999999999998,1.0099999999999998,-0.009749999999999703,-0.0011249999999998206,0.028910699999999942,True,0.2983324513069521,False,True,outside_p10_p90
0dcf81cb-5305-4e0b-b150-9b733ac44d0b,2025-10-02 00:00:00+00:00,2025-10-02 14:00:00+00:00,15,0.99825,0.9935,0.9935,0.9935,0.004749999999999921,0.0012499999999999734,0.04707255,True,0.07435331206828497,False,True,outside_p10_p90
0dcf81cb-5305-4e0b-b150-9b733ac44d0b,2025-10-02 00:00:00+00:00,2025-10-02 15:00:00+00:00,16,0.997,0.99525,0.99525,0.99525,0.0017500000000000293,-0.0007499999999999729,0.030763950000000068,True,0.08126394692489088,False,True,outside_p10_p90
0dcf81cb-5305-4e0b-b150-9b733ac44d0b,2025-10-02 00:00:00+00:00,2025-10-02 16:00:00+00:00,17,0.99425,0.99025,0.99025,0.99025,0.0040000000000000036,-0.00024999999999997247,0.026872125,True,0.1581564539462352,False,True,outside_p10_p90
0dcf81cb-5305-4e0b-b150-9b733ac44d0b,2025-10-02 00:00:00+00:00,2025-10-02 17:00:00+00:00,18,0.99925,0.9935,0.9935,0.9935,0.005749999999999922,0.00012500000000004174,0.04948177499999998,True,0.11367821788931141,False,True,outside_p10_p90
0dcf81cb-5305-4e0b-b150-9b733ac44d0b,2025-10-02 00:00:00+00:00,2025-10-02 18:00:00+00:00,19,1.008,0.99375,0.99375,0.99375,0.014249999999999985,0.00037500000000012523,0.046145924999999935,True,0.30067660362209403,False,True,outside_p10_p90
0dcf81cb-5305-4e0b-b150-9b733ac44d0b,2025-10-02 00:00:00+00:00,2025-10-02 19:00:00+00:00,20,0.9845,0.9945,0.9945,0.9945,-0.010000000000000009,-0.0020000000000000018,0.0833962499999997,True,0.09592757468111619,False,True,outside_p10_p90
0dcf81cb-5305-4e0b-b150-9b733ac44d0b,2025-10-02 00:00:00+00:00,2025-10-02 20:00:00+00:00,21,1.0125,0.99075,0.99075,0.99075,0.021749999999999936,0.002875000000000072,0.05485620000000021,True,0.344081434732989,False,True,outside_p10_p90
0dcf81cb-5305-4e0b-b150-9b733ac44d0b,2025-10-02 00:00:00+00:00,2025-10-02 21:00:00+00:00,22,1.062,1.01825,1.01825,1.01825,0.043749999999999956,0.005999999999999894,0.05745075000000001,True,0.6570845463288131,False,True,outside_p10_p90
0dcf81cb-5305-4e0b-b150-9b733ac44d0b,2025-10-02 00:00:00+00:00,2025-10-02 22:00:00+00:00,23,1.0405000000000002,1.046,1.046,1.046,-0.005499999999999838,0.0,0.04206877500000006,True,0.13073829699105408,False,True,outside_p10_p90
0dcf81cb-5305-4e0b-b150-9b733ac44d0b,2025-10-02 00:00:00+00:00,2025-10-02 23:00:00+00:00,24,0.99275,1.0479999999999998,1.0479999999999998,1.0479999999999998,-0.0552499999999998,-0.004999999999999893,0.04484864999999983,True,1.120435063262776,False,True,outside_p10_p90
0dcf81cb-5305-4e0b-b150-9b733ac44d0b,2025-10-03 00:00:00+00:00,2025-10-03 00:00:00+00:00,1,0.978,1.026,1.026,1.026,-0.04800000000000004,0.00012499999999998623,0.04651657499999989,True,1.0345774597549398,False,True,outside_p10_p90
0dcf81cb-5305-4e0b-b150-9b733ac44d0b,2025-10-03 00:00:00+00:00,2025-10-03 01:00:00+00:00,2,1.0065,1.0105,1.0105,1.0105,-0.0040000000000000036,-0.0022499999999999742,0.041883449999999996,True,0.04178261341890483,False,True,outside_p10_p90
0dcf81cb-5305-4e0b-b150-9b733ac44d0b,2025-10-03 00:00:00+00:00,2025-10-03 02:00:00+00:00,3,1.0355,0.9895,0.9895,0.9895,0.04600000000000004,0.0011250000000000981,0.042810074999999725,True,1.0482345569354932,False,True,outside_p10_p90
0dcf81cb-5305-4e0b-b150-9b733ac44d0b,2025-10-03 00:00:00+00:00,2025-10-03 03:00:00+00:00,4,1.0399999999999998,0.986,0.986,0.986,0.053999999999999826,-0.00012499999999998623,0.03799162500000001,True,1.4246560919676323,False,True,outside_p10_p90
0dcf81cb-5305-4e0b-b150-9b733ac44d0b,2025-10-03 00:00:00+00:00,2025-10-03 04:00:00+00:00,5,1.04025,0.986,0.986,0.986,0.05424999999999991,0.000250000000000028,0.04262474999999991,True,1.2668696004082134,False,True,outside_p10_p90
0dcf81cb-5305-4e0b-b150-9b733ac44d0b,2025-10-03 00:00:00+00:00,2025-10-03 05:00:00+00:00,6,1.04225,0.986,0.986,0.986,0.05624999999999991,-0.0030000000000000027,0.03613837500000005,True,1.6395313845738728,False,True,outside_p10_p90
0dcf81cb-5305-4e0b-b150-9b733ac44d0b,2025-10-03 00:00:00+00:00,2025-10-03 06:00:00+00:00,7,1.0295,1.072,1.072,1.072,-0.04249999999999998,-0.005249999999999977,0.04818449999999996,True,0.7730701781693291,False,True,outside_p10_p90
0dcf81cb-5305-4e0b-b150-9b733ac44d0b,2025-10-03 00:00:00+00:00,2025-10-03 07:00:00+00:00,8,1.01375,1.01075,1.01075,1.01075,0.0029999999999998916,-0.004125000000000045,0.054856199999999966,True,0.12988504489920813,False,True,outside_p10_p90
0dcf81cb-5305-4e0b-b150-9b733ac44d0b,2025-10-03 00:00:00+00:00,2025-10-03 08:00:00+00:00,9,1.01275,0.997,0.997,0.997,0.015750000000000042,0.0011249999999999871,0.043922024999999934,True,0.33297645088085254,False,True,outside_p10_p90
0dcf81cb-5305-4e0b-b150-9b733ac44d0b,2025-10-03 00:00:00+00:00,2025-10-03 09:00:00+00:00,10,1.02775,0.99375,0.99375,0.99375,0.03399999999999992,0.0012499999999999734,0.03817694999999999,True,0.85784747079062,False,True,outside_p10_p90
0dcf81cb-5305-4e0b-b150-9b733ac44d0b,2025-10-03 00:00:00+00:00,2025-10-03 10:00:00+00:00,11,1.0165,1.0,1.0,1.0,0.01649999999999996,-0.0007500000000000284,0.030949275000000047,True,0.5573636216034127,False,True,outside_p10_p90
0dcf81cb-5305-4e0b-b150-9b733ac44d0b,2025-10-03 00:00:00+00:00,2025-10-03 11:00:00+00:00,12,1.013,0.99575,0.99575,0.99575,0.017249999999999877,-0.0036249999999999893,0.04466332499999977,True,0.46738571299830395,False,True,outside_p10_p90
0dcf81cb-5305-4e0b-b150-9b733ac44d0b,2025-10-03 00:00:00+00:00,2025-10-03 12:00:00+00:00,13,1.0135,1.0059999999999998,1.0059999999999998,1.0059999999999998,0.007500000000000284,-0.005625000000000102,0.04540462500000043,True,0.289067468347118,False,True,outside_p10_p90
0dcf81cb-5305-4e0b-b150-9b733ac44d0b,2025-10-03 00:00:00+00:00,2025-10-03 13:00:00+00:00,14,1.018,1.00025,1.00025,1.00025,0.017749999999999932,-0.0011249999999998206,0.028910699999999942,True,0.6528724659036201,False,True,outside_p10_p90
0dcf81cb-5305-4e0b-b150-9b733ac44d0b,2025-10-03 00:00:00+00:00,2025-10-03 14:00:00+00:00,15,1.01525,0.99825,0.99825,0.99825,0.017000000000000015,0.0012499999999999734,0.04707255,True,0.33458990430728824,False,True,outside_p10_p90
0dcf81cb-5305-4e0b-b150-9b733ac44d0b,2025-10-03 00:00:00+00:00,2025-10-03 15:00:00+00:00,16,1.06975,0.997,0.997,0.997,0.07274999999999998,-0.0007499999999999729,0.030763950000000068,True,2.389160039591788,False,True,outside_p10_p90
0dcf81cb-5305-4e0b-b150-9b733ac44d0b,2025-10-03 00:00:00+00:00,2025-10-03 16:00:00+00:00,17,1.11725,0.99425,0.99425,0.99425,0.12300000000000011,-0.00024999999999997247,0.026872125,True,4.58653716444085,True,True,outside_p10_p90|large_residual
0dcf81cb-5305-4e0b-b150-9b733ac44d0b,2025-10-03 00:00:00+00:00,2025-10-03 17:00:00+00:00,18,1.1405,0.99925,0.99925,0.99925,0.1412500000000001,0.00012500000000004174,0.04948177499999998,True,2.8520601777118975,False,True,outside_p10_p90
0dcf81cb-5305-4e0b-b150-9b733ac44d0b,2025-10-03 00:00:00+00:00,2025-10-03 18:00:00+00:00,19,1.1357499999999998,1.008,1.008,1.008,0.1277499999999998,0.00037500000000012523,0.046145924999999935,True,2.760265397215461,False,True,outside_p10_p90
0dcf81cb-5305-4e0b-b150-9b733ac44d0b,2025-10-03 00:00:00+00:00,2025-10-03 19:00:00+00:00,20,1.0475,0.9845,0.9845,0.9845,0.06300000000000006,-0.0020000000000000018,0.0833962499999997,True,0.779411544284069,False,True,outside_p10_p90
0dcf81cb-5305-4e0b-b150-9b733ac44d0b,2025-10-03 00:00:00+00:00,2025-10-03 20:00:00+00:00,21,1.16,1.0125,1.0125,1.0125,0.14749999999999996,0.002875000000000072,0.05485620000000021,True,2.6364385429541115,False,True,outside_p10_p90
0dcf81cb-5305-4e0b-b150-9b733ac44d0b,2025-10-03 00:00:00+00:00,2025-10-03 21:00:00+00:00,22,1.1545,1.062,1.062,1.062,0.09250000000000003,0.005999999999999894,0.05745075000000001,True,1.5056374372832404,False,True,outside_p10_p90
0dcf81cb-5305-4e0b-b150-9b733ac44d0b,2025-10-03 00:00:00+00:00,2025-10-03 22:00:00+00:00,23,1.12925,1.0405000000000002,1.0405000000000002,1.0405000000000002,0.08874999999999988,0.0,0.04206877500000006,True,2.1096407014466134,False,True,outside_p10_p90
0dcf81cb-5305-4e0b-b150-9b733ac44d0b,2025-10-03 00:00:00+00:00,2025-10-03 23:00:00+00:00,24,1.1795,0.99275,0.99275,0.99275,0.18674999999999997,-0.004999999999999893,0.04484864999999983,True,4.275491012550001,True,True,outside_p10_p90|large_residual
0dcf81cb-5305-4e0b-b150-9b733ac44d0b,2025-10-04 00:00:00+00:00,2025-10-04 00:00:00+00:00,1,1.1985,0.978,0.978,0.978,0.22049999999999992,0.00012499999999998623,0.04651657499999989,True,4.737558601423266,True,True,outside_p10_p90|large_residual
0dcf81cb-5305-4e0b-b150-9b733ac44d0b,2025-10-04 00:00:00+00:00,2025-10-04 01:00:00+00:00,2,1.2005,1.0065,1.0065,1.0065,0.19399999999999995,-0.0022499999999999742,0.041883449999999996,True,4.68562164769139,True,True,outside_p10_p90|large_residual
0dcf81cb-5305-4e0b-b150-9b733ac44d0b,2025-10-04 00:00:00+00:00,2025-10-04 02:00:00+00:00,3,1.2012500000000002,1.0355,1.0355,1.0355,0.16575000000000006,0.0011250000000000981,0.042810074999999725,True,3.8454732910419107,True,True,outside_p10_p90|large_residual
0dcf81cb-5305-4e0b-b150-9b733ac44d0b,2025-10-04 00:00:00+00:00,2025-10-04 03:00:00+00:00,4,1.2015,1.0399999999999998,1.0399999999999998,1.0399999999999998,0.1615000000000002,-0.00012499999999998623,0.03799162500000001,True,4.254227082942626,True,True,outside_p10_p90|large_residual
0dcf81cb-5305-4e0b-b150-9b733ac44d0b,2025-10-04 00:00:00+00:00,2025-10-04 04:00:00+00:00,5,1.2007500000000002,1.04025,1.04025,1.04025,0.1605000000000003,0.000250000000000028,0.04262474999999991,True,3.7595528419521664,True,True,outside_p10_p90|large_residual
0dcf81cb-5305-4e0b-b150-9b733ac44d0b,2025-10-04 00:00:00+00:00,2025-10-04 05:00:00+00:00,6,1.2455,1.04225,1.04225,1.04225,0.20325000000000015,-0.0030000000000000027,0.03613837500000005,True,5.707229503263494,True,True,outside_p10_p90|large_residual
0dcf81cb-5305-4e0b-b150-9b733ac44d0b,2025-10-04 00:00:00+00:00,2025-10-04 06:00:00+00:00,7,1.286,1.0295,1.0295,1.0295,0.25649999999999995,-0.005249999999999977,0.04818449999999996,True,5.432244809015351,True,True,outside_p10_p90|large_residual
0dcf81cb-5305-4e0b-b150-9b733ac44d0b,2025-10-04 00:00:00+00:00,2025-10-04 07:00:00+00:00,8,1.2105,1.01375,1.01375,1.01375,0.19674999999999998,-0.004125000000000045,0.054856199999999966,True,3.6618467921584097,True,True,outside_p10_p90|large_residual
0dcf81cb-5305-4e0b-b150-9b733ac44d0b,2025-10-04 00:00:00+00:00,2025-10-04 08:00:00+00:00,9,1.24,1.01275,1.01275,1.01275,0.22724999999999995,0.0011249999999999871,0.043922024999999934,True,5.148328202080854,True,True,outside_p10_p90|large_residual
0dcf81cb-5305-4e0b-b150-9b733ac44d0b,2025-10-04 00:00:00+00:00,2025-10-04 09:00:00+00:00,10,1.28975,1.02775,1.02775,1.02775,0.262,0.0012499999999999734,0.03817694999999999,True,6.830037496447467,True,True,outside_p10_p90|large_residual
0dcf81cb-5305-4e0b-b150-9b733ac44d0b,2025-10-04 00:00:00+00:00,2025-10-04 10:00:00+00:00,11,1.29275,1.0165,1.0165,1.0165,0.2762500000000001,-0.0007500000000000284,0.030949275000000047,True,8.95012888024032,True,True,outside_p10_p90|large_residual
0dcf81cb-5305-4e0b-b150-9b733ac44d0b,2025-10-04 00:00:00+00:00,2025-10-04 11:00:00+00:00,12,1.287,1.013,1.013,1.013,0.274,-0.0036249999999999893,0.04466332499999977,True,6.215950111193052,True,True,outside_p10_p90|large_residual
0dcf81cb-5305-4e0b-b150-9b733ac44d0b,2025-10-04 00:00:00+00:00,2025-10-04 12:00:00+00:00,13,1.29,1.0135,1.0135,1.0135,0.27649999999999997,-0.005625000000000102,0.04540462500000043,True,6.213574057708822,True,True,outside_p10_p90|large_residual
0dcf81cb-5305-4e0b-b150-9b733ac44d0b,2025-10-04 00:00:00+00:00,2025-10-04 13:00:00+00:00,14,1.29275,1.018,1.018,1.018,0.27475000000000005,-0.0011249999999998206,0.028910699999999942,True,9.542314783107999,True,True,outside_p10_p90|large_residual
0dcf81cb-5305-4e0b-b150-9b733ac44d0b,2025-10-04 00:00:00+00:00,2025-10-04 14:00:00+00:00,15,1.2945,1.01525,1.01525,1.01525,0.27925,0.0012499999999999734,0.04707255,True,5.9057773585667235,True,True,outside_p10_p90|large_residual
0dcf81cb-5305-4e0b-b150-9b733ac44d0b,2025-10-04 00:00:00+00:00,2025-10-04 15:00:00+00:00,16,1.3139999999999998,1.06975,1.06975,1.06975,0.24424999999999986,-0.0007499999999999729,0.030763950000000068,True,7.963866798639294,True,True,outside_p10_p90|large_residual
0dcf81cb-5305-4e0b-b150-9b733ac44d0b,2025-10-04 00:00:00+00:00,2025-10-04 16:00:00+00:00,17,1.3535,1.11725,1.11725,1.11725,0.23624999999999985,-0.00024999999999997247,0.026872125,True,8.800941496067015,True,True,outside_p10_p90|large_residual
0dcf81cb-5305-4e0b-b150-9b733ac44d0b,2025-10-04 00:00:00+00:00,2025-10-04 17:00:00+00:00,18,1.39125,1.1405,1.1405,1.1405,0.25075000000000003,0.00012500000000004174,0.04948177499999998,True,5.0649961526238725,True,True,outside_p10_p90|large_residual
0dcf81cb-5305-4e0b-b150-9b733ac44d0b,2025-10-04 00:00:00+00:00,2025-10-04 18:00:00+00:00,19,1.40675,1.1357499999999998,1.1357499999999998,1.1357499999999998,0.27100000000000013,0.00037500000000012523,0.046145924999999935,True,5.864548169746308,True,True,outside_p10_p90|large_residual
0dcf81cb-5305-4e0b-b150-9b733ac44d0b,2025-10-04 00:00:00+00:00,2025-10-04 19:00:00+00:00,20,1.41025,1.0475,1.0475,1.0475,0.3627499999999999,-0.0020000000000000018,0.0833962499999997,True,4.373697858117136,True,True,outside_p10_p90|large_residual
0dcf81cb-5305-4e0b-b150-9b733ac44d0b,2025-10-04 00:00:00+00:00,2025-10-04 20:00:00+00:00,21,1.4325,1.16,1.16,1.16,0.2725000000000002,0.002875000000000072,0.05485620000000021,True,4.915123541185848,True,True,outside_p10_p90|large_residual
0dcf81cb-5305-4e0b-b150-9b733ac44d0b,2025-10-04 00:00:00+00:00,2025-10-04 21:00:00+00:00,22,1.4632500000000002,1.1545,1.1545,1.1545,0.3087500000000001,0.005999999999999894,0.05745075000000001,True,5.269731030491337,True,True,outside_p10_p90|large_residual
0dcf81cb-5305-4e0b-b150-9b733ac44d0b,2025-10-04 00:00:00+00:00,2025-10-04 22:00:00+00:00,23,1.47075,1.12925,1.12925,1.12925,0.3414999999999999,0.0,0.04206877500000006,True,8.11765971317205,True,True,outside_p10_p90|large_residual
0dcf81cb-5305-4e0b-b150-9b733ac44d0b,2025-10-04 00:00:00+00:00,2025-10-04 23:00:00+00:00,24,1.4880000000000002,1.1795,1.1795,1.1795,0.3085000000000002,-0.004999999999999893,0.04484864999999983,True,6.990176961848379,True,True,outside_p10_p90|large_residual
0dcf81cb-5305-4e0b-b150-9b733ac44d0b,2025-10-05 00:00:00+00:00,2025-10-05 00:00:00+00:00,1,1.495,1.1985,1.1985,1.1985,0.2965000000000002,0.00012499999999998623,0.04651657499999989,True,6.371384823581721,True,True,outside_p10_p90|large_residual
0dcf81cb-5305-4e0b-b150-9b733ac44d0b,2025-10-05 00:00:00+00:00,2025-10-05 01:00:00+00:00,2,1.49575,1.2005,1.2005,1.2005,0.29525,-0.0022499999999999742,0.041883449999999996,True,7.103044281213702,True,True,outside_p10_p90|large_residual
0dcf81cb-5305-4e0b-b150-9b733ac44d0b,2025-10-05 00:00:00+00:00,2025-10-05 02:00:00+00:00,3,1.49675,1.2012500000000002,1.2012500000000002,1.2012500000000002,0.2954999999999999,0.0011250000000000981,0.042810074999999725,True,6.876301898560133,True,True,outside_p10_p90|large_residual
0dcf81cb-5305-4e0b-b150-9b733ac44d0b,2025-10-05 00:00:00+00:00,2025-10-05 03:00:00+00:00,4,1.512,1.2015,1.2015,1.2015,0.3105,-0.00012499999999998623,0.03799162500000001,True,8.176144084387017,True,True,outside_p10_p90|large_residual
0dcf81cb-5305-4e0b-b150-9b733ac44d0b,2025-10-05 00:00:00+00:00,2025-10-05 04:00:00+00:00,5,1.5225000000000002,1.2007500000000002,1.2007500000000002,1.2007500000000002,0.32175,0.000250000000000028,0.04262474999999991,True,7.542566232060026,True,True,outside_p10_p90|large_residual
0dcf81cb-5305-4e0b-b150-9b733ac44d0b,2025-10-05 00:00:00+00:00,2025-10-05 05:00:00+00:00,6,1.51925,1.2455,1.2455,1.2455,0.27374999999999994,-0.0030000000000000027,0.03613837500000005,True,7.658064315288099,True,True,outside_p10_p90|large_residual
0dcf81cb-5305-4e0b-b150-9b733ac44d0b,2025-10-05 00:00:00+00:00,2025-10-05 06:00:00+00:00,7,1.51075,1.286,1.286,1.286,0.22475,-0.005249999999999977,0.04818449999999996,True,4.773319220911293,True,True,outside_p10_p90|large_residual
0dcf81cb-5305-4e0b-b150-9b733ac44d0b,2025-10-05 00:00:00+00:00,2025-10-05 07:00:00+00:00,8,1.47825,1.2105,1.2105,1.2105,0.26775000000000015,-0.004125000000000045,0.054856199999999966,True,4.9561398711540425,True,True,outside_p10_p90|large_residual
0dcf81cb-5305-4e0b-b150-9b733ac44d0b,2025-10-05 00:00:00+00:00,2025-10-05 08:00:00+00:00,9,1.47175,1.24,1.24,1.24,0.2317499999999999,0.0011249999999999871,0.043922024999999934,True,5.250782494659576,True,True,outside_p10_p90|large_residual
0dcf81cb-5305-4e0b-b150-9b733ac44d0b,2025-10-05 00:00:00+00:00,2025-10-05 09:00:00+00:00,10,1.469,1.28975,1.28975,1.28975,0.17925000000000013,0.0012499999999999734,0.03817694999999999,True,4.662499230556664,True,True,outside_p10_p90|large_residual
0dcf81cb-5305-4e0b-b150-9b733ac44d0b,2025-10-05 00:00:00+00:00,2025-10-05 10:00:00+00:00,11,1.46325,1.29275,1.29275,1.29275,0.17049999999999987,-0.0007500000000000284,0.030949275000000047,True,5.533247547801997,True,True,outside_p10_p90|large_residual
0dcf81cb-5305-4e0b-b150-9b733ac44d0b,2025-10-05 00:00:00+00:00,2025-10-05 11:00:00+00:00,12,1.4345,1.287,1.287,1.287,0.1475000000000002,-0.0036249999999999893,0.04466332499999977,True,3.3836486647602024,False,True,outside_p10_p90
0dcf81cb-5305-4e0b-b150-9b733ac44d0b,2025-10-05 00:00:00+00:00,2025-10-05 12:00:00+00:00,13,1.421,1.29,1.29,1.29,0.131,-0.005625000000000102,0.04540462500000043,True,3.0090546943180088,False,True,outside_p10_p90
0dcf81cb-5305-4e0b-b150-9b733ac44d0b,2025-10-05 00:00:00+00:00,2025-10-05 13:00:00+00:00,14,1.402,1.29275,1.29275,1.29275,0.10924999999999985,-0.0011249999999998206,0.028910699999999942,True,3.8177906449861085,True,True,outside_p10_p90|large_residual
0dcf81cb-5305-4e0b-b150-9b733ac44d0b,2025-10-05 00:00:00+00:00,2025-10-05 14:00:00+00:00,15,1.399,1.2945,1.2945,1.2945,0.10450000000000004,0.0012499999999999734,0.04707255,True,2.1934227060144407,False,True,outside_p10_p90
0dcf81cb-5305-4e0b-b150-9b733ac44d0b,2025-10-05 00:00:00+00:00,2025-10-05 15:00:00+00:00,16,1.4,1.3139999999999998,1.3139999999999998,1.3139999999999998,0.08600000000000008,-0.0007499999999999729,0.030763950000000068,True,2.8198589582937124,False,True,outside_p10_p90
0dcf81cb-5305-4e0b-b150-9b733ac44d0b,2025-10-05 00:00:00+00:00,2025-10-05 16:00:00+00:00,17,1.402,1.3535,1.3535,1.3535,0.04849999999999999,-0.00024999999999997247,0.026872125,True,1.8141475599715304,False,True,outside_p10_p90
0dcf81cb-5305-4e0b-b150-9b733ac44d0b,2025-10-05 00:00:00+00:00,2025-10-05 17:00:00+00:00,18,1.3450000000000002,1.39125,1.39125,1.39125,-0.0462499999999999,0.00012500000000004174,0.04948177499999998,True,0.9372137519318975,False,True,outside_p10_p90
0dcf81cb-5305-4e0b-b150-9b733ac44d0b,2025-10-05 00:00:00+00:00,2025-10-05 18:00:00+00:00,19,1.41325,1.40675,1.40675,1.40675,0.00649999999999995,0.00037500000000012523,0.046145924999999935,True,0.13273111331065168,False,True,outside_p10_p90
0dcf81cb-5305-4e0b-b150-9b733ac44d0b,2025-10-05 00:00:00+00:00,2025-10-05 19:00:00+00:00,20,1.42275,1.41025,1.41025,1.41025,0.012499999999999956,-0.0020000000000000018,0.0833962499999997,True,0.17386872910952242,False,True,outside_p10_p90
0dcf81cb-5305-4e0b-b150-9b733ac44d0b,2025-10-05 00:00:00+00:00,2025-10-05 20:00:00+00:00,21,1.3835,1.4325,1.4325,1.4325,-0.049000000000000155,0.002875000000000072,0.05485620000000021,True,0.9456542742661728,False,True,outside_p10_p90
0dcf81cb-5305-4e0b-b150-9b733ac44d0b,2025-10-05 00:00:00+00:00,2025-10-05 21:00:00+00:00,22,1.377,1.4632500000000002,1.4632500000000002,1.4632500000000002,-0.08625000000000016,0.005999999999999894,0.05745075000000001,True,1.6057231628829918,False,True,outside_p10_p90
0dcf81cb-5305-4e0b-b150-9b733ac44d0b,2025-10-05 00:00:00+00:00,2025-10-05 22:00:00+00:00,23,1.375,1.47075,1.47075,1.47075,-0.09575,0.0,0.04206877500000006,True,2.2760348976170537,False,True,outside_p10_p90
0dcf81cb-5305-4e0b-b150-9b733ac44d0b,2025-10-05 00:00:00+00:00,2025-10-05 23:00:00+00:00,24,1.377,1.4880000000000002,1.4880000000000002,1.4880000000000002,-0.11100000000000021,-0.004999999999999893,0.04484864999999983,True,2.363504810066763,False,True,outside_p10_p90
0dcf81cb-5305-4e0b-b150-9b733ac44d0b,2025-10-06 00:00:00+00:00,2025-10-06 00:00:00+00:00,1,1.3765,1.495,1.495,1.495,-0.11850000000000005,0.00012499999999998623,0.04651657499999989,True,2.550166257941396,False,True,outside_p10_p90
0dcf81cb-5305-4e0b-b150-9b733ac44d0b,2025-10-06 00:00:00+00:00,2025-10-06 01:00:00+00:00,2,1.3745,1.49575,1.49575,1.49575,-0.12124999999999986,-0.0022499999999999742,0.041883449999999996,True,2.841217712485478,False,True,outside_p10_p90
0dcf81cb-5305-4e0b-b150-9b733ac44d0b,2025-10-06 00:00:00+00:00,2025-10-06 02:00:00+00:00,3,1.3745000000000005,1.49675,1.49675,1.49675,-0.12224999999999953,0.0011250000000000981,0.042810074999999725,True,2.881915063218189,False,True,outside_p10_p90
0dcf81cb-5305-4e0b-b150-9b733ac44d0b,2025-10-06 00:00:00+00:00,2025-10-06 03:00:00+00:00,4,1.359,1.512,1.512,1.512,-0.15300000000000002,-0.00012499999999998623,0.03799162500000001,True,4.023913165072566,True,True,outside_p10_p90|large_residual
0dcf81cb-5305-4e0b-b150-9b733ac44d0b,2025-10-06 00:00:00+00:00,2025-10-06 04:00:00+00:00,5,1.3457500000000002,1.5225000000000002,1.5225000000000002,1.5225000000000002,-0.17674999999999996,0.000250000000000028,0.04262474999999991,True,4.1525170235602635,True,True,outside_p10_p90|large_residual
0dcf81cb-5305-4e0b-b150-9b733ac44d0b,2025-10-06 00:00:00+00:00,2025-10-06 05:00:00+00:00,6,1.344,1.51925,1.51925,1.51925,-0.1752499999999999,-0.0030000000000000027,0.03613837500000005,True,4.76640136696793,True,True,outside_p10_p90|large_residual
0dcf81cb-5305-4e0b-b150-9b733ac44d0b,2025-10-06 00:00:00+00:00,2025-10-06 06:00:00+00:00,7,1.306,1.51075,1.51075,1.51075,-0.20475,-0.005249999999999977,0.04818449999999996,True,4.140335585094796,True,True,outside_p10_p90|large_residual
0dcf81cb-5305-4e0b-b150-9b733ac44d0b,2025-10-06 00:00:00+00:00,2025-10-06 07:00:00+00:00,8,1.2927499999999998,1.47825,1.47825,1.47825,-0.18550000000000022,-0.004125000000000045,0.054856199999999966,True,3.3063719324342604,False,True,outside_p10_p90
0dcf81cb-5305-4e0b-b150-9b733ac44d0b,2025-10-06 00:00:00+00:00,2025-10-06 08:00:00+00:00,9,1.2927499999999998,1.47175,1.47175,1.47175,-0.17900000000000005,0.0011249999999999871,0.043922024999999934,True,4.101017655720571,True,True,outside_p10_p90|large_residual
0dcf81cb-5305-4e0b-b150-9b733ac44d0b,2025-10-06 00:00:00+00:00,2025-10-06 09:00:00+00:00,10,1.25775,1.469,1.469,1.469,-0.21125000000000016,0.0012499999999999734,0.03817694999999999,True,5.566185879175791,True,True,outside_p10_p90|large_residual
0dcf81cb-5305-4e0b-b150-9b733ac44d0b,2025-10-06 00:00:00+00:00,2025-10-06 10:00:00+00:00,11,1.30575,1.46325,1.46325,1.46325,-0.15749999999999997,-0.0007500000000000284,0.030949275000000047,True,5.064738996309274,True,True,outside_p10_p90|large_residual
0dcf81cb-5305-4e0b-b150-9b733ac44d0b,2025-10-06 00:00:00+00:00,2025-10-06 11:00:00+00:00,12,1.29925,1.4345,1.4345,1.4345,-0.1352500000000001,-0.0036249999999999893,0.04466332499999977,True,2.9470488370492074,False,True,outside_p10_p90
0dcf81cb-5305-4e0b-b150-9b733ac44d0b,2025-10-06 00:00:00+00:00,2025-10-06 12:00:00+00:00,13,1.2325000000000002,1.421,1.421,1.421,-0.1884999999999999,-0.005625000000000102,0.04540462500000043,True,4.027673392303054,True,True,outside_p10_p90|large_residual
0dcf81cb-5305-4e0b-b150-9b733ac44d0b,2025-10-06 00:00:00+00:00,2025-10-06 13:00:00+00:00,14,1.2055,1.402,1.402,1.402,-0.1964999999999999,-0.0011249999999998206,0.028910699999999942,True,6.757878570909749,True,True,outside_p10_p90|large_residual
0dcf81cb-5305-4e0b-b150-9b733ac44d0b,2025-10-06 00:00:00+00:00,2025-10-06 14:00:00+00:00,15,1.29075,1.399,1.399,1.399,-0.10824999999999996,0.0012499999999999734,0.04707255,True,2.326196477564949,False,True,outside_p10_p90
0dcf81cb-5305-4e0b-b150-9b733ac44d0b,2025-10-06 00:00:00+00:00,2025-10-06 15:00:00+00:00,16,1.274,1.4,1.4,1.4,-0.1259999999999999,-0.0007499999999999729,0.030763950000000068,True,4.071323740937027,True,True,outside_p10_p90|large_residual
0dcf81cb-5305-4e0b-b150-9b733ac44d0b,2025-10-06 00:00:00+00:00,2025-10-06 16:00:00+00:00,17,1.2295,1.402,1.402,1.402,-0.17249999999999988,-0.00024999999999997247,0.026872125,True,6.409988045232742,True,True,outside_p10_p90|large_residual
0dcf81cb-5305-4e0b-b150-9b733ac44d0b,2025-10-06 00:00:00+00:00,2025-10-06 17:00:00+00:00,18,1.22,1.3450000000000002,1.3450000000000002,1.3450000000000002,-0.12500000000000022,0.00012500000000004174,0.04948177499999998,True,2.528708802382298,False,True,outside_p10_p90
0dcf81cb-5305-4e0b-b150-9b733ac44d0b,2025-10-06 00:00:00+00:00,2025-10-06 18:00:00+00:00,19,1.22,1.41325,1.41325,1.41325,-0.19324999999999992,0.00037500000000012523,0.046145924999999935,True,4.195928459555211,True,True,outside_p10_p90|large_residual
0dcf81cb-5305-4e0b-b150-9b733ac44d0b,2025-10-06 00:00:00+00:00,2025-10-06 19:00:00+00:00,20,1.20175,1.42275,1.42275,1.42275,-0.22099999999999986,-0.0020000000000000018,0.0833962499999997,True,2.626017356895552,False,True,outside_p10_p90
0dcf81cb-5305-4e0b-b150-9b733ac44d0b,2025-10-06 00:00:00+00:00,2025-10-06 20:00:00+00:00,21,1.21125,1.3835,1.3835,1.3835,-0.17225000000000001,0.002875000000000072,0.05485620000000021,True,3.192437682522658,False,True,outside_p10_p90
0dcf81cb-5305-4e0b-b150-9b733ac44d0b,2025-10-06 00:00:00+00:00,2025-10-06 21:00:00+00:00,22,1.225,1.377,1.377,1.377,-0.1519999999999999,0.005999999999999894,0.05745075000000001,True,2.750181677349726,False,True,outside_p10_p90
0dcf81cb-5305-4e0b-b150-9b733ac44d0b,2025-10-06 00:00:00+00:00,2025-10-06 22:00:00+00:00,23,1.225,1.375,1.375,1.375,-0.1499999999999999,0.0,0.04206877500000006,True,3.565589917937941,True,True,outside_p10_p90|large_residual
0dcf81cb-5305-4e0b-b150-9b733ac44d0b,2025-10-06 00:00:00+00:00,2025-10-06 23:00:00+00:00,24,1.224,1.377,1.377,1.377,-0.15300000000000002,-0.004999999999999893,0.04484864999999983,True,3.299987848017737,False,True,outside_p10_p90
0dcf81cb-5305-4e0b-b150-9b733ac44d0b,2025-10-07 00:00:00+00:00,2025-10-07 00:00:00+00:00,1,1.22,1.3765,1.3765,1.3765,-0.15650000000000008,0.00012499999999998623,0.04651657499999989,True,3.3670793690206215,False,True,outside_p10_p90
0dcf81cb-5305-4e0b-b150-9b733ac44d0b,2025-10-07 00:00:00+00:00,2025-10-07 01:00:00+00:00,2,1.1949999999999998,1.3745,1.3745,1.3745,-0.17950000000000021,-0.0022499999999999742,0.041883449999999996,True,4.231981844857581,True,True,outside_p10_p90|large_residual
0dcf81cb-5305-4e0b-b150-9b733ac44d0b,2025-10-07 00:00:00+00:00,2025-10-07 02:00:00+00:00,3,1.16675,1.3745000000000005,1.3745000000000005,1.3745000000000005,-0.20775000000000055,0.0011250000000000981,0.042810074999999725,True,4.879108480889183,True,True,outside_p10_p90|large_residual
0dcf81cb-5305-4e0b-b150-9b733ac44d0b,2025-10-07 00:00:00+00:00,2025-10-07 03:00:00+00:00,4,1.15925,1.359,1.359,1.359,-0.1997500000000001,-0.00012499999999998623,0.03799162500000001,True,5.254447526264014,True,True,outside_p10_p90|large_residual
0dcf81cb-5305-4e0b-b150-9b733ac44d0b,2025-10-07 00:00:00+00:00,2025-10-07 04:00:00+00:00,5,1.158,1.3457500000000002,1.3457500000000002,1.3457500000000002,-0.1877500000000003,0.000250000000000028,0.04262474999999991,True,4.410583053273057,True,True,outside_p10_p90|large_residual
0dcf81cb-5305-4e0b-b150-9b733ac44d0b,2025-10-07 00:00:00+00:00,2025-10-07 05:00:00+00:00,6,1.1589999999999998,1.344,1.344,1.344,-0.18500000000000028,-0.0030000000000000027,0.03613837500000005,True,5.036197670758578,True,True,outside_p10_p90|large_residual
0dcf81cb-5305-4e0b-b150-9b733ac44d0b,2025-10-07 00:00:00+00:00,2025-10-07 06:00:00+00:00,7,1.1835,1.306,1.306,1.306,-0.12250000000000005,-0.005249999999999977,0.04818449999999996,True,2.4333551245732585,False,True,outside_p10_p90
0dcf81cb-5305-4e0b-b150-9b733ac44d0b,2025-10-07 00:00:00+00:00,2025-10-07 07:00:00+00:00,8,1.142,1.2927499999999998,1.2927499999999998,1.2927499999999998,-0.15074999999999994,-0.004125000000000045,0.054856199999999966,True,2.672897502925831,False,True,outside_p10_p90
0dcf81cb-5305-4e0b-b150-9b733ac44d0b,2025-10-07 00:00:00+00:00,2025-10-07 08:00:00+00:00,9,1.10575,1.2927499999999998,1.2927499999999998,1.2927499999999998,-0.18699999999999983,0.0011249999999999871,0.043922024999999934,True,4.283158620304963,True,True,outside_p10_p90|large_residual
0dcf81cb-5305-4e0b-b150-9b733ac44d0b,2025-10-07 00:00:00+00:00,2025-10-07 09:00:00+00:00,10,1.099,1.25775,1.25775,1.25775,-0.15874999999999995,0.0012499999999999734,0.03817694999999999,True,4.191010544320591,True,True,outside_p10_p90|large_residual
0dcf81cb-5305-4e0b-b150-9b733ac44d0b,2025-10-07 00:00:00+00:00,2025-10-07 10:00:00+00:00,11,1.101,1.30575,1.30575,1.30575,-0.20475,-0.0007500000000000284,0.030949275000000047,True,6.591430655483841,True,True,outside_p10_p90|large_residual
0dcf81cb-5305-4e0b-b150-9b733ac44d0b,2025-10-07 00:00:00+00:00,2025-10-07 11:00:00+00:00,12,1.15075,1.29925,1.29925,1.29925,-0.14850000000000008,-0.0036249999999999893,0.04466332499999977,True,3.243712822545138,False,True,outside_p10_p90
0dcf81cb-5305-4e0b-b150-9b733ac44d0b,2025-10-07 00:00:00+00:00,2025-10-07 12:00:00+00:00,13,1.1749999999999998,1.2325000000000002,1.2325000000000002,1.2325000000000002,-0.05750000000000033,-0.005625000000000102,0.04540462500000043,True,1.1425047558481045,False,True,outside_p10_p90
0dcf81cb-5305-4e0b-b150-9b733ac44d0b,2025-10-07 00:00:00+00:00,2025-10-07 13:00:00+00:00,14,1.16125,1.2055,1.2055,1.2055,-0.04425000000000012,-0.0011249999999998206,0.028910699999999942,True,1.4916622565347912,False,True,outside_p10_p90
0dcf81cb-5305-4e0b-b150-9b733ac44d0b,2025-10-07 00:00:00+00:00,2025-10-07 14:00:00+00:00,15,1.1095000000000002,1.29075,1.29075,1.29075,-0.1812499999999999,0.0012499999999999734,0.04707255,True,3.876994129274915,True,True,outside_p10_p90|large_residual
0dcf81cb-5305-4e0b-b150-9b733ac44d0b,2025-10-07 00:00:00+00:00,2025-10-07 15:00:00+00:00,16,1.1,1.274,1.274,1.274,-0.17399999999999993,-0.0007499999999999729,0.030763950000000068,True,5.631591521894932,True,True,outside_p10_p90|large_residual
0dcf81cb-5305-4e0b-b150-9b733ac44d0b,2025-10-07 00:00:00+00:00,2025-10-07 16:00:00+00:00,17,1.099,1.2295,1.2295,1.2295,-0.13050000000000006,-0.00024999999999997247,0.026872125,True,4.847030147411122,True,True,outside_p10_p90|large_residual
0dcf81cb-5305-4e0b-b150-9b733ac44d0b,2025-10-07 00:00:00+00:00,2025-10-07 17:00:00+00:00,18,1.126,1.22,1.22,1.22,-0.09400000000000008,0.00012500000000004174,0.04948177499999998,True,1.9022155126811875,False,True,outside_p10_p90
0dcf81cb-5305-4e0b-b150-9b733ac44d0b,2025-10-07 00:00:00+00:00,2025-10-07 18:00:00+00:00,19,1.15325,1.22,1.22,1.22,-0.06674999999999986,0.00037500000000012523,0.046145924999999935,True,1.4546246499555504,False,True,outside_p10_p90
0dcf81cb-5305-4e0b-b150-9b733ac44d0b,2025-10-07 00:00:00+00:00,2025-10-07 19:00:00+00:00,20,1.094,1.20175,1.20175,1.20175,-0.10775000000000001,-0.0020000000000000018,0.0833962499999997,True,1.2680426278160035,False,True,outside_p10_p90
0dcf81cb-5305-4e0b-b150-9b733ac44d0b,2025-10-07 00:00:00+00:00,2025-10-07 20:00:00+00:00,21,1.11225,1.21125,1.21125,1.21125,-0.09899999999999998,0.002875000000000072,0.05485620000000021,True,1.8571282735588623,False,True,outside_p10_p90
0dcf81cb-5305-4e0b-b150-9b733ac44d0b,2025-10-07 00:00:00+00:00,2025-10-07 21:00:00+00:00,22,1.15525,1.225,1.225,1.225,-0.06974999999999998,0.005999999999999894,0.05745075000000001,True,1.3185206459445675,False,True,outside_p10_p90
0dcf81cb-5305-4e0b-b150-9b733ac44d0b,2025-10-07 00:00:00+00:00,2025-10-07 22:00:00+00:00,23,1.164,1.225,1.225,1.225,-0.061000000000000165,0.0,0.04206877500000006,True,1.4500065666281008,False,True,outside_p10_p90
0dcf81cb-5305-4e0b-b150-9b733ac44d0b,2025-10-07 00:00:00+00:00,2025-10-07 23:00:00+00:00,24,1.1315,1.224,1.224,1.224,-0.09250000000000003,-0.004999999999999893,0.04484864999999983,True,1.9510063290645419,False,True,outside_p10_p90
0dcf81cb-5305-4e0b-b150-9b733ac44d0b,2025-10-08 00:00:00+00:00,2025-10-08 00:00:00+00:00,1,1.0635,1.22,1.22,1.22,-0.15650000000000008,0.00012499999999998623,0.04651657499999989,True,3.3670793690206215,False,True,outside_p10_p90
0dcf81cb-5305-4e0b-b150-9b733ac44d0b,2025-10-08 00:00:00+00:00,2025-10-08 01:00:00+00:00,2,1.1115,1.1949999999999998,1.1949999999999998,1.1949999999999998,-0.08349999999999991,-0.0022499999999999742,0.041883449999999996,True,1.9399070515919759,False,True,outside_p10_p90
0dcf81cb-5305-4e0b-b150-9b733ac44d0b,2025-10-08 00:00:00+00:00,2025-10-08 02:00:00+00:00,3,1.1335,1.16675,1.16675,1.16675,-0.03325,0.0011250000000000981,0.042810074999999725,True,0.802965189853097,False,True,outside_p10_p90
0dcf81cb-5305-4e0b-b150-9b733ac44d0b,2025-10-08 00:00:00+00:00,2025-10-08 03:00:00+00:00,4,1.136,1.15925,1.15925,1.15925,-0.023249999999999993,-0.00012499999999998623,0.03799162500000001,True,0.6086867829422933,False,True,outside_p10_p90
0dcf81cb-5305-4e0b-b150-9b733ac44d0b,2025-10-08 00:00:00+00:00,2025-10-08 04:00:00+00:00,5,1.135,1.158,1.158,1.158,-0.02299999999999991,0.000250000000000028,0.04262474999999991,True,0.5454577446202027,False,True,outside_p10_p90
0dcf81cb-5305-4e0b-b150-9b733ac44d0b,2025-10-08 00:00:00+00:00,2025-10-08 05:00:00+00:00,6,1.1095000000000002,1.1589999999999998,1.1589999999999998,1.1589999999999998,-0.049499999999999655,-0.0030000000000000027,0.03613837500000005,True,1.2867208334630318,False,True,outside_p10_p90
0dcf81cb-5305-4e0b-b150-9b733ac44d0b,2025-10-08 00:00:00+00:00,2025-10-08 06:00:00+00:00,7,1.1,1.1835,1.1835,1.1835,-0.08349999999999991,-0.005249999999999977,0.04818449999999996,True,1.6239662132013406,False,True,outside_p10_p90
0dcf81cb-5305-4e0b-b150-9b733ac44d0b,2025-10-08 00:00:00+00:00,2025-10-08 07:00:00+00:00,8,1.103,1.142,1.142,1.142,-0.038999999999999924,-0.004125000000000045,0.054856199999999966,True,0.6357531145066537,False,True,outside_p10_p90
0dcf81cb-5305-4e0b-b150-9b733ac44d0b,2025-10-08 00:00:00+00:00,2025-10-08 08:00:00+00:00,9,1.10675,1.10575,1.10575,1.10575,0.0009999999999998899,0.0011249999999999871,0.043922024999999934,True,0.0028459525716334217,False,True,outside_p10_p90
0dcf81cb-5305-4e0b-b150-9b733ac44d0b,2025-10-08 00:00:00+00:00,2025-10-08 09:00:00+00:00,10,1.103,1.099,1.099,1.099,0.0040000000000000036,0.0012499999999999734,0.03817694999999999,True,0.07203299373051097,False,True,outside_p10_p90
0dcf81cb-5305-4e0b-b150-9b733ac44d0b,2025-10-08 00:00:00+00:00,2025-10-08 10:00:00+00:00,11,1.097,1.101,1.101,1.101,-0.0040000000000000036,-0.0007500000000000284,0.030949275000000047,True,0.1050105374035408,False,True,outside_p10_p90
0dcf81cb-5305-4e0b-b150-9b733ac44d0b,2025-10-08 00:00:00+00:00,2025-10-08 11:00:00+00:00,12,1.096,1.15075,1.15075,1.15075,-0.054749999999999854,-0.0036249999999999893,0.04466332499999977,True,1.1446751893192038,False,True,outside_p10_p90
0dcf81cb-5305-4e0b-b150-9b733ac44d0b,2025-10-08 00:00:00+00:00,2025-10-08 12:00:00+00:00,13,1.10275,1.1749999999999998,1.1749999999999998,1.1749999999999998,-0.07224999999999993,-0.005625000000000102,0.04540462500000043,True,1.4673615298000853,False,True,outside_p10_p90
0dcf81cb-5305-4e0b-b150-9b733ac44d0b,2025-10-08 00:00:00+00:00,2025-10-08 13:00:00+00:00,14,1.10075,1.16125,1.16125,1.16125,-0.0605,-0.0011249999999998206,0.028910699999999942,True,2.0537378894319507,False,True,outside_p10_p90
0dcf81cb-5305-4e0b-b150-9b733ac44d0b,2025-10-08 00:00:00+00:00,2025-10-08 14:00:00+00:00,15,1.091,1.1095000000000002,1.1095000000000002,1.1095000000000002,-0.018500000000000183,0.0012499999999999734,0.04707255,True,0.41956511809961766,False,True,outside_p10_p90
0dcf81cb-5305-4e0b-b150-9b733ac44d0b,2025-10-08 00:00:00+00:00,2025-10-08 15:00:00+00:00,16,1.08525,1.1,1.1,1.1,-0.01475000000000004,-0.0007499999999999729,0.030763950000000068,True,0.4550781027793907,False,True,outside_p10_p90
0dcf81cb-5305-4e0b-b150-9b733ac44d0b,2025-10-08 00:00:00+00:00,2025-10-08 16:00:00+00:00,17,1.064,1.099,1.099,1.099,-0.03499999999999992,-0.00024999999999997247,0.026872125,True,1.2931615940309873,False,True,outside_p10_p90
0dcf81cb-5305-4e0b-b150-9b733ac44d0b,2025-10-08 00:00:00+00:00,2025-10-08 17:00:00+00:00,18,1.054,1.126,1.126,1.126,-0.07199999999999984,0.00012500000000004174,0.04948177499999998,True,1.4576073716029774,False,True,outside_p10_p90
0dcf81cb-5305-4e0b-b150-9b733ac44d0b,2025-10-08 00:00:00+00:00,2025-10-08 18:00:00+00:00,19,1.05675,1.15325,1.15325,1.15325,-0.09650000000000003,0.00037500000000012523,0.046145924999999935,True,2.0993186288930232,False,True,outside_p10_p90
0dcf81cb-5305-4e0b-b150-9b733ac44d0b,2025-10-08 00:00:00+00:00,2025-10-08 19:00:00+00:00,20,1.05825,1.094,1.094,1.094,-0.03575000000000017,-0.0020000000000000018,0.0833962499999997,True,0.4046944556859606,False,True,outside_p10_p90
0dcf81cb-5305-4e0b-b150-9b733ac44d0b,2025-10-08 00:00:00+00:00,2025-10-08 20:00:00+00:00,21,1.024,1.11225,1.11225,1.11225,-0.08824999999999994,0.002875000000000072,0.05485620000000021,True,1.6611613637109326,False,True,outside_p10_p90
0dcf81cb-5305-4e0b-b150-9b733ac44d0b,2025-10-08 00:00:00+00:00,2025-10-08 21:00:00+00:00,22,1.06425,1.15525,1.15525,1.15525,-0.09100000000000019,0.005999999999999894,0.05745075000000001,True,1.6884026753349621,False,True,outside_p10_p90
0dcf81cb-5305-4e0b-b150-9b733ac44d0b,2025-10-08 00:00:00+00:00,2025-10-08 22:00:00+00:00,23,1.122,1.164,1.164,1.164,-0.041999999999999815,0.0,0.04206877500000006,True,0.9983651770226197,False,True,outside_p10_p90
0dcf81cb-5305-4e0b-b150-9b733ac44d0b,2025-10-08 00:00:00+00:00,2025-10-08 23:00:00+00:00,24,1.117,1.1315,1.1315,1.1315,-0.014499999999999957,-0.004999999999999893,0.04484864999999983,True,0.21182354429843708,False,True,outside_p10_p90
0dcf81cb-5305-4e0b-b150-9b733ac44d0b,2025-10-09 00:00:00+00:00,2025-10-09 00:00:00+00:00,1,1.0785,1.0635,1.0635,1.0635,0.015000000000000124,0.00012499999999998623,0.04651657499999989,True,0.31977848756062055,False,True,outside_p10_p90
0dcf81cb-5305-4e0b-b150-9b733ac44d0b,2025-10-09 00:00:00+00:00,2025-10-09 01:00:00+00:00,2,1.069,1.1115,1.1115,1.1115,-0.04249999999999998,-0.0022499999999999742,0.041883449999999996,True,0.9610001086347951,False,True,outside_p10_p90
0dcf81cb-5305-4e0b-b150-9b733ac44d0b,2025-10-09 00:00:00+00:00,2025-10-09 02:00:00+00:00,3,1.066,1.1335,1.1335,1.1335,-0.0674999999999999,0.0011250000000000981,0.042810074999999725,True,1.6030105062885414,False,True,outside_p10_p90
0dcf81cb-5305-4e0b-b150-9b733ac44d0b,2025-10-09 00:00:00+00:00,2025-10-09 03:00:00+00:00,4,1.06725,1.136,1.136,1.136,-0.06874999999999987,-0.00012499999999998623,0.03799162500000001,True,1.8063191558665854,False,True,outside_p10_p90
0dcf81cb-5305-4e0b-b150-9b733ac44d0b,2025-10-09 00:00:00+00:00,2025-10-09 04:00:00+00:00,5,1.066,1.135,1.135,1.135,-0.06899999999999995,0.000250000000000028,0.04262474999999991,True,1.624642959782758,False,True,outside_p10_p90
0dcf81cb-5305-4e0b-b150-9b733ac44d0b,2025-10-09 00:00:00+00:00,2025-10-09 05:00:00+00:00,6,1.06825,1.1095000000000002,1.1095000000000002,1.1095000000000002,-0.04125000000000023,-0.0030000000000000027,0.03613837500000005,True,1.058431653332508,False,True,outside_p10_p90
0dcf81cb-5305-4e0b-b150-9b733ac44d0b,2025-10-09 00:00:00+00:00,2025-10-09 06:00:00+00:00,7,1.1065,1.1,1.1,1.1,0.00649999999999995,-0.005249999999999977,0.04818449999999996,True,0.2438543515030754,False,True,outside_p10_p90
0dcf81cb-5305-4e0b-b150-9b733ac44d0b,2025-10-09 00:00:00+00:00,2025-10-09 07:00:00+00:00,8,1.10475,1.103,1.103,1.103,0.0017499999999999183,-0.004125000000000045,0.054856199999999966,True,0.10709819491689121,False,True,outside_p10_p90
0dcf81cb-5305-4e0b-b150-9b733ac44d0b,2025-10-09 00:00:00+00:00,2025-10-09 08:00:00+00:00,9,1.0565,1.10675,1.10675,1.10675,-0.050249999999999906,0.0011249999999999871,0.043922024999999934,True,1.1696865069404239,False,True,outside_p10_p90
0dcf81cb-5305-4e0b-b150-9b733ac44d0b,2025-10-09 00:00:00+00:00,2025-10-09 09:00:00+00:00,10,1.046,1.103,1.103,1.103,-0.05699999999999994,0.0012499999999999734,0.03817694999999999,True,1.5257897762917134,False,True,outside_p10_p90
0dcf81cb-5305-4e0b-b150-9b733ac44d0b,2025-10-09 00:00:00+00:00,2025-10-09 10:00:00+00:00,11,1.051,1.097,1.097,1.097,-0.04600000000000004,-0.0007500000000000284,0.030949275000000047,True,1.4620697900031565,False,True,outside_p10_p90
0dcf81cb-5305-4e0b-b150-9b733ac44d0b,2025-10-09 00:00:00+00:00,2025-10-09 11:00:00+00:00,12,1.05,1.096,1.096,1.096,-0.04600000000000004,-0.0036249999999999893,0.04466332499999977,True,0.9487650102181213,False,True,outside_p10_p90
0dcf81cb-5305-4e0b-b150-9b733ac44d0b,2025-10-09 00:00:00+00:00,2025-10-09 12:00:00+00:00,13,1.0459999999999998,1.10275,1.10275,1.10275,-0.05675000000000008,-0.005625000000000102,0.04540462500000043,True,1.1259866147996926,False,True,outside_p10_p90
0dcf81cb-5305-4e0b-b150-9b733ac44d0b,2025-10-09 00:00:00+00:00,2025-10-09 13:00:00+00:00,14,1.0459999999999998,1.10075,1.10075,1.10075,-0.054750000000000076,-0.0011249999999998206,0.028910699999999942,True,1.8548495885606493,False,True,outside_p10_p90
0dcf81cb-5305-4e0b-b150-9b733ac44d0b,2025-10-09 00:00:00+00:00,2025-10-09 14:00:00+00:00,15,1.048,1.091,1.091,1.091,-0.04299999999999993,0.0012499999999999734,0.04707255,True,0.9400383025776148,False,True,outside_p10_p90
0dcf81cb-5305-4e0b-b150-9b733ac44d0b,2025-10-09 00:00:00+00:00,2025-10-09 15:00:00+00:00,16,1.0479999999999998,1.08525,1.08525,1.08525,-0.03725000000000023,-0.0007499999999999729,0.030763950000000068,True,1.1864536251034141,False,True,outside_p10_p90
0dcf81cb-5305-4e0b-b150-9b733ac44d0b,2025-10-09 00:00:00+00:00,2025-10-09 16:00:00+00:00,17,1.0479999999999998,1.064,1.064,1.064,-0.016000000000000236,-0.00024999999999997247,0.026872125,True,0.5861092116831201,False,True,outside_p10_p90
0dcf81cb-5305-4e0b-b150-9b733ac44d0b,2025-10-09 00:00:00+00:00,2025-10-09 17:00:00+00:00,18,1.0499999999999998,1.054,1.054,1.054,-0.004000000000000226,0.00012500000000004174,0.04948177499999998,True,0.0833640264521689,False,True,outside_p10_p90
0dcf81cb-5305-4e0b-b150-9b733ac44d0b,2025-10-09 00:00:00+00:00,2025-10-09 18:00:00+00:00,19,1.0459999999999998,1.05675,1.05675,1.05675,-0.01075000000000026,0.00037500000000012523,0.046145924999999935,True,0.24108304254385193,False,True,outside_p10_p90
0dcf81cb-5305-4e0b-b150-9b733ac44d0b,2025-10-09 00:00:00+00:00,2025-10-09 19:00:00+00:00,20,0.94175,1.05825,1.05825,1.05825,-0.11649999999999994,-0.0020000000000000018,0.0833962499999997,True,1.3729634126234735,False,True,outside_p10_p90
0dcf81cb-5305-4e0b-b150-9b733ac44d0b,2025-10-09 00:00:00+00:00,2025-10-09 20:00:00+00:00,21,1.00225,1.024,1.024,1.024,-0.021749999999999936,0.002875000000000072,0.05485620000000021,True,0.4489009446516513,False,True,outside_p10_p90
0dcf81cb-5305-4e0b-b150-9b733ac44d0b,2025-10-09 00:00:00+00:00,2025-10-09 21:00:00+00:00,22,1.0635,1.06425,1.06425,1.06425,-0.0007500000000000284,0.005999999999999894,0.05745075000000001,True,0.11749193874753457,False,True,outside_p10_p90
0dcf81cb-5305-4e0b-b150-9b733ac44d0b,2025-10-09 00:00:00+00:00,2025-10-09 22:00:00+00:00,23,1.074,1.122,1.122,1.122,-0.04800000000000004,0.0,0.04206877500000006,True,1.1409887737401427,False,True,outside_p10_p90
0dcf81cb-5305-4e0b-b150-9b733ac44d0b,2025-10-09 00:00:00+00:00,2025-10-09 23:00:00+00:00,24,1.0585,1.117,1.117,1.117,-0.058499999999999996,-0.004999999999999893,0.04484864999999983,True,1.1929010126280346,False,True,outside_p10_p90
0dcf81cb-5305-4e0b-b150-9b733ac44d0b,2025-10-10 00:00:00+00:00,2025-10-10 00:00:00+00:00,1,1.026,1.0785,1.0785,1.0785,-0.05249999999999999,0.00012499999999998623,0.04651657499999989,True,1.1313171702774785,False,True,outside_p10_p90
0dcf81cb-5305-4e0b-b150-9b733ac44d0b,2025-10-10 00:00:00+00:00,2025-10-10 01:00:00+00:00,2,1.012,1.069,1.069,1.069,-0.05699999999999994,-0.0022499999999999742,0.041883449999999996,True,1.3071989055342854,False,True,outside_p10_p90
0dcf81cb-5305-4e0b-b150-9b733ac44d0b,2025-10-10 00:00:00+00:00,2025-10-10 02:00:00+00:00,3,1.012,1.066,1.066,1.066,-0.05400000000000005,0.0011250000000000981,0.042810074999999725,True,1.2876641771826025,False,True,outside_p10_p90
0dcf81cb-5305-4e0b-b150-9b733ac44d0b,2025-10-10 00:00:00+00:00,2025-10-10 03:00:00+00:00,4,1.0165,1.06725,1.06725,1.06725,-0.05075000000000007,-0.00012499999999998623,0.03799162500000001,True,1.3325305248196169,False,True,outside_p10_p90
0dcf81cb-5305-4e0b-b150-9b733ac44d0b,2025-10-10 00:00:00+00:00,2025-10-10 04:00:00+00:00,5,1.038,1.066,1.066,1.066,-0.028000000000000025,0.000250000000000028,0.04262474999999991,True,0.662760485398744,False,True,outside_p10_p90
0dcf81cb-5305-4e0b-b150-9b733ac44d0b,2025-10-10 00:00:00+00:00,2025-10-10 05:00:00+00:00,6,1.043,1.06825,1.06825,1.06825,-0.025249999999999995,-0.0030000000000000027,0.03613837500000005,True,0.6156890009581217,False,True,outside_p10_p90
0dcf81cb-5305-4e0b-b150-9b733ac44d0b,2025-10-10 00:00:00+00:00,2025-10-10 06:00:00+00:00,7,1.03825,1.1065,1.1065,1.1065,-0.06825000000000014,-0.005249999999999977,0.04818449999999996,True,1.3074743952930967,False,True,outside_p10_p90
0dcf81cb-5305-4e0b-b150-9b733ac44d0b,2025-10-10 00:00:00+00:00,2025-10-10 07:00:00+00:00,8,1.052,1.10475,1.10475,1.10475,-0.05274999999999985,-0.004125000000000045,0.054856199999999966,True,0.886408464312144,False,True,outside_p10_p90
0dcf81cb-5305-4e0b-b150-9b733ac44d0b,2025-10-10 00:00:00+00:00,2025-10-10 08:00:00+00:00,9,1.08175,1.0565,1.0565,1.0565,0.025249999999999995,0.0011249999999999871,0.043922024999999934,True,0.5492688463248232,False,True,outside_p10_p90
0dcf81cb-5305-4e0b-b150-9b733ac44d0b,2025-10-10 00:00:00+00:00,2025-10-10 09:00:00+00:00,10,1.0739999999999998,1.046,1.046,1.046,0.027999999999999803,0.0012499999999999734,0.03817694999999999,True,0.7006845753785946,False,True,outside_p10_p90
0dcf81cb-5305-4e0b-b150-9b733ac44d0b,2025-10-10 00:00:00+00:00,2025-10-10 10:00:00+00:00,11,1.03825,1.051,1.051,1.051,-0.012750000000000039,-0.0007500000000000284,0.030949275000000047,True,0.38773121502846164,False,True,outside_p10_p90
0dcf81cb-5305-4e0b-b150-9b733ac44d0b,2025-10-10 00:00:00+00:00,2025-10-10 11:00:00+00:00,12,1.03575,1.05,1.05,1.05,-0.014250000000000096,-0.0036249999999999893,0.04466332499999977,True,0.23789093176560772,False,True,outside_p10_p90
0dcf81cb-5305-4e0b-b150-9b733ac44d0b,2025-10-10 00:00:00+00:00,2025-10-10 12:00:00+00:00,13,1.0375,1.0459999999999998,1.0459999999999998,1.0459999999999998,-0.00849999999999973,-0.005625000000000102,0.04540462500000043,True,0.06331954068554912,False,True,outside_p10_p90
0dcf81cb-5305-4e0b-b150-9b733ac44d0b,2025-10-10 00:00:00+00:00,2025-10-10 13:00:00+00:00,14,1.028,1.0459999999999998,1.0459999999999998,1.0459999999999998,-0.017999999999999794,-0.0011249999999998206,0.028910699999999942,True,0.5836939264701306,False,True,outside_p10_p90
0dcf81cb-5305-4e0b-b150-9b733ac44d0b,2025-10-10 00:00:00+00:00,2025-10-10 14:00:00+00:00,15,1.026,1.048,1.048,1.048,-0.02200000000000002,0.0012499999999999734,0.04707255,True,0.49391843016790027,False,True,outside_p10_p90
0dcf81cb-5305-4e0b-b150-9b733ac44d0b,2025-10-10 00:00:00+00:00,2025-10-10 15:00:00+00:00,16,1.0355,1.0479999999999998,1.0479999999999998,1.0479999999999998,-0.012499999999999734,-0.0007499999999999729,0.030763950000000068,True,0.381940550546979,False,True,outside_p10_p90
0dcf81cb-5305-4e0b-b150-9b733ac44d0b,2025-10-10 00:00:00+00:00,2025-10-10 16:00:00+00:00,17,1.03175,1.0479999999999998,1.0479999999999998,1.0479999999999998,-0.016249999999999876,-0.00024999999999997247,0.026872125,True,0.5954125325034735,False,True,outside_p10_p90
0dcf81cb-5305-4e0b-b150-9b733ac44d0b,2025-10-10 00:00:00+00:00,2025-10-10 17:00:00+00:00,18,1.029,1.0499999999999998,1.0499999999999998,1.0499999999999998,-0.020999999999999908,0.00012500000000004174,0.04948177499999998,True,0.4269248627398665,False,True,outside_p10_p90
0dcf81cb-5305-4e0b-b150-9b733ac44d0b,2025-10-10 00:00:00+00:00,2025-10-10 18:00:00+00:00,19,1.027,1.0459999999999998,1.0459999999999998,1.0459999999999998,-0.018999999999999906,0.00037500000000012523,0.046145924999999935,True,0.4198637257786047,False,True,outside_p10_p90
0dcf81cb-5305-4e0b-b150-9b733ac44d0b,2025-10-10 00:00:00+00:00,2025-10-10 19:00:00+00:00,20,0.89775,0.94175,0.94175,0.94175,-0.04399999999999993,-0.0020000000000000018,0.0833962499999997,True,0.5036197670758586,False,True,outside_p10_p90
0dcf81cb-5305-4e0b-b150-9b733ac44d0b,2025-10-10 00:00:00+00:00,2025-10-10 20:00:00+00:00,21,0.95825,1.00225,1.00225,1.00225,-0.04400000000000004,0.002875000000000072,0.05485620000000021,True,0.8545068743369014,False,True,outside_p10_p90
0dcf81cb-5305-4e0b-b150-9b733ac44d0b,2025-10-10 00:00:00+00:00,2025-10-10 21:00:00+00:00,22,1.04025,1.0635,1.0635,1.0635,-0.023249999999999993,0.005999999999999894,0.05745075000000001,True,0.5091317345726537,False,True,outside_p10_p90
0dcf81cb-5305-4e0b-b150-9b733ac44d0b,2025-10-10 00:00:00+00:00,2025-10-10 22:00:00+00:00,23,1.058,1.074,1.074,1.074,-0.016000000000000014,0.0,0.04206877500000006,True,0.3803295912467143,False,True,outside_p10_p90
0dcf81cb-5305-4e0b-b150-9b733ac44d0b,2025-10-10 00:00:00+00:00,2025-10-10 23:00:00+00:00,24,1.0415,1.0585,1.0585,1.0585,-0.016999999999999904,-0.004999999999999893,0.04484864999999983,True,0.26756658227170843,False,True,outside_p10_p90
0dcf81cb-5305-4e0b-b150-9b733ac44d0b,2025-10-11 00:00:00+00:00,2025-10-11 00:00:00+00:00,1,1.004,1.026,1.026,1.026,-0.02200000000000002,0.00012499999999998623,0.04651657499999989,True,0.475636910069154,False,True,outside_p10_p90
0dcf81cb-5305-4e0b-b150-9b733ac44d0b,2025-10-11 00:00:00+00:00,2025-10-11 01:00:00+00:00,2,0.9955,1.012,1.012,1.012,-0.01649999999999996,-0.0022499999999999742,0.041883449999999996,True,0.34022985212536183,False,True,outside_p10_p90
0dcf81cb-5305-4e0b-b150-9b733ac44d0b,2025-10-11 00:00:00+00:00,2025-10-11 02:00:00+00:00,3,0.99625,1.012,1.012,1.012,-0.015750000000000042,0.0011250000000000981,0.042810074999999725,True,0.39418291138243156,False,True,outside_p10_p90
0dcf81cb-5305-4e0b-b150-9b733ac44d0b,2025-10-11 00:00:00+00:00,2025-10-11 03:00:00+00:00,4,0.996,1.0165,1.0165,1.0165,-0.020499999999999963,-0.00012499999999998623,0.03799162500000001,True,0.5363024087545603,False,True,outside_p10_p90
0dcf81cb-5305-4e0b-b150-9b733ac44d0b,2025-10-11 00:00:00+00:00,2025-10-11 04:00:00+00:00,5,1.00775,1.038,1.038,1.038,-0.03025000000000011,0.000250000000000028,0.04262474999999991,True,0.7155467187490883,False,True,outside_p10_p90
0dcf81cb-5305-4e0b-b150-9b733ac44d0b,2025-10-11 00:00:00+00:00,2025-10-11 05:00:00+00:00,6,1.027,1.043,1.043,1.043,-0.016000000000000014,-0.0030000000000000027,0.03613837500000005,True,0.3597284050541839,False,True,outside_p10_p90
0dcf81cb-5305-4e0b-b150-9b733ac44d0b,2025-10-11 00:00:00+00:00,2025-10-11 06:00:00+00:00,7,1.02525,1.03825,1.03825,1.03825,-0.0129999999999999,-0.005249999999999977,0.04818449999999996,True,0.16084010418287895,False,True,outside_p10_p90
0dcf81cb-5305-4e0b-b150-9b733ac44d0b,2025-10-11 00:00:00+00:00,2025-10-11 07:00:00+00:00,8,1.005,1.052,1.052,1.052,-0.04700000000000015,-0.004125000000000045,0.054856199999999966,True,0.7815889543934894,False,True,outside_p10_p90
0dcf81cb-5305-4e0b-b150-9b733ac44d0b,2025-10-11 00:00:00+00:00,2025-10-11 08:00:00+00:00,9,1.0665,1.08175,1.08175,1.08175,-0.015249999999999986,0.0011249999999999871,0.043922024999999934,True,0.37281978688368755,False,True,outside_p10_p90
0dcf81cb-5305-4e0b-b150-9b733ac44d0b,2025-10-11 00:00:00+00:00,2025-10-11 09:00:00+00:00,10,1.05,1.0739999999999998,1.0739999999999998,1.0739999999999998,-0.0239999999999998,0.0012499999999999734,0.03817694999999999,True,0.6613938515255876,False,True,outside_p10_p90
0dcf81cb-5305-4e0b-b150-9b733ac44d0b,2025-10-11 00:00:00+00:00,2025-10-11 10:00:00+00:00,11,1.0405,1.03825,1.03825,1.03825,0.0022500000000000853,-0.0007500000000000284,0.030949275000000047,True,0.096932803757119,False,True,outside_p10_p90
0dcf81cb-5305-4e0b-b150-9b733ac44d0b,2025-10-11 00:00:00+00:00,2025-10-11 11:00:00+00:00,12,1.03475,1.03575,1.03575,1.03575,-0.0009999999999998899,-0.0036249999999999893,0.04466332499999977,True,0.058773053730328255,False,True,outside_p10_p90
0dcf81cb-5305-4e0b-b150-9b733ac44d0b,2025-10-11 00:00:00+00:00,2025-10-11 12:00:00+00:00,13,1.03175,1.0375,1.0375,1.0375,-0.005750000000000144,-0.005625000000000102,0.04540462500000043,True,0.0027530235080686287,False,True,outside_p10_p90
0dcf81cb-5305-4e0b-b150-9b733ac44d0b,2025-10-11 00:00:00+00:00,2025-10-11 13:00:00+00:00,14,1.0165,1.028,1.028,1.028,-0.011500000000000066,-0.0011249999999998206,0.028910699999999942,True,0.35886367331127456,False,True,outside_p10_p90
0dcf81cb-5305-4e0b-b150-9b733ac44d0b,2025-10-11 00:00:00+00:00,2025-10-11 14:00:00+00:00,15,1.01375,1.026,1.026,1.026,-0.012250000000000094,0.0012499999999999734,0.04707255,True,0.28679134654910493,False,True,outside_p10_p90
0dcf81cb-5305-4e0b-b150-9b733ac44d0b,2025-10-11 00:00:00+00:00,2025-10-11 15:00:00+00:00,16,1.0107499999999998,1.0355,1.0355,1.0355,-0.024750000000000272,-0.0007499999999999729,0.030763950000000068,True,0.7801338904789614,False,True,outside_p10_p90
0dcf81cb-5305-4e0b-b150-9b733ac44d0b,2025-10-11 00:00:00+00:00,2025-10-11 16:00:00+00:00,17,1.008,1.03175,1.03175,1.03175,-0.023749999999999938,-0.00024999999999997247,0.026872125,True,0.8745121571144807,False,True,outside_p10_p90
0dcf81cb-5305-4e0b-b150-9b733ac44d0b,2025-10-11 00:00:00+00:00,2025-10-11 17:00:00+00:00,18,0.90425,1.029,1.029,1.029,-0.12474999999999992,0.00012500000000004174,0.04948177499999998,True,2.5236564371427663,False,True,outside_p10_p90
0dcf81cb-5305-4e0b-b150-9b733ac44d0b,2025-10-11 00:00:00+00:00,2025-10-11 18:00:00+00:00,19,0.93125,1.027,1.027,1.027,-0.09574999999999989,0.00037500000000012523,0.046145924999999935,True,2.083065839508042,False,True,outside_p10_p90
0dcf81cb-5305-4e0b-b150-9b733ac44d0b,2025-10-11 00:00:00+00:00,2025-10-11 19:00:00+00:00,20,1.024,0.89775,0.89775,0.89775,0.12624999999999997,-0.0020000000000000018,0.0833962499999997,True,1.5378389316066423,False,True,outside_p10_p90
0dcf81cb-5305-4e0b-b150-9b733ac44d0b,2025-10-11 00:00:00+00:00,2025-10-11 20:00:00+00:00,21,1.0459999999999998,0.95825,0.95825,0.95825,0.08774999999999977,0.002875000000000072,0.05485620000000021,True,1.5472271137993403,False,True,outside_p10_p90
0dcf81cb-5305-4e0b-b150-9b733ac44d0b,2025-10-11 00:00:00+00:00,2025-10-11 21:00:00+00:00,22,1.04425,1.04025,1.04025,1.04025,0.0040000000000000036,0.005999999999999894,0.05745075000000001,True,0.034812426295564296,False,True,outside_p10_p90
0dcf81cb-5305-4e0b-b150-9b733ac44d0b,2025-10-11 00:00:00+00:00,2025-10-11 22:00:00+00:00,23,1.002,1.058,1.058,1.058,-0.05600000000000005,0.0,0.04206877500000006,True,1.3311535693635,False,True,outside_p10_p90
0dcf81cb-5305-4e0b-b150-9b733ac44d0b,2025-10-11 00:00:00+00:00,2025-10-11 23:00:00+00:00,24,0.99,1.0415,1.0415,1.0415,-0.0515000000000001,-0.004999999999999893,0.04484864999999983,True,1.036820506302874,False,True,outside_p10_p90
0dcf81cb-5305-4e0b-b150-9b733ac44d0b,2025-10-12 00:00:00+00:00,2025-10-12 00:00:00+00:00,1,0.99,1.004,1.004,1.004,-0.014000000000000012,0.00012499999999998623,0.04651657499999989,True,0.30365520247352756,False,True,outside_p10_p90
0dcf81cb-5305-4e0b-b150-9b733ac44d0b,2025-10-12 00:00:00+00:00,2025-10-12 01:00:00+00:00,2,1.002,0.9955,0.9955,0.9955,0.00649999999999995,-0.0022499999999999742,0.041883449999999996,True,0.20891306709451885,False,True,outside_p10_p90
0dcf81cb-5305-4e0b-b150-9b733ac44d0b,2025-10-12 00:00:00+00:00,2025-10-12 02:00:00+00:00,3,1.026,0.99625,0.99625,0.99625,0.029750000000000054,0.0011250000000000981,0.042810074999999725,True,0.6686510126413032,False,True,outside_p10_p90
0dcf81cb-5305-4e0b-b150-9b733ac44d0b,2025-10-12 00:00:00+00:00,2025-10-12 03:00:00+00:00,4,1.032,0.996,0.996,0.996,0.03600000000000003,-0.00012499999999998623,0.03799162500000001,True,0.9508674609206638,False,True,outside_p10_p90
0dcf81cb-5305-4e0b-b150-9b733ac44d0b,2025-10-12 00:00:00+00:00,2025-10-12 04:00:00+00:00,5,1.03275,1.00775,1.00775,1.00775,0.025000000000000133,0.000250000000000028,0.04262474999999991,True,0.5806485668537682,False,True,outside_p10_p90
0dcf81cb-5305-4e0b-b150-9b733ac44d0b,2025-10-12 00:00:00+00:00,2025-10-12 05:00:00+00:00,6,1.03275,1.027,1.027,1.027,0.005750000000000144,-0.0030000000000000027,0.03613837500000005,True,0.24212488801724302,False,True,outside_p10_p90
0dcf81cb-5305-4e0b-b150-9b733ac44d0b,2025-10-12 00:00:00+00:00,2025-10-12 06:00:00+00:00,7,1.02825,1.02525,1.02525,1.02525,0.0030000000000001137,-0.005249999999999977,0.04818449999999996,True,0.17121688509790697,False,True,outside_p10_p90
0dcf81cb-5305-4e0b-b150-9b733ac44d0b,2025-10-12 00:00:00+00:00,2025-10-12 07:00:00+00:00,8,0.98575,1.005,1.005,1.005,-0.01924999999999988,-0.004125000000000045,0.054856199999999966,True,0.27572088478603773,False,True,outside_p10_p90
0dcf81cb-5305-4e0b-b150-9b733ac44d0b,2025-10-12 00:00:00+00:00,2025-10-12 08:00:00+00:00,9,1.03375,1.0665,1.0665,1.0665,-0.03275000000000006,0.0011249999999999871,0.043922024999999934,True,0.7712531469120583,False,True,outside_p10_p90
0dcf81cb-5305-4e0b-b150-9b733ac44d0b,2025-10-12 00:00:00+00:00,2025-10-12 09:00:00+00:00,10,1.0539999999999998,1.05,1.05,1.05,0.0039999999999997815,0.0012499999999999734,0.03817694999999999,True,0.07203299373050516,False,True,outside_p10_p90
0dcf81cb-5305-4e0b-b150-9b733ac44d0b,2025-10-12 00:00:00+00:00,2025-10-12 10:00:00+00:00,11,1.051,1.0405,1.0405,1.0405,0.010499999999999954,-0.0007500000000000284,0.030949275000000047,True,0.3634980140891819,False,True,outside_p10_p90
0dcf81cb-5305-4e0b-b150-9b733ac44d0b,2025-10-12 00:00:00+00:00,2025-10-12 11:00:00+00:00,12,1.04725,1.03475,1.03475,1.03475,0.012499999999999956,-0.0036249999999999893,0.04466332499999977,True,0.36103447291485863,False,True,outside_p10_p90
0dcf81cb-5305-4e0b-b150-9b733ac44d0b,2025-10-12 00:00:00+00:00,2025-10-12 12:00:00+00:00,13,1.0415,1.03175,1.03175,1.03175,0.009750000000000147,-0.005625000000000102,0.04540462500000043,True,0.33862189149233374,False,True,outside_p10_p90
0dcf81cb-5305-4e0b-b150-9b733ac44d0b,2025-10-12 00:00:00+00:00,2025-10-12 13:00:00+00:00,14,1.04225,1.0165,1.0165,1.0165,0.02574999999999994,-0.0011249999999998206,0.028910699999999942,True,0.9295866236376087,False,True,outside_p10_p90
0dcf81cb-5305-4e0b-b150-9b733ac44d0b,2025-10-12 00:00:00+00:00,2025-10-12 14:00:00+00:00,15,1.0425,1.01375,1.01375,1.01375,0.028750000000000053,0.0012499999999999734,0.04707255,True,0.5842045948222495,False,True,outside_p10_p90
0dcf81cb-5305-4e0b-b150-9b733ac44d0b,2025-10-12 00:00:00+00:00,2025-10-12 15:00:00+00:00,16,1.0365,1.0107499999999998,1.0107499999999998,1.0107499999999998,0.02575000000000016,-0.0007499999999999729,0.030763950000000068,True,0.8613978374038469,False,True,outside_p10_p90
0dcf81cb-5305-4e0b-b150-9b733ac44d0b,2025-10-12 00:00:00+00:00,2025-10-12 16:00:00+00:00,17,0.99275,1.008,1.008,1.008,-0.015249999999999986,-0.00024999999999997247,0.026872125,True,0.5581992492220103,False,True,outside_p10_p90
0dcf81cb-5305-4e0b-b150-9b733ac44d0b,2025-10-12 00:00:00+00:00,2025-10-12 17:00:00+00:00,18,0.833,0.90425,0.90425,0.90425,-0.07125000000000004,0.00012500000000004174,0.04948177499999998,True,1.4424502758844062,False,True,outside_p10_p90
0dcf81cb-5305-4e0b-b150-9b733ac44d0b,2025-10-12 00:00:00+00:00,2025-10-12 18:00:00+00:00,19,0.91225,0.93125,0.93125,0.93125,-0.019000000000000017,0.00037500000000012523,0.046145924999999935,True,0.4198637257786071,False,True,outside_p10_p90
0dcf81cb-5305-4e0b-b150-9b733ac44d0b,2025-10-12 00:00:00+00:00,2025-10-12 19:00:00+00:00,20,1.05675,1.024,1.024,1.024,0.03275000000000006,-0.0020000000000000018,0.0833962499999997,True,0.41668540252109876,False,True,outside_p10_p90
0dcf81cb-5305-4e0b-b150-9b733ac44d0b,2025-10-12 00:00:00+00:00,2025-10-12 20:00:00+00:00,21,1.03825,1.0459999999999998,1.0459999999999998,1.0459999999999998,-0.007749999999999924,0.002875000000000072,0.05485620000000021,True,0.1936882248496971,False,True,outside_p10_p90
0dcf81cb-5305-4e0b-b150-9b733ac44d0b,2025-10-12 00:00:00+00:00,2025-10-12 21:00:00+00:00,22,0.99175,1.04425,1.04425,1.04425,-0.05249999999999988,0.005999999999999894,0.05745075000000001,True,1.0182634691453074,False,True,outside_p10_p90
0dcf81cb-5305-4e0b-b150-9b733ac44d0b,2025-10-12 00:00:00+00:00,2025-10-12 22:00:00+00:00,23,0.985,1.002,1.002,1.002,-0.017000000000000015,0.0,0.04206877500000006,True,0.40410019069963393,False,True,outside_p10_p90
0dcf81cb-5305-4e0b-b150-9b733ac44d0b,2025-10-12 00:00:00+00:00,2025-10-12 23:00:00+00:00,24,0.983,0.99,0.99,0.99,-0.007000000000000006,-0.004999999999999893,0.04484864999999983,True,0.04459443037862055,False,True,outside_p10_p90
0dcf81cb-5305-4e0b-b150-9b733ac44d0b,2025-10-13 00:00:00+00:00,2025-10-13 00:00:00+00:00,1,0.99925,0.99,0.99,0.99,0.00924999999999998,0.00012499999999998623,0.04651657499999989,True,0.19616663522626107,False,True,outside_p10_p90
0dcf81cb-5305-4e0b-b150-9b733ac44d0b,2025-10-13 00:00:00+00:00,2025-10-13 01:00:00+00:00,2,1.004,1.002,1.002,1.002,0.0020000000000000018,-0.0022499999999999742,0.041883449999999996,True,0.10147206116019516,False,True,outside_p10_p90
0dcf81cb-5305-4e0b-b150-9b733ac44d0b,2025-10-13 00:00:00+00:00,2025-10-13 02:00:00+00:00,3,1.003,1.026,1.026,1.026,-0.02300000000000013,0.0011250000000000981,0.042810074999999725,True,0.5635355696059954,False,True,outside_p10_p90
0dcf81cb-5305-4e0b-b150-9b733ac44d0b,2025-10-13 00:00:00+00:00,2025-10-13 03:00:00+00:00,4,1.003,1.032,1.032,1.032,-0.029000000000000137,-0.00012499999999998623,0.03799162500000001,True,0.7600359289711915,False,True,outside_p10_p90
0dcf81cb-5305-4e0b-b150-9b733ac44d0b,2025-10-13 00:00:00+00:00,2025-10-13 04:00:00+00:00,5,1.005,1.03275,1.03275,1.03275,-0.027750000000000163,0.000250000000000028,0.04262474999999991,True,0.6568953483598202,False,True,outside_p10_p90
0dcf81cb-5305-4e0b-b150-9b733ac44d0b,2025-10-13 00:00:00+00:00,2025-10-13 05:00:00+00:00,6,1.029,1.03275,1.03275,1.03275,-0.003750000000000142,-0.0030000000000000027,0.03613837500000005,True,0.020753561830052912,False,True,outside_p10_p90
0dcf81cb-5305-4e0b-b150-9b733ac44d0b,2025-10-13 00:00:00+00:00,2025-10-13 06:00:00+00:00,7,1.07025,1.02825,1.02825,1.02825,0.041999999999999815,-0.005249999999999977,0.04818449999999996,True,0.9806057964698157,False,True,outside_p10_p90
0dcf81cb-5305-4e0b-b150-9b733ac44d0b,2025-10-13 00:00:00+00:00,2025-10-13 07:00:00+00:00,8,1.052,0.98575,0.98575,0.98575,0.06625000000000003,-0.004125000000000045,0.054856199999999966,True,1.2828996540044721,False,True,outside_p10_p90
0dcf81cb-5305-4e0b-b150-9b733ac44d0b,2025-10-13 00:00:00+00:00,2025-10-13 08:00:00+00:00,9,1.05,1.03375,1.03375,1.03375,0.016250000000000098,0.0011249999999999871,0.043922024999999934,True,0.3443602611673786,False,True,outside_p10_p90
0dcf81cb-5305-4e0b-b150-9b733ac44d0b,2025-10-13 00:00:00+00:00,2025-10-13 09:00:00+00:00,10,1.0132499999999998,1.0539999999999998,1.0539999999999998,1.0539999999999998,-0.040750000000000064,0.0012499999999999734,0.03817694999999999,True,1.1001402678841565,False,True,outside_p10_p90
0dcf81cb-5305-4e0b-b150-9b733ac44d0b,2025-10-13 00:00:00+00:00,2025-10-13 10:00:00+00:00,11,0.891,1.051,1.051,1.051,-0.15999999999999992,-0.0007500000000000284,0.030949275000000047,True,5.145516332773535,True,True,outside_p10_p90|large_residual
0dcf81cb-5305-4e0b-b150-9b733ac44d0b,2025-10-13 00:00:00+00:00,2025-10-13 11:00:00+00:00,12,0.972,1.04725,1.04725,1.04725,-0.07525000000000004,-0.0036249999999999893,0.04466332499999977,True,1.6036647517846112,False,True,outside_p10_p90
0dcf81cb-5305-4e0b-b150-9b733ac44d0b,2025-10-13 00:00:00+00:00,2025-10-13 12:00:00+00:00,13,1.072,1.0415,1.0415,1.0415,0.03049999999999997,-0.005625000000000102,0.04540462500000043,True,0.7956237938315697,False,True,outside_p10_p90
0dcf81cb-5305-4e0b-b150-9b733ac44d0b,2025-10-13 00:00:00+00:00,2025-10-13 13:00:00+00:00,14,1.051,1.04225,1.04225,1.04225,0.008750000000000036,-0.0011249999999998206,0.028910699999999942,True,0.34156903845288683,False,True,outside_p10_p90
0dcf81cb-5305-4e0b-b150-9b733ac44d0b,2025-10-13 00:00:00+00:00,2025-10-13 14:00:00+00:00,15,1.0372499999999998,1.0425,1.0425,1.0425,-0.005250000000000199,0.0012499999999999734,0.04707255,True,0.13808472241253497,False,True,outside_p10_p90
0dcf81cb-5305-4e0b-b150-9b733ac44d0b,2025-10-13 00:00:00+00:00,2025-10-13 15:00:00+00:00,16,1.02575,1.0365,1.0365,1.0365,-0.010750000000000037,-0.0007499999999999729,0.030763950000000068,True,0.32505578769956534,False,True,outside_p10_p90
0dcf81cb-5305-4e0b-b150-9b733ac44d0b,2025-10-13 00:00:00+00:00,2025-10-13 16:00:00+00:00,17,1.005,0.99275,0.99275,0.99275,0.012249999999999872,-0.00024999999999997247,0.026872125,True,0.4651660410183357,False,True,outside_p10_p90
0dcf81cb-5305-4e0b-b150-9b733ac44d0b,2025-10-13 00:00:00+00:00,2025-10-13 17:00:00+00:00,18,1.0,0.833,0.833,0.833,0.16700000000000004,0.00012500000000004174,0.04948177499999998,True,3.372453797382977,False,True,outside_p10_p90
0dcf81cb-5305-4e0b-b150-9b733ac44d0b,2025-10-13 00:00:00+00:00,2025-10-13 18:00:00+00:00,19,1.0,0.91225,0.91225,0.91225,0.08775,0.00037500000000012523,0.046145924999999935,True,1.8934499633499597,False,True,outside_p10_p90
0dcf81cb-5305-4e0b-b150-9b733ac44d0b,2025-10-13 00:00:00+00:00,2025-10-13 19:00:00+00:00,20,0.938,1.05675,1.05675,1.05675,-0.11875000000000013,-0.0020000000000000018,0.0833962499999997,True,1.3999430430025397,False,True,outside_p10_p90
0dcf81cb-5305-4e0b-b150-9b733ac44d0b,2025-10-13 00:00:00+00:00,2025-10-13 20:00:00+00:00,21,0.914,1.03825,1.03825,1.03825,-0.12424999999999986,0.002875000000000072,0.05485620000000021,True,2.31742264320167,False,True,outside_p10_p90
0dcf81cb-5305-4e0b-b150-9b733ac44d0b,2025-10-13 00:00:00+00:00,2025-10-13 21:00:00+00:00,22,1.022,0.99175,0.99175,0.99175,0.03025,0.005999999999999894,0.05745075000000001,True,0.422100668833742,False,True,outside_p10_p90
0dcf81cb-5305-4e0b-b150-9b733ac44d0b,2025-10-13 00:00:00+00:00,2025-10-13 22:00:00+00:00,23,1.05,0.985,0.985,0.985,0.06500000000000006,0.0,0.04206877500000006,True,1.5450889644397767,False,True,outside_p10_p90
0dcf81cb-5305-4e0b-b150-9b733ac44d0b,2025-10-13 00:00:00+00:00,2025-10-13 23:00:00+00:00,24,1.03675,0.983,0.983,0.983,0.053750000000000075,-0.004999999999999893,0.04484864999999983,True,1.309961392371904,False,True,outside_p10_p90
0dcf81cb-5305-4e0b-b150-9b733ac44d0b,2025-10-14 00:00:00+00:00,2025-10-14 00:00:00+00:00,1,1.02,0.99925,0.99925,0.99925,0.020750000000000046,0.00012499999999998623,0.04651657499999989,True,0.4433903398949752,False,True,outside_p10_p90
0dcf81cb-5305-4e0b-b150-9b733ac44d0b,2025-10-14 00:00:00+00:00,2025-10-14 01:00:00+00:00,2,1.005,1.004,1.004,1.004,0.0009999999999998899,-0.0022499999999999742,0.041883449999999996,True,0.07759628206367586,False,True,outside_p10_p90
0dcf81cb-5305-4e0b-b150-9b733ac44d0b,2025-10-14 00:00:00+00:00,2025-10-14 02:00:00+00:00,3,0.99175,1.003,1.003,1.003,-0.011249999999999871,0.0011250000000000981,0.042810074999999725,True,0.28906746834711333,False,True,outside_p10_p90
0dcf81cb-5305-4e0b-b150-9b733ac44d0b,2025-10-14 00:00:00+00:00,2025-10-14 03:00:00+00:00,4,0.98975,1.003,1.003,1.003,-0.013249999999999873,-0.00012499999999998623,0.03799162500000001,True,0.34547087680508226,False,True,outside_p10_p90
0dcf81cb-5305-4e0b-b150-9b733ac44d0b,2025-10-14 00:00:00+00:00,2025-10-14 04:00:00+00:00,5,0.98775,1.005,1.005,1.005,-0.017249999999999877,0.000250000000000028,0.04262474999999991,True,0.4105595927248826,False,True,outside_p10_p90
0dcf81cb-5305-4e0b-b150-9b733ac44d0b,2025-10-14 00:00:00+00:00,2025-10-14 05:00:00+00:00,6,1.00525,1.029,1.029,1.029,-0.023749999999999938,-0.0030000000000000027,0.03613837500000005,True,0.5741818772980221,False,True,outside_p10_p90
0dcf81cb-5305-4e0b-b150-9b733ac44d0b,2025-10-14 00:00:00+00:00,2025-10-14 06:00:00+00:00,7,1.073,1.07025,1.07025,1.07025,0.00275000000000003,-0.005249999999999977,0.04818449999999996,True,0.16602849464039296,False,True,outside_p10_p90
0dcf81cb-5305-4e0b-b150-9b733ac44d0b,2025-10-14 00:00:00+00:00,2025-10-14 07:00:00+00:00,8,1.04925,1.052,1.052,1.052,-0.00275000000000003,-0.004125000000000045,0.054856199999999966,True,0.025065534980549437,False,True,outside_p10_p90
0dcf81cb-5305-4e0b-b150-9b733ac44d0b,2025-10-14 00:00:00+00:00,2025-10-14 08:00:00+00:00,9,1.0335,1.05,1.05,1.05,-0.01649999999999996,0.0011249999999999871,0.043922024999999934,True,0.40127931259999905,False,True,outside_p10_p90
0dcf81cb-5305-4e0b-b150-9b733ac44d0b,2025-10-14 00:00:00+00:00,2025-10-14 09:00:00+00:00,10,1.027,1.0132499999999998,1.0132499999999998,1.0132499999999998,0.013750000000000151,0.0012499999999999734,0.03817694999999999,True,0.327422698775051,False,True,outside_p10_p90
0dcf81cb-5305-4e0b-b150-9b733ac44d0b,2025-10-14 00:00:00+00:00,2025-10-14 10:00:00+00:00,11,1.026,0.891,0.891,0.891,0.135,-0.0007500000000000284,0.030949275000000047,True,4.386209370009469,True,True,outside_p10_p90|large_residual
0dcf81cb-5305-4e0b-b150-9b733ac44d0b,2025-10-14 00:00:00+00:00,2025-10-14 11:00:00+00:00,12,1.029,0.972,0.972,0.972,0.05699999999999994,-0.0036249999999999893,0.04466332499999977,True,1.3573776694860995,False,True,outside_p10_p90
0dcf81cb-5305-4e0b-b150-9b733ac44d0b,2025-10-14 00:00:00+00:00,2025-10-14 12:00:00+00:00,13,1.02325,1.072,1.072,1.072,-0.04875000000000007,-0.005625000000000102,0.04540462500000043,True,0.9497931102833591,False,True,outside_p10_p90
0dcf81cb-5305-4e0b-b150-9b733ac44d0b,2025-10-14 00:00:00+00:00,2025-10-14 13:00:00+00:00,14,1.0107499999999998,1.051,1.051,1.051,-0.04025000000000012,-0.0011249999999998206,0.028910699999999942,True,1.353305177667797,False,True,outside_p10_p90
0dcf81cb-5305-4e0b-b150-9b733ac44d0b,2025-10-14 00:00:00+00:00,2025-10-14 14:00:00+00:00,15,1.0125,1.0372499999999998,1.0372499999999998,1.0372499999999998,-0.024749999999999828,0.0012499999999999734,0.04707255,True,0.552338889650121,False,True,outside_p10_p90
0dcf81cb-5305-4e0b-b150-9b733ac44d0b,2025-10-14 00:00:00+00:00,2025-10-14 15:00:00+00:00,16,1.007,1.02575,1.02575,1.02575,-0.018750000000000044,-0.0007499999999999729,0.030763950000000068,True,0.5851004178592161,False,True,outside_p10_p90
0dcf81cb-5305-4e0b-b150-9b733ac44d0b,2025-10-14 00:00:00+00:00,2025-10-14 16:00:00+00:00,17,1.00875,1.005,1.005,1.005,0.003750000000000142,-0.00024999999999997247,0.026872125,True,0.14885313312587353,False,True,outside_p10_p90
0dcf81cb-5305-4e0b-b150-9b733ac44d0b,2025-10-14 00:00:00+00:00,2025-10-14 17:00:00+00:00,18,1.004,1.0,1.0,1.0,0.0040000000000000036,0.00012500000000004174,0.04948177499999998,True,0.07831166121263765,False,True,outside_p10_p90
0dcf81cb-5305-4e0b-b150-9b733ac44d0b,2025-10-14 00:00:00+00:00,2025-10-14 18:00:00+00:00,19,1.005,1.0,1.0,1.0,0.004999999999999893,0.00037500000000012523,0.046145924999999935,True,0.100225534540694,False,True,outside_p10_p90
0dcf81cb-5305-4e0b-b150-9b733ac44d0b,2025-10-14 00:00:00+00:00,2025-10-14 19:00:00+00:00,20,0.892,0.938,0.938,0.938,-0.04599999999999993,-0.0020000000000000018,0.0833962499999997,True,0.5276016607461377,False,True,outside_p10_p90
0dcf81cb-5305-4e0b-b150-9b733ac44d0b,2025-10-14 00:00:00+00:00,2025-10-14 20:00:00+00:00,21,0.97525,0.914,0.914,0.914,0.061249999999999916,0.002875000000000072,0.05485620000000021,True,1.064145894174216,False,True,outside_p10_p90
0dcf81cb-5305-4e0b-b150-9b733ac44d0b,2025-10-14 00:00:00+00:00,2025-10-14 21:00:00+00:00,22,1.05125,1.022,1.022,1.022,0.029249999999999998,0.005999999999999894,0.05745075000000001,True,0.40469445568595885,False,True,outside_p10_p90
0dcf81cb-5305-4e0b-b150-9b733ac44d0b,2025-10-14 00:00:00+00:00,2025-10-14 22:00:00+00:00,23,1.0555,1.05,1.05,1.05,0.00550000000000006,0.0,0.04206877500000006,True,0.13073829699105935,False,True,outside_p10_p90
0dcf81cb-5305-4e0b-b150-9b733ac44d0b,2025-10-14 00:00:00+00:00,2025-10-14 23:00:00+00:00,24,1.01925,1.03675,1.03675,1.03675,-0.01750000000000007,-0.004999999999999893,0.04484864999999983,True,0.2787151898663667,False,True,outside_p10_p90
0dcf81cb-5305-4e0b-b150-9b733ac44d0b,2025-10-15 00:00:00+00:00,2025-10-15 00:00:00+00:00,1,1.008,1.02,1.02,1.02,-0.01200000000000001,0.00012499999999998623,0.04651657499999989,True,0.260659775574621,False,True,outside_p10_p90
0dcf81cb-5305-4e0b-b150-9b733ac44d0b,2025-10-15 00:00:00+00:00,2025-10-15 01:00:00+00:00,2,1.007,1.005,1.005,1.005,0.0020000000000000018,-0.0022499999999999742,0.041883449999999996,True,0.10147206116019516,False,True,outside_p10_p90
0dcf81cb-5305-4e0b-b150-9b733ac44d0b,2025-10-15 00:00:00+00:00,2025-10-15 02:00:00+00:00,3,1.007,0.99175,0.99175,0.99175,0.015249999999999875,0.0011250000000000981,0.042810074999999725,True,0.32994569619417546,False,True,outside_p10_p90
0dcf81cb-5305-4e0b-b150-9b733ac44d0b,2025-10-15 00:00:00+00:00,2025-10-15 03:00:00+00:00,4,1.009,0.98975,0.98975,0.98975,0.01924999999999988,-0.00012499999999998623,0.03799162500000001,True,0.5099808181408366,False,True,outside_p10_p90
0dcf81cb-5305-4e0b-b150-9b733ac44d0b,2025-10-15 00:00:00+00:00,2025-10-15 04:00:00+00:00,5,1.009,0.98775,0.98775,0.98775,0.02124999999999988,0.000250000000000028,0.04262474999999991,True,0.49267151126985836,False,True,outside_p10_p90
0dcf81cb-5305-4e0b-b150-9b733ac44d0b,2025-10-15 00:00:00+00:00,2025-10-15 05:00:00+00:00,6,1.0195,1.00525,1.00525,1.00525,0.014250000000000096,-0.0030000000000000027,0.03613837500000005,True,0.47733192209113096,False,True,outside_p10_p90
0dcf81cb-5305-4e0b-b150-9b733ac44d0b,2025-10-15 00:00:00+00:00,2025-10-15 06:00:00+00:00,7,1.0825,1.073,1.073,1.073,0.009500000000000064,-0.005249999999999977,0.04818449999999996,True,0.30611503699322506,False,True,outside_p10_p90
0dcf81cb-5305-4e0b-b150-9b733ac44d0b,2025-10-15 00:00:00+00:00,2025-10-15 07:00:00+00:00,8,1.0459999999999998,1.04925,1.04925,1.04925,-0.003250000000000197,-0.004125000000000045,0.054856199999999966,True,0.015950794987619425,False,True,outside_p10_p90
0dcf81cb-5305-4e0b-b150-9b733ac44d0b,2025-10-15 00:00:00+00:00,2025-10-15 08:00:00+00:00,9,1.037,1.0335,1.0335,1.0335,0.0034999999999998366,0.0011249999999999871,0.043922024999999934,True,0.054073098860989516,False,True,outside_p10_p90
0dcf81cb-5305-4e0b-b150-9b733ac44d0b,2025-10-15 00:00:00+00:00,2025-10-15 09:00:00+00:00,10,1.042,1.027,1.027,1.027,0.015000000000000124,0.0012499999999999734,0.03817694999999999,True,0.3601649686525549,False,True,outside_p10_p90
0dcf81cb-5305-4e0b-b150-9b733ac44d0b,2025-10-15 00:00:00+00:00,2025-10-15 10:00:00+00:00,11,1.058,1.026,1.026,1.026,0.03200000000000003,-0.0007500000000000284,0.030949275000000047,True,1.0581831076818442,False,True,outside_p10_p90
0dcf81cb-5305-4e0b-b150-9b733ac44d0b,2025-10-15 00:00:00+00:00,2025-10-15 11:00:00+00:00,12,1.04625,1.029,1.029,1.029,0.017249999999999988,-0.0036249999999999893,0.04466332499999977,True,0.46738571299830645,False,True,outside_p10_p90
0dcf81cb-5305-4e0b-b150-9b733ac44d0b,2025-10-15 00:00:00+00:00,2025-10-15 12:00:00+00:00,13,1.049,1.02325,1.02325,1.02325,0.02574999999999994,-0.005625000000000102,0.04540462500000043,True,0.691008900524996,False,True,outside_p10_p90
0dcf81cb-5305-4e0b-b150-9b733ac44d0b,2025-10-15 00:00:00+00:00,2025-10-15 13:00:00+00:00,14,1.0399999999999998,1.0107499999999998,1.0107499999999998,1.0107499999999998,0.029249999999999998,-0.0011249999999998206,0.028910699999999942,True,1.0506490676462306,False,True,outside_p10_p90
0dcf81cb-5305-4e0b-b150-9b733ac44d0b,2025-10-15 00:00:00+00:00,2025-10-15 14:00:00+00:00,15,1.03825,1.0125,1.0125,1.0125,0.02574999999999994,0.0012499999999999734,0.04707255,True,0.5204731844780018,False,True,outside_p10_p90
0dcf81cb-5305-4e0b-b150-9b733ac44d0b,2025-10-15 00:00:00+00:00,2025-10-15 15:00:00+00:00,16,1.03675,1.007,1.007,1.007,0.029750000000000165,-0.0007499999999999729,0.030763950000000068,True,0.9914201524836723,False,True,outside_p10_p90
0dcf81cb-5305-4e0b-b150-9b733ac44d0b,2025-10-15 00:00:00+00:00,2025-10-15 16:00:00+00:00,17,1.03275,1.00875,1.00875,1.00875,0.02400000000000002,-0.00024999999999997247,0.026872125,True,0.9024221195755823,False,True,outside_p10_p90
0dcf81cb-5305-4e0b-b150-9b733ac44d0b,2025-10-15 00:00:00+00:00,2025-10-15 17:00:00+00:00,18,1.02125,1.004,1.004,1.004,0.017249999999999988,0.00012500000000004174,0.04948177499999998,True,0.3460870189074655,False,True,outside_p10_p90
0dcf81cb-5305-4e0b-b150-9b733ac44d0b,2025-10-15 00:00:00+00:00,2025-10-15 18:00:00+00:00,19,1.01725,1.005,1.005,1.005,0.012250000000000094,0.00037500000000012523,0.046145924999999935,True,0.25733583192882115,False,True,outside_p10_p90
0dcf81cb-5305-4e0b-b150-9b733ac44d0b,2025-10-15 00:00:00+00:00,2025-10-15 19:00:00+00:00,20,1.01625,0.892,0.892,0.892,0.12425000000000008,-0.0020000000000000018,0.0833962499999997,True,1.5138570379363645,False,True,outside_p10_p90
0dcf81cb-5305-4e0b-b150-9b733ac44d0b,2025-10-15 00:00:00+00:00,2025-10-15 20:00:00+00:00,21,0.98275,0.97525,0.97525,0.97525,0.007500000000000062,0.002875000000000072,0.05485620000000021,True,0.0843113449345739,False,True,outside_p10_p90
0dcf81cb-5305-4e0b-b150-9b733ac44d0b,2025-10-15 00:00:00+00:00,2025-10-15 21:00:00+00:00,22,0.9145,1.05125,1.05125,1.05125,-0.13675000000000004,0.005999999999999894,0.05745075000000001,True,2.484736926846036,False,True,outside_p10_p90
0dcf81cb-5305-4e0b-b150-9b733ac44d0b,2025-10-15 00:00:00+00:00,2025-10-15 22:00:00+00:00,23,0.90875,1.0555,1.0555,1.0555,-0.14675000000000016,0.0,0.04206877500000006,True,3.4883354697159583,False,True,outside_p10_p90
0dcf81cb-5305-4e0b-b150-9b733ac44d0b,2025-10-15 00:00:00+00:00,2025-10-15 23:00:00+00:00,24,0.99225,1.01925,1.01925,1.01925,-0.027000000000000024,-0.004999999999999893,0.04484864999999983,True,0.49053873416480126,False,True,outside_p10_p90
0dcf81cb-5305-4e0b-b150-9b733ac44d0b,2025-10-16 00:00:00+00:00,2025-10-16 00:00:00+00:00,1,1.02975,1.008,1.008,1.008,0.021749999999999936,0.00012499999999998623,0.04651657499999989,True,0.4648880533444261,False,True,outside_p10_p90
0dcf81cb-5305-4e0b-b150-9b733ac44d0b,2025-10-16 00:00:00+00:00,2025-10-16 01:00:00+00:00,2,1.035,1.007,1.007,1.007,0.028000000000000025,-0.0022499999999999742,0.041883449999999996,True,0.7222423176696285,False,True,outside_p10_p90
0dcf81cb-5305-4e0b-b150-9b733ac44d0b,2025-10-16 00:00:00+00:00,2025-10-16 02:00:00+00:00,3,1.035,1.007,1.007,1.007,0.028000000000000025,0.0011250000000000981,0.042810074999999725,True,0.6277727847942359,False,True,outside_p10_p90
0dcf81cb-5305-4e0b-b150-9b733ac44d0b,2025-10-16 00:00:00+00:00,2025-10-16 03:00:00+00:00,4,1.035,1.009,1.009,1.009,0.026000000000000023,-0.00012499999999998623,0.03799162500000001,True,0.6876515547834556,False,True,outside_p10_p90
0dcf81cb-5305-4e0b-b150-9b733ac44d0b,2025-10-16 00:00:00+00:00,2025-10-16 04:00:00+00:00,5,1.023,1.009,1.009,1.009,0.014000000000000012,0.000250000000000028,0.04262474999999991,True,0.3225825371409806,False,True,outside_p10_p90
0dcf81cb-5305-4e0b-b150-9b733ac44d0b,2025-10-16 00:00:00+00:00,2025-10-16 05:00:00+00:00,6,1.008,1.0195,1.0195,1.0195,-0.011500000000000066,-0.0030000000000000027,0.03613837500000005,True,0.235207034073891,False,True,outside_p10_p90
0dcf81cb-5305-4e0b-b150-9b733ac44d0b,2025-10-16 00:00:00+00:00,2025-10-16 06:00:00+00:00,7,1.07075,1.0825,1.0825,1.0825,-0.011749999999999927,-0.005249999999999977,0.04818449999999996,True,0.13489815189531812,False,True,outside_p10_p90
0dcf81cb-5305-4e0b-b150-9b733ac44d0b,2025-10-16 00:00:00+00:00,2025-10-16 07:00:00+00:00,8,1.042,1.0459999999999998,1.0459999999999998,1.0459999999999998,-0.0039999999999997815,-0.004125000000000045,0.054856199999999966,True,0.0022786849982365507,False,True,outside_p10_p90
0dcf81cb-5305-4e0b-b150-9b733ac44d0b,2025-10-16 00:00:00+00:00,2025-10-16 08:00:00+00:00,9,1.03275,1.037,1.037,1.037,-0.004249999999999865,0.0011249999999999871,0.043922024999999934,True,0.12237596058013855,False,True,outside_p10_p90
0dcf81cb-5305-4e0b-b150-9b733ac44d0b,2025-10-16 00:00:00+00:00,2025-10-16 09:00:00+00:00,10,1.01525,1.042,1.042,1.042,-0.02675000000000005,0.0012499999999999734,0.03817694999999999,True,0.7334268452561044,False,True,outside_p10_p90
0dcf81cb-5305-4e0b-b150-9b733ac44d0b,2025-10-16 00:00:00+00:00,2025-10-16 10:00:00+00:00,11,1.01375,1.058,1.058,1.058,-0.04425000000000012,-0.0007500000000000284,0.030949275000000047,True,1.4055256544781753,False,True,outside_p10_p90
0dcf81cb-5305-4e0b-b150-9b733ac44d0b,2025-10-16 00:00:00+00:00,2025-10-16 11:00:00+00:00,12,1.0154999999999998,1.04625,1.04625,1.04625,-0.030750000000000055,-0.0036249999999999893,0.04466332499999977,True,0.6073215552133704,False,True,outside_p10_p90
0dcf81cb-5305-4e0b-b150-9b733ac44d0b,2025-10-16 00:00:00+00:00,2025-10-16 12:00:00+00:00,13,1.0135,1.049,1.049,1.049,-0.035499999999999865,-0.005625000000000102,0.04540462500000043,True,0.6579726184281773,False,True,outside_p10_p90
0dcf81cb-5305-4e0b-b150-9b733ac44d0b,2025-10-16 00:00:00+00:00,2025-10-16 13:00:00+00:00,14,1.0147499999999998,1.0399999999999998,1.0399999999999998,1.0399999999999998,-0.025249999999999995,-0.0011249999999998206,0.028910699999999942,True,0.8344661319165645,False,True,outside_p10_p90
0dcf81cb-5305-4e0b-b150-9b733ac44d0b,2025-10-16 00:00:00+00:00,2025-10-16 14:00:00+00:00,15,1.009,1.03825,1.03825,1.03825,-0.029249999999999998,0.0012499999999999734,0.04707255,True,0.6479360051664924,False,True,outside_p10_p90
0dcf81cb-5305-4e0b-b150-9b733ac44d0b,2025-10-16 00:00:00+00:00,2025-10-16 15:00:00+00:00,16,1.008,1.03675,1.03675,1.03675,-0.028750000000000053,-0.0007499999999999729,0.030763950000000068,True,0.9101562055587796,False,True,outside_p10_p90
0dcf81cb-5305-4e0b-b150-9b733ac44d0b,2025-10-16 00:00:00+00:00,2025-10-16 16:00:00+00:00,17,1.01275,1.03275,1.03275,1.03275,-0.020000000000000018,-0.00024999999999997247,0.026872125,True,0.7349623448089813,False,True,outside_p10_p90
0dcf81cb-5305-4e0b-b150-9b733ac44d0b,2025-10-16 00:00:00+00:00,2025-10-16 17:00:00+00:00,18,1.0059999999999998,1.02125,1.02125,1.02125,-0.015250000000000208,0.00012500000000004174,0.04948177499999998,True,0.3107204622307962,False,True,outside_p10_p90
0dcf81cb-5305-4e0b-b150-9b733ac44d0b,2025-10-16 00:00:00+00:00,2025-10-16 18:00:00+00:00,19,1.0059999999999998,1.01725,1.01725,1.01725,-0.011250000000000204,0.00037500000000012523,0.046145924999999935,True,0.25191823546716957,False,True,outside_p10_p90
0dcf81cb-5305-4e0b-b150-9b733ac44d0b,2025-10-16 00:00:00+00:00,2025-10-16 19:00:00+00:00,20,0.9005000000000001,1.01625,1.01625,1.01625,-0.11575000000000002,-0.0020000000000000018,0.0833962499999997,True,1.3639702024971199,False,True,outside_p10_p90
0dcf81cb-5305-4e0b-b150-9b733ac44d0b,2025-10-16 00:00:00+00:00,2025-10-16 20:00:00+00:00,21,0.90875,0.98275,0.98275,0.98275,-0.07400000000000007,0.002875000000000072,0.05485620000000021,True,1.4013912739125176,False,True,outside_p10_p90
0dcf81cb-5305-4e0b-b150-9b733ac44d0b,2025-10-16 00:00:00+00:00,2025-10-16 21:00:00+00:00,22,1.00575,0.9145,0.9145,0.9145,0.09124999999999994,0.005999999999999894,0.05745075000000001,True,1.48387967084851,False,True,outside_p10_p90
0dcf81cb-5305-4e0b-b150-9b733ac44d0b,2025-10-16 00:00:00+00:00,2025-10-16 22:00:00+00:00,23,1.0355,0.90875,0.90875,0.90875,0.12675000000000014,0.0,0.04206877500000006,True,3.012923480657565,False,True,outside_p10_p90
0dcf81cb-5305-4e0b-b150-9b733ac44d0b,2025-10-16 00:00:00+00:00,2025-10-16 23:00:00+00:00,24,1.036,0.99225,0.99225,0.99225,0.04375000000000007,-0.004999999999999893,0.04484864999999983,True,1.0869892404788135,False,True,outside_p10_p90
213d70b2-894b-406b-9dc3-31d3ccec7f54,2025-10-01 00:00:00+00:00,2025-10-01 00:00:00+00:00,1,0.76175,0.8295,0.8295,0.8295,-0.06774999999999998,-0.008375000000000021,0.04410734999999991,True,1.3461475241654752,False,True,outside_p10_p90
213d70b2-894b-406b-9dc3-31d3ccec7f54,2025-10-01 00:00:00+00:00,2025-10-01 01:00:00+00:00,2,0.75775,0.827,0.827,0.827,-0.06924999999999992,-0.007250000000000034,0.047443199999999956,True,1.306825846485902,False,True,outside_p10_p90
213d70b2-894b-406b-9dc3-31d3ccec7f54,2025-10-01 00:00:00+00:00,2025-10-01 02:00:00+00:00,3,0.7565000000000001,0.8240000000000001,0.8240000000000001,0.8240000000000001,-0.0675,-0.007124999999999937,0.04503397500000014,True,1.3406544725398963,False,True,outside_p10_p90
213d70b2-894b-406b-9dc3-31d3ccec7f54,2025-10-01 00:00:00+00:00,2025-10-01 03:00:00+00:00,4,0.756,0.819,0.819,0.819,-0.06299999999999994,-0.007249999999999979,0.042995399999999954,True,1.2966503393386275,False,True,outside_p10_p90
213d70b2-894b-406b-9dc3-31d3ccec7f54,2025-10-01 00:00:00+00:00,2025-10-01 04:00:00+00:00,5,0.7525,0.81675,0.81675,0.81675,-0.06425000000000003,-0.007000000000000006,0.04243942500000002,True,1.3489815189531904,False,True,outside_p10_p90
213d70b2-894b-406b-9dc3-31d3ccec7f54,2025-10-01 00:00:00+00:00,2025-10-01 05:00:00+00:00,6,0.7474999999999999,0.8142499999999999,0.8142499999999999,0.8142499999999999,-0.06674999999999998,-0.006749999999999978,0.0481845,True,1.245213709802945,False,True,outside_p10_p90
213d70b2-894b-406b-9dc3-31d3ccec7f54,2025-10-01 00:00:00+00:00,2025-10-01 06:00:00+00:00,7,0.7449999999999999,0.811,0.811,0.811,-0.06600000000000017,-0.005625000000000047,0.04577527499999981,True,1.3189434689360222,False,True,outside_p10_p90
213d70b2-894b-406b-9dc3-31d3ccec7f54,2025-10-01 00:00:00+00:00,2025-10-01 07:00:00+00:00,8,0.7464999999999999,0.8085000000000001,0.8085000000000001,0.8085000000000001,-0.062000000000000166,-0.005875000000000019,0.03947422499999993,True,1.421813854483533,False,True,outside_p10_p90
213d70b2-894b-406b-9dc3-31d3ccec7f54,2025-10-01 00:00:00+00:00,2025-10-01 08:00:00+00:00,9,0.7489999999999999,0.8075000000000001,0.8075000000000001,0.8075000000000001,-0.05850000000000022,-0.003375000000000017,0.04355137499999981,True,1.265746489060344,False,True,outside_p10_p90
213d70b2-894b-406b-9dc3-31d3ccec7f54,2025-10-01 00:00:00+00:00,2025-10-01 09:00:00+00:00,10,0.7505,0.804,0.804,0.804,-0.0535000000000001,-0.006374999999999964,0.039103574999999974,True,1.205132778780461,False,True,outside_p10_p90
213d70b2-894b-406b-9dc3-31d3ccec7f54,2025-10-01 00:00:00+00:00,2025-10-01 10:00:00+00:00,11,0.752,0.80325,0.80325,0.80325,-0.05125000000000002,-0.007249999999999979,0.04855515000000008,True,0.9061860585334401,False,True,outside_p10_p90
213d70b2-894b-406b-9dc3-31d3ccec7f54,2025-10-01 00:00:00+00:00,2025-10-01 11:00:00+00:00,12,0.7605,0.79925,0.79925,0.79925,-0.03875000000000006,-0.00737500000000002,0.03928889999999995,True,0.798571606738801,False,True,outside_p10_p90
213d70b2-894b-406b-9dc3-31d3ccec7f54,2025-10-01 00:00:00+00:00,2025-10-01 12:00:00+00:00,13,0.76,0.79825,0.79825,0.79825,-0.038250000000000006,-0.0063750000000000195,0.038362274999999973,True,0.8308944138479798,False,True,outside_p10_p90
213d70b2-894b-406b-9dc3-31d3ccec7f54,2025-10-01 00:00:00+00:00,2025-10-01 13:00:00+00:00,14,0.758,0.7925,0.7925,0.7925,-0.034499999999999975,-0.007249999999999923,0.03354382500000009,True,0.8123700859994345,False,True,outside_p10_p90
213d70b2-894b-406b-9dc3-31d3ccec7f54,2025-10-01 00:00:00+00:00,2025-10-01 14:00:00+00:00,15,0.7577499999999999,0.791,0.791,0.791,-0.03325000000000011,-0.007749999999999979,0.03669435000000007,True,0.6949298734001307,False,True,outside_p10_p90
213d70b2-894b-406b-9dc3-31d3ccec7f54,2025-10-01 00:00:00+00:00,2025-10-01 15:00:00+00:00,16,0.762,0.7825,0.7825,0.7825,-0.020499999999999963,-0.007624999999999993,0.0344704499999999,True,0.3735083237961792,False,True,outside_p10_p90
213d70b2-894b-406b-9dc3-31d3ccec7f54,2025-10-01 00:00:00+00:00,2025-10-01 16:00:00+00:00,17,0.7565,0.781,0.781,0.781,-0.024500000000000077,-0.009250000000000036,0.03502642500000001,True,0.43538556960923186,False,True,outside_p10_p90
213d70b2-894b-406b-9dc3-31d3ccec7f54,2025-10-01 00:00:00+00:00,2025-10-01 17:00:00+00:00,18,0.75525,0.7785000000000001,0.7785000000000001,0.7785000000000001,-0.023250000000000104,-0.006999999999999951,0.03725032500000001,True,0.4362378046366079,False,True,outside_p10_p90
213d70b2-894b-406b-9dc3-31d3ccec7f54,2025-10-01 00:00:00+00:00,2025-10-01 18:00:00+00:00,19,0.757,0.7755,0.7755,0.7755,-0.01849999999999996,-0.008500000000000008,0.03465577499999988,True,0.288552196567527,False,True,outside_p10_p90
213d70b2-894b-406b-9dc3-31d3ccec7f54,2025-10-01 00:00:00+00:00,2025-10-01 19:00:00+00:00,20,0.754,0.77075,0.77075,0.77075,-0.016750000000000043,-0.007749999999999924,0.03725032500000009,True,0.24160863026027551,False,True,outside_p10_p90
213d70b2-894b-406b-9dc3-31d3ccec7f54,2025-10-01 00:00:00+00:00,2025-10-01 20:00:00+00:00,21,0.7532500000000001,0.772,0.772,0.772,-0.018749999999999933,-0.007874999999999965,0.044292674999999976,True,0.2455259249977558,False,True,outside_p10_p90
213d70b2-894b-406b-9dc3-31d3ccec7f54,2025-10-01 00:00:00+00:00,2025-10-01 21:00:00+00:00,22,0.7515000000000001,0.768,0.768,0.768,-0.01649999999999996,-0.009374999999999967,0.042810074999999975,True,0.166432784805913,False,True,outside_p10_p90
213d70b2-894b-406b-9dc3-31d3ccec7f54,2025-10-01 00:00:00+00:00,2025-10-01 22:00:00+00:00,23,0.7550000000000001,0.76325,0.76325,0.76325,-0.008249999999999869,-0.00912500000000005,0.04392202500000002,True,0.01992166800142254,False,True,outside_p10_p90
213d70b2-894b-406b-9dc3-31d3ccec7f54,2025-10-01 00:00:00+00:00,2025-10-01 23:00:00+00:00,24,0.756,0.767,0.767,0.767,-0.01100000000000001,-0.008499999999999897,0.04725787500000006,True,0.052901236037382345,False,True,outside_p10_p90
213d70b2-894b-406b-9dc3-31d3ccec7f54,2025-10-02 00:00:00+00:00,2025-10-02 00:00:00+00:00,1,0.75,0.76175,0.76175,0.76175,-0.011750000000000038,-0.008375000000000021,0.04410734999999991,True,0.07651785926835376,False,True,outside_p10_p90
213d70b2-894b-406b-9dc3-31d3ccec7f54,2025-10-02 00:00:00+00:00,2025-10-02 01:00:00+00:00,2,0.754,0.75775,0.75775,0.75775,-0.003750000000000031,-0.007250000000000034,0.047443199999999956,True,0.07377242681775273,False,True,outside_p10_p90
213d70b2-894b-406b-9dc3-31d3ccec7f54,2025-10-02 00:00:00+00:00,2025-10-02 02:00:00+00:00,3,0.756,0.7565000000000001,0.7565000000000001,0.7565000000000001,-0.000500000000000056,-0.007124999999999937,0.04503397500000014,True,0.1471111533014765,False,True,outside_p10_p90
213d70b2-894b-406b-9dc3-31d3ccec7f54,2025-10-02 00:00:00+00:00,2025-10-02 03:00:00+00:00,4,0.75075,0.756,0.756,0.756,-0.005249999999999977,-0.007249999999999979,0.042995399999999954,True,0.04651660410183424,False,True,outside_p10_p90
213d70b2-894b-406b-9dc3-31d3ccec7f54,2025-10-02 00:00:00+00:00,2025-10-02 04:00:00+00:00,5,0.752,0.7525,0.7525,0.7525,-0.0004999999999999449,-0.007000000000000006,0.04243942500000002,True,0.15315947376761252,False,True,outside_p10_p90
213d70b2-894b-406b-9dc3-31d3ccec7f54,2025-10-02 00:00:00+00:00,2025-10-02 05:00:00+00:00,6,0.7464999999999999,0.7474999999999999,0.7474999999999999,0.7474999999999999,-0.0010000000000000009,-0.006749999999999978,0.0481845,True,0.11933298052278175,False,True,outside_p10_p90
213d70b2-894b-406b-9dc3-31d3ccec7f54,2025-10-02 00:00:00+00:00,2025-10-02 06:00:00+00:00,7,0.7509999999999999,0.7449999999999999,0.7449999999999999,0.7449999999999999,0.006000000000000005,-0.005625000000000047,0.04577527499999981,True,0.25395805923612913,False,True,outside_p10_p90
213d70b2-894b-406b-9dc3-31d3ccec7f54,2025-10-02 00:00:00+00:00,2025-10-02 07:00:00+00:00,8,0.752,0.7464999999999999,0.7464999999999999,0.7464999999999999,0.00550000000000006,-0.005875000000000019,0.03947422499999993,True,0.2881627188374211,False,True,outside_p10_p90
213d70b2-894b-406b-9dc3-31d3ccec7f54,2025-10-02 00:00:00+00:00,2025-10-02 08:00:00+00:00,9,0.752,0.7489999999999999,0.7489999999999999,0.7489999999999999,0.0030000000000001137,-0.003375000000000017,0.04355137499999981,True,0.1463788456736477,False,True,outside_p10_p90
213d70b2-894b-406b-9dc3-31d3ccec7f54,2025-10-02 00:00:00+00:00,2025-10-02 09:00:00+00:00,10,0.752,0.7505,0.7505,0.7505,0.0015000000000000568,-0.006374999999999964,0.039103574999999974,True,0.20138823624182767,False,True,outside_p10_p90
213d70b2-894b-406b-9dc3-31d3ccec7f54,2025-10-02 00:00:00+00:00,2025-10-02 10:00:00+00:00,11,0.7582499999999999,0.752,0.752,0.752,0.006249999999999867,-0.007249999999999979,0.04855515000000008,True,0.27803435886821115,False,True,outside_p10_p90
213d70b2-894b-406b-9dc3-31d3ccec7f54,2025-10-02 00:00:00+00:00,2025-10-02 11:00:00+00:00,12,0.75925,0.7605,0.7605,0.7605,-0.0012499999999999734,-0.00737500000000002,0.03928889999999995,True,0.15589644912430875,False,True,outside_p10_p90
213d70b2-894b-406b-9dc3-31d3ccec7f54,2025-10-02 00:00:00+00:00,2025-10-02 12:00:00+00:00,13,0.7577499999999999,0.76,0.76,0.76,-0.0022500000000000853,-0.0063750000000000195,0.038362274999999973,True,0.10752751238032512,False,True,outside_p10_p90
213d70b2-894b-406b-9dc3-31d3ccec7f54,2025-10-02 00:00:00+00:00,2025-10-02 13:00:00+00:00,14,0.7602499999999999,0.758,0.758,0.758,0.0022499999999998632,-0.007249999999999923,0.03354382500000009,True,0.28321158961447485,False,True,outside_p10_p90
213d70b2-894b-406b-9dc3-31d3ccec7f54,2025-10-02 00:00:00+00:00,2025-10-02 14:00:00+00:00,15,0.7637500000000002,0.7577499999999999,0.7577499999999999,0.7577499999999999,0.006000000000000227,-0.007749999999999979,0.03669435000000007,True,0.37471708859811337,False,True,outside_p10_p90
213d70b2-894b-406b-9dc3-31d3ccec7f54,2025-10-02 00:00:00+00:00,2025-10-02 15:00:00+00:00,16,0.7605,0.762,0.762,0.762,-0.0015000000000000568,-0.007624999999999993,0.0344704499999999,True,0.1776884258836178,False,True,outside_p10_p90
213d70b2-894b-406b-9dc3-31d3ccec7f54,2025-10-02 00:00:00+00:00,2025-10-02 16:00:00+00:00,17,0.7565000000000001,0.7565,0.7565,0.7565,1.1102230246251565e-16,-0.009250000000000036,0.03502642500000001,True,0.26408632910724245,False,True,outside_p10_p90
213d70b2-894b-406b-9dc3-31d3ccec7f54,2025-10-02 00:00:00+00:00,2025-10-02 17:00:00+00:00,18,0.75675,0.75525,0.75525,0.75525,0.0015000000000000568,-0.006999999999999951,0.03725032500000001,True,0.22818592857914677,False,True,outside_p10_p90
213d70b2-894b-406b-9dc3-31d3ccec7f54,2025-10-02 00:00:00+00:00,2025-10-02 18:00:00+00:00,19,0.7565,0.757,0.757,0.757,-0.000500000000000056,-0.008500000000000008,0.03465577499999988,True,0.23084175725402126,False,True,outside_p10_p90
213d70b2-894b-406b-9dc3-31d3ccec7f54,2025-10-02 00:00:00+00:00,2025-10-02 19:00:00+00:00,20,0.75925,0.754,0.754,0.754,0.005249999999999977,-0.007749999999999924,0.03725032500000009,True,0.34899024370927956,False,True,outside_p10_p90
213d70b2-894b-406b-9dc3-31d3ccec7f54,2025-10-02 00:00:00+00:00,2025-10-02 20:00:00+00:00,21,0.76625,0.7532500000000001,0.7532500000000001,0.7532500000000001,0.0129999999999999,-0.007874999999999965,0.044292674999999976,True,0.47129689051293194,False,True,outside_p10_p90
213d70b2-894b-406b-9dc3-31d3ccec7f54,2025-10-02 00:00:00+00:00,2025-10-02 21:00:00+00:00,22,0.769,0.7515000000000001,0.7515000000000001,0.7515000000000001,0.01749999999999996,-0.009374999999999967,0.042810074999999975,True,0.6277727847942323,False,True,outside_p10_p90
213d70b2-894b-406b-9dc3-31d3ccec7f54,2025-10-02 00:00:00+00:00,2025-10-02 22:00:00+00:00,23,0.77675,0.7550000000000001,0.7550000000000001,0.7550000000000001,0.021749999999999936,-0.00912500000000005,0.04392202500000002,True,0.7029502851929066,False,True,outside_p10_p90
213d70b2-894b-406b-9dc3-31d3ccec7f54,2025-10-02 00:00:00+00:00,2025-10-02 23:00:00+00:00,24,0.7875000000000001,0.756,0.756,0.756,0.031500000000000083,-0.008499999999999897,0.04725787500000006,True,0.8464197765980788,False,True,outside_p10_p90
213d70b2-894b-406b-9dc3-31d3ccec7f54,2025-10-03 00:00:00+00:00,2025-10-03 00:00:00+00:00,1,0.799,0.75,0.75,0.75,0.049000000000000044,-0.008375000000000021,0.04410734999999991,True,1.300803607562009,False,True,outside_p10_p90
213d70b2-894b-406b-9dc3-31d3ccec7f54,2025-10-03 00:00:00+00:00,2025-10-03 01:00:00+00:00,2,0.8095000000000001,0.754,0.754,0.754,0.055500000000000105,-0.007250000000000034,0.047443199999999956,True,1.32263422366114,False,True,outside_p10_p90
213d70b2-894b-406b-9dc3-31d3ccec7f54,2025-10-03 00:00:00+00:00,2025-10-03 02:00:00+00:00,3,0.8205,0.756,0.756,0.756,0.0645,-0.007124999999999937,0.04503397500000014,True,1.5904658649386316,False,True,outside_p10_p90
213d70b2-894b-406b-9dc3-31d3ccec7f54,2025-10-03 00:00:00+00:00,2025-10-03 03:00:00+00:00,4,0.8242499999999999,0.75075,0.75075,0.75075,0.0734999999999999,-0.007249999999999979,0.042995399999999954,True,1.878107890611553,False,True,outside_p10_p90
213d70b2-894b-406b-9dc3-31d3ccec7f54,2025-10-03 00:00:00+00:00,2025-10-03 04:00:00+00:00,5,0.8282499999999999,0.752,0.752,0.752,0.07624999999999993,-0.007000000000000006,0.04243942500000002,True,1.9616194140236325,False,True,outside_p10_p90
213d70b2-894b-406b-9dc3-31d3ccec7f54,2025-10-03 00:00:00+00:00,2025-10-03 05:00:00+00:00,6,0.8334999999999999,0.7464999999999999,0.7464999999999999,0.7464999999999999,0.08699999999999997,-0.006749999999999978,0.0481845,True,1.9456464215671003,False,True,outside_p10_p90
213d70b2-894b-406b-9dc3-31d3ccec7f54,2025-10-03 00:00:00+00:00,2025-10-03 06:00:00+00:00,7,0.8372499999999999,0.7509999999999999,0.7509999999999999,0.7509999999999999,0.08625000000000005,-0.005625000000000047,0.04577527499999981,True,2.0070878875113363,False,True,outside_p10_p90
213d70b2-894b-406b-9dc3-31d3ccec7f54,2025-10-03 00:00:00+00:00,2025-10-03 07:00:00+00:00,8,0.8372499999999999,0.752,0.752,0.752,0.08524999999999994,-0.005875000000000019,0.03947422499999993,True,2.3084683739832794,False,True,outside_p10_p90
213d70b2-894b-406b-9dc3-31d3ccec7f54,2025-10-03 00:00:00+00:00,2025-10-03 08:00:00+00:00,9,0.83975,0.752,0.752,0.752,0.08775,-0.003375000000000017,0.04355137499999981,True,2.0923564410997453,False,True,outside_p10_p90
213d70b2-894b-406b-9dc3-31d3ccec7f54,2025-10-03 00:00:00+00:00,2025-10-03 09:00:00+00:00,10,0.8455,0.752,0.752,0.752,0.09350000000000003,-0.006374999999999964,0.039103574999999974,True,2.5541142977336486,False,True,outside_p10_p90
213d70b2-894b-406b-9dc3-31d3ccec7f54,2025-10-03 00:00:00+00:00,2025-10-03 10:00:00+00:00,11,0.84475,0.7582499999999999,0.7582499999999999,0.7582499999999999,0.08650000000000013,-0.007249999999999979,0.04855515000000008,True,1.9307941588070463,False,True,outside_p10_p90
213d70b2-894b-406b-9dc3-31d3ccec7f54,2025-10-03 00:00:00+00:00,2025-10-03 11:00:00+00:00,12,0.851,0.75925,0.75925,0.75925,0.09175,-0.00737500000000002,0.03928889999999995,True,2.5229772276648146,False,True,outside_p10_p90
213d70b2-894b-406b-9dc3-31d3ccec7f54,2025-10-03 00:00:00+00:00,2025-10-03 12:00:00+00:00,13,0.856,0.7577499999999999,0.7577499999999999,0.7577499999999999,0.09825000000000006,-0.0063750000000000195,0.038362274999999973,True,2.727288723101019,False,True,outside_p10_p90
213d70b2-894b-406b-9dc3-31d3ccec7f54,2025-10-03 00:00:00+00:00,2025-10-03 13:00:00+00:00,14,0.8574999999999999,0.7602499999999999,0.7602499999999999,0.7602499999999999,0.09725000000000006,-0.007249999999999923,0.03354382500000009,True,3.1153274857592925,False,True,outside_p10_p90
213d70b2-894b-406b-9dc3-31d3ccec7f54,2025-10-03 00:00:00+00:00,2025-10-03 14:00:00+00:00,15,0.86075,0.7637500000000002,0.7637500000000002,0.7637500000000002,0.09699999999999986,-0.007749999999999979,0.03669435000000007,True,2.8546629113201254,False,True,outside_p10_p90
213d70b2-894b-406b-9dc3-31d3ccec7f54,2025-10-03 00:00:00+00:00,2025-10-03 15:00:00+00:00,16,0.8785,0.7605,0.7605,0.7605,0.118,-0.007624999999999993,0.0344704499999999,True,3.644425877817097,True,True,outside_p10_p90|large_residual
213d70b2-894b-406b-9dc3-31d3ccec7f54,2025-10-03 00:00:00+00:00,2025-10-03 16:00:00+00:00,17,0.8955,0.7565000000000001,0.7565000000000001,0.7565000000000001,0.1389999999999999,-0.009250000000000036,0.03502642500000001,True,4.2325187340700605,True,True,outside_p10_p90|large_residual
213d70b2-894b-406b-9dc3-31d3ccec7f54,2025-10-03 00:00:00+00:00,2025-10-03 17:00:00+00:00,18,0.90875,0.75675,0.75675,0.75675,0.1519999999999999,-0.006999999999999951,0.03725032500000001,True,4.26841913459815,True,True,outside_p10_p90|large_residual
213d70b2-894b-406b-9dc3-31d3ccec7f54,2025-10-03 00:00:00+00:00,2025-10-03 18:00:00+00:00,19,0.94725,0.7565,0.7565,0.7565,0.1907500000000001,-0.008500000000000008,0.03465577499999988,True,5.749402516608004,True,True,outside_p10_p90|large_residual
213d70b2-894b-406b-9dc3-31d3ccec7f54,2025-10-03 00:00:00+00:00,2025-10-03 19:00:00+00:00,20,1.00075,0.75925,0.75925,0.75925,0.24150000000000005,-0.007749999999999924,0.03725032500000009,True,6.691216788041429,True,True,outside_p10_p90|large_residual
213d70b2-894b-406b-9dc3-31d3ccec7f54,2025-10-03 00:00:00+00:00,2025-10-03 20:00:00+00:00,21,1.07175,0.76625,0.76625,0.76625,0.3055,-0.007874999999999965,0.044292674999999976,True,7.075097631831903,True,True,outside_p10_p90|large_residual
213d70b2-894b-406b-9dc3-31d3ccec7f54,2025-10-03 00:00:00+00:00,2025-10-03 21:00:00+00:00,22,1.14925,0.769,0.769,0.769,0.3802500000000001,-0.009374999999999967,0.042810074999999975,True,9.10124544280757,True,True,outside_p10_p90|large_residual
213d70b2-894b-406b-9dc3-31d3ccec7f54,2025-10-03 00:00:00+00:00,2025-10-03 22:00:00+00:00,23,1.22875,0.77675,0.77675,0.77675,0.45199999999999996,-0.00912500000000005,0.04392202500000002,True,10.498719036747504,True,True,outside_p10_p90|large_residual
213d70b2-894b-406b-9dc3-31d3ccec7f54,2025-10-03 00:00:00+00:00,2025-10-03 23:00:00+00:00,24,1.30725,0.7875000000000001,0.7875000000000001,0.7875000000000001,0.5197499999999999,-0.008499999999999897,0.04725787500000006,True,11.178031174698381,True,True,outside_p10_p90|large_residual
213d70b2-894b-406b-9dc3-31d3ccec7f54,2025-10-04 00:00:00+00:00,2025-10-04 00:00:00+00:00,1,1.3855,0.799,0.799,0.799,0.5864999999999999,-0.008375000000000021,0.04410734999999991,True,13.486981194744212,True,True,outside_p10_p90|large_residual
213d70b2-894b-406b-9dc3-31d3ccec7f54,2025-10-04 00:00:00+00:00,2025-10-04 01:00:00+00:00,2,1.46625,0.8095000000000001,0.8095000000000001,0.8095000000000001,0.65675,-0.007250000000000034,0.047443199999999956,True,13.99568325913936,True,True,outside_p10_p90|large_residual
213d70b2-894b-406b-9dc3-31d3ccec7f54,2025-10-04 00:00:00+00:00,2025-10-04 02:00:00+00:00,3,1.55525,0.8205,0.8205,0.8205,0.73475,-0.007124999999999937,0.04503397500000014,True,16.4736734876279,True,True,outside_p10_p90|large_residual
213d70b2-894b-406b-9dc3-31d3ccec7f54,2025-10-04 00:00:00+00:00,2025-10-04 03:00:00+00:00,4,1.667,0.8242499999999999,0.8242499999999999,0.8242499999999999,0.8427500000000001,-0.007249999999999979,0.042995399999999954,True,19.769556743279537,True,True,outside_p10_p90|large_residual
213d70b2-894b-406b-9dc3-31d3ccec7f54,2025-10-04 00:00:00+00:00,2025-10-04 04:00:00+00:00,5,1.79025,0.8282499999999999,0.8282499999999999,0.8282499999999999,0.962,-0.007000000000000006,0.04243942500000002,True,22.83254308935617,True,True,outside_p10_p90|large_residual
213d70b2-894b-406b-9dc3-31d3ccec7f54,2025-10-04 00:00:00+00:00,2025-10-04 05:00:00+00:00,6,1.939,0.8334999999999999,0.8334999999999999,0.8334999999999999,1.1055000000000001,-0.006749999999999978,0.0481845,True,23.083149145472095,True,True,outside_p10_p90|large_residual
213d70b2-894b-406b-9dc3-31d3ccec7f54,2025-10-04 00:00:00+00:00,2025-10-04 06:00:00+00:00,7,2.0977499999999996,0.8372499999999999,0.8372499999999999,0.8372499999999999,1.2604999999999995,-0.005625000000000047,0.04577527499999981,True,27.65958260217999,True,True,outside_p10_p90|large_residual
213d70b2-894b-406b-9dc3-31d3ccec7f54,2025-10-04 00:00:00+00:00,2025-10-04 07:00:00+00:00,8,2.269,0.8372499999999999,0.8372499999999999,0.8372499999999999,1.43175,-0.005875000000000019,0.03947422499999993,True,36.41933438845228,True,True,outside_p10_p90|large_residual
213d70b2-894b-406b-9dc3-31d3ccec7f54,2025-10-04 00:00:00+00:00,2025-10-04 08:00:00+00:00,9,2.43825,0.83975,0.83975,0.83975,1.5985,-0.003375000000000017,0.04355137499999981,True,36.78127269230896,True,True,outside_p10_p90|large_residual
213d70b2-894b-406b-9dc3-31d3ccec7f54,2025-10-04 00:00:00+00:00,2025-10-04 09:00:00+00:00,10,2.605,0.8455,0.8455,0.8455,1.7595,-0.006374999999999964,0.039103574999999974,True,45.158914498226856,True,True,outside_p10_p90|large_residual
213d70b2-894b-406b-9dc3-31d3ccec7f54,2025-10-04 00:00:00+00:00,2025-10-04 10:00:00+00:00,11,2.76075,0.84475,0.84475,0.84475,1.916,-0.007249999999999979,0.04855515000000008,True,39.60959856987357,True,True,outside_p10_p90|large_residual
213d70b2-894b-406b-9dc3-31d3ccec7f54,2025-10-04 00:00:00+00:00,2025-10-04 11:00:00+00:00,12,2.914,0.851,0.851,0.851,2.063,-0.00737500000000002,0.03928889999999995,True,52.696181364202175,True,True,outside_p10_p90|large_residual
213d70b2-894b-406b-9dc3-31d3ccec7f54,2025-10-04 00:00:00+00:00,2025-10-04 12:00:00+00:00,13,3.0597499999999997,0.856,0.856,0.856,2.20375,-0.0063750000000000195,0.038362274999999973,True,57.611937769592686,True,True,outside_p10_p90|large_residual
213d70b2-894b-406b-9dc3-31d3ccec7f54,2025-10-04 00:00:00+00:00,2025-10-04 13:00:00+00:00,14,3.194,0.8574999999999999,0.8574999999999999,0.8574999999999999,2.3365,-0.007249999999999923,0.03354382500000009,True,69.87128033252003,True,True,outside_p10_p90|large_residual
213d70b2-894b-406b-9dc3-31d3ccec7f54,2025-10-04 00:00:00+00:00,2025-10-04 14:00:00+00:00,15,3.3162499999999997,0.86075,0.86075,0.86075,2.4555,-0.007749999999999979,0.03669435000000007,True,67.12886316285737,True,True,outside_p10_p90|large_residual
213d70b2-894b-406b-9dc3-31d3ccec7f54,2025-10-04 00:00:00+00:00,2025-10-04 15:00:00+00:00,16,3.42325,0.8785,0.8785,0.8785,2.54475,-0.007624999999999993,0.0344704499999999,True,74.04530547178837,True,True,outside_p10_p90|large_residual
213d70b2-894b-406b-9dc3-31d3ccec7f54,2025-10-04 00:00:00+00:00,2025-10-04 16:00:00+00:00,17,3.51525,0.8955,0.8955,0.8955,2.61975,-0.009250000000000036,0.03502642500000001,True,75.05761721328966,True,True,outside_p10_p90|large_residual
213d70b2-894b-406b-9dc3-31d3ccec7f54,2025-10-04 00:00:00+00:00,2025-10-04 17:00:00+00:00,18,3.594,0.90875,0.90875,0.90875,2.68525,-0.006999999999999951,0.03725032500000001,True,72.2745372020244,True,True,outside_p10_p90|large_residual
213d70b2-894b-406b-9dc3-31d3ccec7f54,2025-10-04 00:00:00+00:00,2025-10-04 18:00:00+00:00,19,3.66025,0.94725,0.94725,0.94725,2.713,-0.008500000000000008,0.03465577499999988,True,78.52948029585285,True,True,outside_p10_p90|large_residual
213d70b2-894b-406b-9dc3-31d3ccec7f54,2025-10-04 00:00:00+00:00,2025-10-04 19:00:00+00:00,20,3.7165,1.00075,1.00075,1.00075,2.71575,-0.007749999999999924,0.03725032500000009,True,73.11345605709461,True,True,outside_p10_p90|large_residual
213d70b2-894b-406b-9dc3-31d3ccec7f54,2025-10-04 00:00:00+00:00,2025-10-04 20:00:00+00:00,21,3.759,1.07175,1.07175,1.07175,2.6872499999999997,-0.007874999999999965,0.044292674999999976,True,60.84809734340951,True,True,outside_p10_p90|large_residual
213d70b2-894b-406b-9dc3-31d3ccec7f54,2025-10-04 00:00:00+00:00,2025-10-04 21:00:00+00:00,22,3.79425,1.14925,1.14925,1.14925,2.6449999999999996,-0.009374999999999967,0.042810074999999975,True,62.00351202374677,True,True,outside_p10_p90|large_residual
213d70b2-894b-406b-9dc3-31d3ccec7f54,2025-10-04 00:00:00+00:00,2025-10-04 22:00:00+00:00,23,3.8155,1.22875,1.22875,1.22875,2.5867500000000003,-0.00912500000000005,0.04392202500000002,True,59.10189705506518,True,True,outside_p10_p90|large_residual
213d70b2-894b-406b-9dc3-31d3ccec7f54,2025-10-04 00:00:00+00:00,2025-10-04 23:00:00+00:00,24,3.828749999999999,1.30725,1.30725,1.30725,2.5214999999999987,-0.008499999999999897,0.04725787500000006,True,53.53605086982847,True,True,outside_p10_p90|large_residual
213d70b2-894b-406b-9dc3-31d3ccec7f54,2025-10-05 00:00:00+00:00,2025-10-05 00:00:00+00:00,1,3.83075,1.3855,1.3855,1.3855,2.44525,-0.008375000000000021,0.04410734999999991,True,55.62848368809291,True,True,outside_p10_p90|large_residual
213d70b2-894b-406b-9dc3-31d3ccec7f54,2025-10-05 00:00:00+00:00,2025-10-05 01:00:00+00:00,2,3.83025,1.46625,1.46625,1.46625,2.364,-0.007250000000000034,0.047443199999999956,True,49.98081916902743,True,True,outside_p10_p90|large_residual
213d70b2-894b-406b-9dc3-31d3ccec7f54,2025-10-05 00:00:00+00:00,2025-10-05 02:00:00+00:00,3,3.824749999999999,1.55525,1.55525,1.55525,2.269499999999999,-0.007124999999999937,0.04503397500000014,True,50.553498775091285,True,True,outside_p10_p90|large_residual
213d70b2-894b-406b-9dc3-31d3ccec7f54,2025-10-05 00:00:00+00:00,2025-10-05 03:00:00+00:00,4,3.80975,1.667,1.667,1.667,2.1427500000000004,-0.007249999999999979,0.042995399999999954,True,50.00534940947177,True,True,outside_p10_p90|large_residual
213d70b2-894b-406b-9dc3-31d3ccec7f54,2025-10-05 00:00:00+00:00,2025-10-05 04:00:00+00:00,5,3.7945,1.79025,1.79025,1.79025,2.0042500000000003,-0.007000000000000006,0.04243942500000002,True,47.391075633093514,True,True,outside_p10_p90|large_residual
213d70b2-894b-406b-9dc3-31d3ccec7f54,2025-10-05 00:00:00+00:00,2025-10-05 05:00:00+00:00,6,3.77575,1.939,1.939,1.939,1.8367499999999999,-0.006749999999999978,0.0481845,True,38.25919123369548,True,True,outside_p10_p90|large_residual
213d70b2-894b-406b-9dc3-31d3ccec7f54,2025-10-05 00:00:00+00:00,2025-10-05 06:00:00+00:00,7,3.755,2.0977499999999996,2.0977499999999996,2.0977499999999996,1.6572500000000003,-0.005625000000000047,0.04577527499999981,True,36.32692539804528,True,True,outside_p10_p90|large_residual
213d70b2-894b-406b-9dc3-31d3ccec7f54,2025-10-05 00:00:00+00:00,2025-10-05 07:00:00+00:00,8,3.739,2.269,2.269,2.269,1.4699999999999998,-0.005875000000000019,0.03947422499999993,True,37.38832111333414,True,True,outside_p10_p90|large_residual
213d70b2-894b-406b-9dc3-31d3ccec7f54,2025-10-05 00:00:00+00:00,2025-10-05 08:00:00+00:00,9,3.721,2.43825,2.43825,2.43825,1.28275,-0.003375000000000017,0.04355137499999981,True,29.531214571296676,True,True,outside_p10_p90|large_residual
213d70b2-894b-406b-9dc3-31d3ccec7f54,2025-10-05 00:00:00+00:00,2025-10-05 09:00:00+00:00,10,3.70375,2.605,2.605,2.605,1.09875,-0.006374999999999964,0.039103574999999974,True,28.261482485936405,True,True,outside_p10_p90|large_residual
213d70b2-894b-406b-9dc3-31d3ccec7f54,2025-10-05 00:00:00+00:00,2025-10-05 10:00:00+00:00,11,3.68125,2.76075,2.76075,2.76075,0.9205000000000001,-0.007249999999999979,0.04855515000000008,True,19.107138995554507,True,True,outside_p10_p90|large_residual
213d70b2-894b-406b-9dc3-31d3ccec7f54,2025-10-05 00:00:00+00:00,2025-10-05 11:00:00+00:00,12,3.64675,2.914,2.914,2.914,0.7327499999999998,-0.00737500000000002,0.03928889999999995,True,18.838017862551528,True,True,outside_p10_p90|large_residual
213d70b2-894b-406b-9dc3-31d3ccec7f54,2025-10-05 00:00:00+00:00,2025-10-05 12:00:00+00:00,13,3.60675,3.0597499999999997,3.0597499999999997,3.0597499999999997,0.5470000000000002,-0.0063750000000000195,0.038362274999999973,True,14.424978706294153,True,True,outside_p10_p90|large_residual
213d70b2-894b-406b-9dc3-31d3ccec7f54,2025-10-05 00:00:00+00:00,2025-10-05 13:00:00+00:00,14,3.5615,3.194,3.194,3.194,0.36750000000000016,-0.007249999999999923,0.03354382500000009,True,11.171951916634406,True,True,outside_p10_p90|large_residual
213d70b2-894b-406b-9dc3-31d3ccec7f54,2025-10-05 00:00:00+00:00,2025-10-05 14:00:00+00:00,15,3.50575,3.3162499999999997,3.3162499999999997,3.3162499999999997,0.18950000000000022,-0.007749999999999979,0.03669435000000007,True,5.375486961889224,True,True,outside_p10_p90|large_residual
213d70b2-894b-406b-9dc3-31d3ccec7f54,2025-10-05 00:00:00+00:00,2025-10-05 15:00:00+00:00,16,3.45575,3.42325,3.42325,3.42325,0.032500000000000195,-0.007624999999999993,0.0344704499999999,True,1.1640405042580035,False,True,outside_p10_p90
213d70b2-894b-406b-9dc3-31d3ccec7f54,2025-10-05 00:00:00+00:00,2025-10-05 16:00:00+00:00,17,3.388,3.51525,3.51525,3.51525,-0.12725000000000009,-0.009250000000000036,0.03502642500000001,True,3.368885063205852,False,True,outside_p10_p90
213d70b2-894b-406b-9dc3-31d3ccec7f54,2025-10-05 00:00:00+00:00,2025-10-05 17:00:00+00:00,18,3.32975,3.594,3.594,3.594,-0.26424999999999965,-0.006999999999999951,0.03725032500000001,True,6.905980014939457,True,True,outside_p10_p90|large_residual
213d70b2-894b-406b-9dc3-31d3ccec7f54,2025-10-05 00:00:00+00:00,2025-10-05 18:00:00+00:00,19,3.26125,3.66025,3.66025,3.66025,-0.399,-0.008500000000000008,0.03465577499999988,True,11.267963275961982,True,True,outside_p10_p90|large_residual
213d70b2-894b-406b-9dc3-31d3ccec7f54,2025-10-05 00:00:00+00:00,2025-10-05 19:00:00+00:00,20,3.1950000000000003,3.7165,3.7165,3.7165,-0.5214999999999996,-0.007749999999999924,0.03725032500000009,True,13.791825977357203,True,True,outside_p10_p90|large_residual
213d70b2-894b-406b-9dc3-31d3ccec7f54,2025-10-05 00:00:00+00:00,2025-10-05 20:00:00+00:00,21,3.13275,3.759,3.759,3.759,-0.6262499999999998,-0.007874999999999965,0.044292674999999976,True,13.96111208004484,True,True,outside_p10_p90|large_residual
213d70b2-894b-406b-9dc3-31d3ccec7f54,2025-10-05 00:00:00+00:00,2025-10-05 21:00:00+00:00,22,3.07425,3.79425,3.79425,3.79425,-0.7199999999999998,-0.009374999999999967,0.042810074999999975,True,16.5994803793266,True,True,outside_p10_p90|large_residual
213d70b2-894b-406b-9dc3-31d3ccec7f54,2025-10-05 00:00:00+00:00,2025-10-05 22:00:00+00:00,23,3.01625,3.8155,3.8155,3.8155,-0.7992500000000002,-0.00912500000000005,0.04392202500000002,True,17.98926620528083,True,True,outside_p10_p90|large_residual
213d70b2-894b-406b-9dc3-31d3ccec7f54,2025-10-05 00:00:00+00:00,2025-10-05 23:00:00+00:00,24,2.9555,3.828749999999999,3.828749999999999,3.828749999999999,-0.8732499999999992,-0.008499999999999897,0.04725787500000006,True,18.298537545329708,True,True,outside_p10_p90|large_residual
213d70b2-894b-406b-9dc3-31d3ccec7f54,2025-10-06 00:00:00+00:00,2025-10-06 00:00:00+00:00,1,2.889,3.83075,3.83075,3.83075,-0.9417500000000003,-0.008375000000000021,0.04410734999999991,True,21.161439079881294,True,True,outside_p10_p90|large_residual
213d70b2-894b-406b-9dc3-31d3ccec7f54,2025-10-06 00:00:00+00:00,2025-10-06 01:00:00+00:00,2,2.8192500000000003,3.83025,3.83025,3.83025,-1.0109999999999997,-0.007250000000000034,0.047443199999999956,True,21.156878119519774,True,True,outside_p10_p90|large_residual
213d70b2-894b-406b-9dc3-31d3ccec7f54,2025-10-06 00:00:00+00:00,2025-10-06 02:00:00+00:00,3,2.7470000000000003,3.824749999999999,3.824749999999999,3.824749999999999,-1.0777499999999987,-0.007124999999999937,0.04503397500000014,True,23.773717509946554,True,True,outside_p10_p90|large_residual
213d70b2-894b-406b-9dc3-31d3ccec7f54,2025-10-06 00:00:00+00:00,2025-10-06 03:00:00+00:00,4,2.6719999999999997,3.80975,3.80975,3.80975,-1.1377500000000005,-0.007249999999999979,0.042995399999999954,True,26.29351046856179,True,True,outside_p10_p90|large_residual
213d70b2-894b-406b-9dc3-31d3ccec7f54,2025-10-06 00:00:00+00:00,2025-10-06 04:00:00+00:00,5,2.59675,3.7945,3.7945,3.7945,-1.19775,-0.007000000000000006,0.04243942500000002,True,28.057637444428135,True,True,outside_p10_p90|large_residual
213d70b2-894b-406b-9dc3-31d3ccec7f54,2025-10-06 00:00:00+00:00,2025-10-06 05:00:00+00:00,6,2.51925,3.77575,3.77575,3.77575,-1.2565,-0.006749999999999978,0.0481845,True,25.93676389710384,True,True,outside_p10_p90|large_residual
213d70b2-894b-406b-9dc3-31d3ccec7f54,2025-10-06 00:00:00+00:00,2025-10-06 06:00:00+00:00,7,2.44325,3.755,3.755,3.755,-1.31175,-0.005625000000000047,0.04577527499999981,True,28.533416784497863,True,True,outside_p10_p90|large_residual
213d70b2-894b-406b-9dc3-31d3ccec7f54,2025-10-06 00:00:00+00:00,2025-10-06 07:00:00+00:00,8,2.3655,3.739,3.739,3.739,-1.3735,-0.005875000000000019,0.03947422499999993,True,34.64602534945277,True,True,outside_p10_p90|large_residual
213d70b2-894b-406b-9dc3-31d3ccec7f54,2025-10-06 00:00:00+00:00,2025-10-06 08:00:00+00:00,9,2.30425,3.721,3.721,3.721,-1.41675,-0.003375000000000017,0.04355137499999981,True,32.4530511378804,True,True,outside_p10_p90|large_residual
213d70b2-894b-406b-9dc3-31d3ccec7f54,2025-10-06 00:00:00+00:00,2025-10-06 09:00:00+00:00,10,2.2565,3.70375,3.70375,3.70375,-1.44725,-0.006374999999999964,0.039103574999999974,True,36.847653954913355,True,True,outside_p10_p90|large_residual
213d70b2-894b-406b-9dc3-31d3ccec7f54,2025-10-06 00:00:00+00:00,2025-10-06 10:00:00+00:00,11,2.203,3.68125,3.68125,3.68125,-1.47825,-0.007249999999999979,0.04855515000000008,True,30.29544754778839,True,True,outside_p10_p90|large_residual
213d70b2-894b-406b-9dc3-31d3ccec7f54,2025-10-06 00:00:00+00:00,2025-10-06 11:00:00+00:00,12,2.14425,3.64675,3.64675,3.64675,-1.5025,-0.00737500000000002,0.03928889999999995,True,38.054641387262095,True,True,outside_p10_p90|large_residual
213d70b2-894b-406b-9dc3-31d3ccec7f54,2025-10-06 00:00:00+00:00,2025-10-06 12:00:00+00:00,13,2.0785,3.60675,3.60675,3.60675,-1.5282499999999999,-0.0063750000000000195,0.038362274999999973,True,39.67113524940846,True,True,outside_p10_p90|large_residual
213d70b2-894b-406b-9dc3-31d3ccec7f54,2025-10-06 00:00:00+00:00,2025-10-06 13:00:00+00:00,14,2.007,3.5615,3.5615,3.5615,-1.5545,-0.007249999999999923,0.03354382500000009,True,46.126224424316426,True,True,outside_p10_p90|large_residual
213d70b2-894b-406b-9dc3-31d3ccec7f54,2025-10-06 00:00:00+00:00,2025-10-06 14:00:00+00:00,15,1.94275,3.50575,3.50575,3.50575,-1.563,-0.007749999999999979,0.03669435000000007,True,42.38390923943324,True,True,outside_p10_p90|large_residual
213d70b2-894b-406b-9dc3-31d3ccec7f54,2025-10-06 00:00:00+00:00,2025-10-06 15:00:00+00:00,16,1.87925,3.45575,3.45575,3.45575,-1.5765,-0.007624999999999993,0.0344704499999999,True,45.51362108704715,True,True,outside_p10_p90|large_residual
213d70b2-894b-406b-9dc3-31d3ccec7f54,2025-10-06 00:00:00+00:00,2025-10-06 16:00:00+00:00,17,1.82025,3.388,3.388,3.388,-1.56775,-0.009250000000000036,0.03502642500000001,True,44.49497772039253,True,True,outside_p10_p90|large_residual
213d70b2-894b-406b-9dc3-31d3ccec7f54,2025-10-06 00:00:00+00:00,2025-10-06 17:00:00+00:00,18,1.76625,3.32975,3.32975,3.32975,-1.5635000000000001,-0.006999999999999951,0.03725032500000001,True,41.784870333346085,True,True,outside_p10_p90|large_residual
213d70b2-894b-406b-9dc3-31d3ccec7f54,2025-10-06 00:00:00+00:00,2025-10-06 18:00:00+00:00,19,1.7255,3.26125,3.26125,3.26125,-1.53575,-0.008500000000000008,0.03465577499999988,True,44.069134220775766,True,True,outside_p10_p90|large_residual
213d70b2-894b-406b-9dc3-31d3ccec7f54,2025-10-06 00:00:00+00:00,2025-10-06 19:00:00+00:00,20,1.6855000000000002,3.1950000000000003,3.1950000000000003,3.1950000000000003,-1.5095,-0.007749999999999924,0.03725032500000009,True,40.31508449926266,True,True,outside_p10_p90|large_residual
213d70b2-894b-406b-9dc3-31d3ccec7f54,2025-10-06 00:00:00+00:00,2025-10-06 20:00:00+00:00,21,1.6455,3.13275,3.13275,3.13275,-1.4872500000000002,-0.007874999999999965,0.044292674999999976,True,33.39999221090171,True,True,outside_p10_p90|large_residual
213d70b2-894b-406b-9dc3-31d3ccec7f54,2025-10-06 00:00:00+00:00,2025-10-06 21:00:00+00:00,22,1.6095,3.07425,3.07425,3.07425,-1.4647500000000002,-0.009374999999999967,0.042810074999999975,True,33.99608620167101,True,True,outside_p10_p90|large_residual
213d70b2-894b-406b-9dc3-31d3ccec7f54,2025-10-06 00:00:00+00:00,2025-10-06 22:00:00+00:00,23,1.5757500000000002,3.01625,3.01625,3.01625,-1.4404999999999997,-0.00912500000000005,0.04392202500000002,True,32.589002897748884,True,True,outside_p10_p90|large_residual
213d70b2-894b-406b-9dc3-31d3ccec7f54,2025-10-06 00:00:00+00:00,2025-10-06 23:00:00+00:00,24,1.53775,2.9555,2.9555,2.9555,-1.4177499999999998,-0.008499999999999897,0.04725787500000006,True,29.82042675427107,True,True,outside_p10_p90|large_residual
213d70b2-894b-406b-9dc3-31d3ccec7f54,2025-10-07 00:00:00+00:00,2025-10-07 00:00:00+00:00,1,1.50075,2.889,2.889,2.889,-1.3882499999999998,-0.008375000000000021,0.04410734999999991,True,31.284468461605663,True,True,outside_p10_p90|large_residual
213d70b2-894b-406b-9dc3-31d3ccec7f54,2025-10-07 00:00:00+00:00,2025-10-07 01:00:00+00:00,2,1.4635,2.8192500000000003,2.8192500000000003,2.8192500000000003,-1.3557500000000002,-0.007250000000000034,0.047443199999999956,True,28.423462161068425,True,True,outside_p10_p90|large_residual
213d70b2-894b-406b-9dc3-31d3ccec7f54,2025-10-07 00:00:00+00:00,2025-10-07 02:00:00+00:00,3,1.433,2.7470000000000003,2.7470000000000003,2.7470000000000003,-1.3140000000000003,-0.007124999999999937,0.04503397500000014,True,29.019756750320088,True,True,outside_p10_p90|large_residual
213d70b2-894b-406b-9dc3-31d3ccec7f54,2025-10-07 00:00:00+00:00,2025-10-07 03:00:00+00:00,4,1.4025,2.6719999999999997,2.6719999999999997,2.6719999999999997,-1.2694999999999996,-0.007249999999999979,0.042995399999999954,True,29.357791763770102,True,True,outside_p10_p90|large_residual
213d70b2-894b-406b-9dc3-31d3ccec7f54,2025-10-07 00:00:00+00:00,2025-10-07 04:00:00+00:00,5,1.376,2.59675,2.59675,2.59675,-1.2207500000000002,-0.007000000000000006,0.04243942500000002,True,28.59958635160584,True,True,outside_p10_p90|large_residual
213d70b2-894b-406b-9dc3-31d3ccec7f54,2025-10-07 00:00:00+00:00,2025-10-07 05:00:00+00:00,6,1.3502500000000002,2.51925,2.51925,2.51925,-1.1689999999999998,-0.006749999999999978,0.0481845,True,24.12082723697454,True,True,outside_p10_p90|large_residual
213d70b2-894b-406b-9dc3-31d3ccec7f54,2025-10-07 00:00:00+00:00,2025-10-07 06:00:00+00:00,7,1.32275,2.44325,2.44325,2.44325,-1.1204999999999998,-0.005625000000000047,0.04577527499999981,True,24.355397100290592,True,True,outside_p10_p90|large_residual
213d70b2-894b-406b-9dc3-31d3ccec7f54,2025-10-07 00:00:00+00:00,2025-10-07 07:00:00+00:00,8,1.30375,2.3655,2.3655,2.3655,-1.06175,-0.005875000000000019,0.03947422499999993,True,26.74846687933713,True,True,outside_p10_p90|large_residual
213d70b2-894b-406b-9dc3-31d3ccec7f54,2025-10-07 00:00:00+00:00,2025-10-07 08:00:00+00:00,9,1.2855,2.30425,2.30425,2.30425,-1.01875,-0.003375000000000017,0.04355137499999981,True,23.31441889033365,True,True,outside_p10_p90|large_residual
213d70b2-894b-406b-9dc3-31d3ccec7f54,2025-10-07 00:00:00+00:00,2025-10-07 09:00:00+00:00,10,1.2719999999999998,2.2565,2.2565,2.2565,-0.9845000000000002,-0.006374999999999964,0.039103574999999974,True,25.013697596703135,True,True,outside_p10_p90|large_residual
213d70b2-894b-406b-9dc3-31d3ccec7f54,2025-10-07 00:00:00+00:00,2025-10-07 10:00:00+00:00,11,1.2595,2.203,2.203,2.203,-0.9434999999999998,-0.007249999999999979,0.04855515000000008,True,19.28219766595301,True,True,outside_p10_p90|large_residual
213d70b2-894b-406b-9dc3-31d3ccec7f54,2025-10-07 00:00:00+00:00,2025-10-07 11:00:00+00:00,12,1.24225,2.14425,2.14425,2.14425,-0.9019999999999999,-0.00737500000000002,0.03928889999999995,True,22.770426252707534,True,True,outside_p10_p90|large_residual
213d70b2-894b-406b-9dc3-31d3ccec7f54,2025-10-07 00:00:00+00:00,2025-10-07 12:00:00+00:00,13,1.22675,2.0785,2.0785,2.0785,-0.85175,-0.0063750000000000195,0.038362274999999973,True,22.036623219034862,True,True,outside_p10_p90|large_residual
213d70b2-894b-406b-9dc3-31d3ccec7f54,2025-10-07 00:00:00+00:00,2025-10-07 13:00:00+00:00,14,1.21075,2.007,2.007,2.007,-0.7962500000000001,-0.007249999999999923,0.03354382500000009,True,23.521467811139548,True,True,outside_p10_p90|large_residual
213d70b2-894b-406b-9dc3-31d3ccec7f54,2025-10-07 00:00:00+00:00,2025-10-07 14:00:00+00:00,15,1.1955,1.94275,1.94275,1.94275,-0.74725,-0.007749999999999979,0.03669435000000007,True,20.152966328603686,True,True,outside_p10_p90|large_residual
213d70b2-894b-406b-9dc3-31d3ccec7f54,2025-10-07 00:00:00+00:00,2025-10-07 15:00:00+00:00,16,1.1815000000000002,1.87925,1.87925,1.87925,-0.6977499999999999,-0.007624999999999993,0.0344704499999999,True,20.020771414356407,True,True,outside_p10_p90|large_residual
213d70b2-894b-406b-9dc3-31d3ccec7f54,2025-10-07 00:00:00+00:00,2025-10-07 16:00:00+00:00,17,1.1675,1.82025,1.82025,1.82025,-0.6527499999999999,-0.009250000000000036,0.03502642500000001,True,18.371843543838683,True,True,outside_p10_p90|large_residual
213d70b2-894b-406b-9dc3-31d3ccec7f54,2025-10-07 00:00:00+00:00,2025-10-07 17:00:00+00:00,18,1.157,1.76625,1.76625,1.76625,-0.6092500000000001,-0.006999999999999951,0.03725032500000001,True,16.167644174916596,True,True,outside_p10_p90|large_residual
213d70b2-894b-406b-9dc3-31d3ccec7f54,2025-10-07 00:00:00+00:00,2025-10-07 18:00:00+00:00,19,1.14325,1.7255,1.7255,1.7255,-0.5822499999999999,-0.008500000000000008,0.03465577499999988,True,16.555682278061937,True,True,outside_p10_p90|large_residual
213d70b2-894b-406b-9dc3-31d3ccec7f54,2025-10-07 00:00:00+00:00,2025-10-07 19:00:00+00:00,20,1.1324999999999998,1.6855000000000002,1.6855000000000002,1.6855000000000002,-0.5530000000000004,-0.007749999999999924,0.03725032500000009,True,14.637456183268176,True,True,outside_p10_p90|large_residual
213d70b2-894b-406b-9dc3-31d3ccec7f54,2025-10-07 00:00:00+00:00,2025-10-07 20:00:00+00:00,21,1.12275,1.6455,1.6455,1.6455,-0.52275,-0.007874999999999965,0.044292674999999976,True,11.624382586962751,True,True,outside_p10_p90|large_residual
213d70b2-894b-406b-9dc3-31d3ccec7f54,2025-10-07 00:00:00+00:00,2025-10-07 21:00:00+00:00,22,1.11275,1.6095,1.6095,1.6095,-0.49675,-0.009374999999999967,0.042810074999999975,True,11.384586455407993,True,True,outside_p10_p90|large_residual
213d70b2-894b-406b-9dc3-31d3ccec7f54,2025-10-07 00:00:00+00:00,2025-10-07 22:00:00+00:00,23,1.1052499999999998,1.5757500000000002,1.5757500000000002,1.5757500000000002,-0.47050000000000036,-0.00912500000000005,0.04392202500000002,True,10.504410941890773,True,True,outside_p10_p90|large_residual
213d70b2-894b-406b-9dc3-31d3ccec7f54,2025-10-07 00:00:00+00:00,2025-10-07 23:00:00+00:00,24,1.0965,1.53775,1.53775,1.53775,-0.4412499999999999,-0.008499999999999897,0.04725787500000006,True,9.157203958070468,True,True,outside_p10_p90|large_residual
213d70b2-894b-406b-9dc3-31d3ccec7f54,2025-10-08 00:00:00+00:00,2025-10-08 00:00:00+00:00,1,1.08575,1.50075,1.50075,1.50075,-0.41500000000000004,-0.008375000000000021,0.04410734999999991,True,9.218985044442725,True,True,outside_p10_p90|large_residual
213d70b2-894b-406b-9dc3-31d3ccec7f54,2025-10-08 00:00:00+00:00,2025-10-08 01:00:00+00:00,2,1.07675,1.4635,1.4635,1.4635,-0.3867499999999999,-0.007250000000000034,0.047443199999999956,True,7.999038850667751,True,True,outside_p10_p90|large_residual
213d70b2-894b-406b-9dc3-31d3ccec7f54,2025-10-08 00:00:00+00:00,2025-10-08 02:00:00+00:00,3,1.0665,1.433,1.433,1.433,-0.36650000000000005,-0.007124999999999937,0.04503397500000014,True,7.980086146070805,True,True,outside_p10_p90|large_residual
213d70b2-894b-406b-9dc3-31d3ccec7f54,2025-10-08 00:00:00+00:00,2025-10-08 03:00:00+00:00,4,1.05775,1.4025,1.4025,1.4025,-0.3447500000000001,-0.007249999999999979,0.042995399999999954,True,7.849676942184524,True,True,outside_p10_p90|large_residual
213d70b2-894b-406b-9dc3-31d3ccec7f54,2025-10-08 00:00:00+00:00,2025-10-08 04:00:00+00:00,5,1.05,1.376,1.376,1.376,-0.32599999999999985,-0.007000000000000006,0.04243942500000002,True,7.516595712595063,True,True,outside_p10_p90|large_residual
213d70b2-894b-406b-9dc3-31d3ccec7f54,2025-10-08 00:00:00+00:00,2025-10-08 05:00:00+00:00,6,1.04225,1.3502500000000002,1.3502500000000002,1.3502500000000002,-0.3080000000000003,-0.006749999999999978,0.0481845,True,6.252010501302292,True,True,outside_p10_p90|large_residual
213d70b2-894b-406b-9dc3-31d3ccec7f54,2025-10-08 00:00:00+00:00,2025-10-08 06:00:00+00:00,7,1.0365,1.32275,1.32275,1.32275,-0.2862500000000001,-0.005625000000000047,0.04577527499999981,True,6.130492935323736,True,True,outside_p10_p90|large_residual
213d70b2-894b-406b-9dc3-31d3ccec7f54,2025-10-08 00:00:00+00:00,2025-10-08 07:00:00+00:00,8,1.02875,1.30375,1.30375,1.30375,-0.2749999999999999,-0.005875000000000019,0.03947422499999993,True,6.817739930296297,True,True,outside_p10_p90|large_residual
213d70b2-894b-406b-9dc3-31d3ccec7f54,2025-10-08 00:00:00+00:00,2025-10-08 08:00:00+00:00,9,1.02425,1.2855,1.2855,1.2855,-0.26125,-0.003375000000000017,0.04355137499999981,True,5.921167816171156,True,True,outside_p10_p90|large_residual
213d70b2-894b-406b-9dc3-31d3ccec7f54,2025-10-08 00:00:00+00:00,2025-10-08 09:00:00+00:00,10,1.02325,1.2719999999999998,1.2719999999999998,1.2719999999999998,-0.2487499999999998,-0.006374999999999964,0.039103574999999974,True,6.198282382109564,True,True,outside_p10_p90|large_residual
213d70b2-894b-406b-9dc3-31d3ccec7f54,2025-10-08 00:00:00+00:00,2025-10-08 10:00:00+00:00,11,1.0205,1.2595,1.2595,1.2595,-0.2390000000000001,-0.007249999999999979,0.04855515000000008,True,4.772923160571016,True,True,outside_p10_p90|large_residual
213d70b2-894b-406b-9dc3-31d3ccec7f54,2025-10-08 00:00:00+00:00,2025-10-08 11:00:00+00:00,12,1.01875,1.24225,1.24225,1.24225,-0.22350000000000003,-0.00737500000000002,0.03928889999999995,True,5.50091756195771,True,True,outside_p10_p90|large_residual
213d70b2-894b-406b-9dc3-31d3ccec7f54,2025-10-08 00:00:00+00:00,2025-10-08 12:00:00+00:00,13,1.0145,1.22675,1.22675,1.22675,-0.21225000000000005,-0.0063750000000000195,0.038362274999999973,True,5.366600390618132,True,True,outside_p10_p90|large_residual
213d70b2-894b-406b-9dc3-31d3ccec7f54,2025-10-08 00:00:00+00:00,2025-10-08 13:00:00+00:00,14,1.0105,1.21075,1.21075,1.21075,-0.20025000000000004,-0.007249999999999923,0.03354382500000009,True,5.753667031115253,True,True,outside_p10_p90|large_residual
213d70b2-894b-406b-9dc3-31d3ccec7f54,2025-10-08 00:00:00+00:00,2025-10-08 14:00:00+00:00,15,1.0105,1.1955,1.1955,1.1955,-0.18500000000000005,-0.007749999999999979,0.03669435000000007,True,4.830443923928336,True,True,outside_p10_p90|large_residual
213d70b2-894b-406b-9dc3-31d3ccec7f54,2025-10-08 00:00:00+00:00,2025-10-08 15:00:00+00:00,16,1.00575,1.1815000000000002,1.1815000000000002,1.1815000000000002,-0.1757500000000003,-0.007624999999999993,0.0344704499999999,True,4.877365975785079,True,True,outside_p10_p90|large_residual
213d70b2-894b-406b-9dc3-31d3ccec7f54,2025-10-08 00:00:00+00:00,2025-10-08 16:00:00+00:00,17,1.004,1.1675,1.1675,1.1675,-0.16349999999999998,-0.009250000000000036,0.03502642500000001,True,4.4038179745720525,True,True,outside_p10_p90|large_residual
213d70b2-894b-406b-9dc3-31d3ccec7f54,2025-10-08 00:00:00+00:00,2025-10-08 17:00:00+00:00,18,1.0005,1.157,1.157,1.157,-0.15650000000000008,-0.006999999999999951,0.03725032500000001,True,4.013387802656758,True,True,outside_p10_p90|large_residual
213d70b2-894b-406b-9dc3-31d3ccec7f54,2025-10-08 00:00:00+00:00,2025-10-08 18:00:00+00:00,19,0.996,1.14325,1.14325,1.14325,-0.1472500000000001,-0.008500000000000008,0.03465577499999988,True,4.003661727374459,True,True,outside_p10_p90|large_residual
213d70b2-894b-406b-9dc3-31d3ccec7f54,2025-10-08 00:00:00+00:00,2025-10-08 19:00:00+00:00,20,0.99225,1.1324999999999998,1.1324999999999998,1.1324999999999998,-0.14024999999999987,-0.007749999999999924,0.03725032500000009,True,3.5570159454984522,True,True,outside_p10_p90|large_residual
213d70b2-894b-406b-9dc3-31d3ccec7f54,2025-10-08 00:00:00+00:00,2025-10-08 20:00:00+00:00,21,0.9895,1.12275,1.12275,1.12275,-0.13324999999999987,-0.007874999999999965,0.044292674999999976,True,2.8306034801465474,False,True,outside_p10_p90
213d70b2-894b-406b-9dc3-31d3ccec7f54,2025-10-08 00:00:00+00:00,2025-10-08 21:00:00+00:00,22,0.988,1.11275,1.11275,1.11275,-0.12474999999999992,-0.009374999999999967,0.042810074999999975,True,2.6950431644887334,False,True,outside_p10_p90
213d70b2-894b-406b-9dc3-31d3ccec7f54,2025-10-08 00:00:00+00:00,2025-10-08 22:00:00+00:00,23,0.9855,1.1052499999999998,1.1052499999999998,1.1052499999999998,-0.1197499999999998,-0.00912500000000005,0.04392202500000002,True,2.518668025893608,False,True,outside_p10_p90
213d70b2-894b-406b-9dc3-31d3ccec7f54,2025-10-08 00:00:00+00:00,2025-10-08 23:00:00+00:00,24,0.982,1.0965,1.0965,1.0965,-0.11450000000000005,-0.008499999999999897,0.04725787500000006,True,2.2430124079849127,False,True,outside_p10_p90
213d70b2-894b-406b-9dc3-31d3ccec7f54,2025-10-09 00:00:00+00:00,2025-10-09 00:00:00+00:00,1,0.98025,1.08575,1.08575,1.08575,-0.10550000000000004,-0.008375000000000021,0.04410734999999991,True,2.2020139500559477,False,True,outside_p10_p90
213d70b2-894b-406b-9dc3-31d3ccec7f54,2025-10-09 00:00:00+00:00,2025-10-09 01:00:00+00:00,2,0.9775,1.07675,1.07675,1.07675,-0.09925000000000006,-0.007250000000000034,0.047443199999999956,True,1.9391609334952133,False,True,outside_p10_p90
213d70b2-894b-406b-9dc3-31d3ccec7f54,2025-10-09 00:00:00+00:00,2025-10-09 02:00:00+00:00,3,0.97425,1.0665,1.0665,1.0665,-0.09225000000000005,-0.007124999999999937,0.04503397500000014,True,1.8902395358171213,False,True,outside_p10_p90
213d70b2-894b-406b-9dc3-31d3ccec7f54,2025-10-09 00:00:00+00:00,2025-10-09 03:00:00+00:00,4,0.97475,1.05775,1.05775,1.05775,-0.08299999999999996,-0.007249999999999979,0.042995399999999954,True,1.76181638035697,False,True,outside_p10_p90
213d70b2-894b-406b-9dc3-31d3ccec7f54,2025-10-09 00:00:00+00:00,2025-10-09 04:00:00+00:00,5,0.973,1.05,1.05,1.05,-0.07700000000000007,-0.007000000000000006,0.04243942500000002,True,1.6494097174973514,False,True,outside_p10_p90
213d70b2-894b-406b-9dc3-31d3ccec7f54,2025-10-09 00:00:00+00:00,2025-10-09 05:00:00+00:00,6,0.97125,1.04225,1.04225,1.04225,-0.07099999999999995,-0.006749999999999978,0.0481845,True,1.333416347580653,False,True,outside_p10_p90
213d70b2-894b-406b-9dc3-31d3ccec7f54,2025-10-09 00:00:00+00:00,2025-10-09 06:00:00+00:00,7,0.97,1.0365,1.0365,1.0365,-0.0665,-0.005625000000000047,0.04577527499999981,True,1.329866396214992,False,True,outside_p10_p90
213d70b2-894b-406b-9dc3-31d3ccec7f54,2025-10-09 00:00:00+00:00,2025-10-09 07:00:00+00:00,8,0.96775,1.02875,1.02875,1.02875,-0.061000000000000054,-0.005875000000000019,0.03947422499999993,True,1.3964808682121088,False,True,outside_p10_p90
213d70b2-894b-406b-9dc3-31d3ccec7f54,2025-10-09 00:00:00+00:00,2025-10-09 08:00:00+00:00,9,0.96725,1.02425,1.02425,1.02425,-0.05700000000000005,-0.003375000000000017,0.04355137499999981,True,1.231304407725365,False,True,outside_p10_p90
213d70b2-894b-406b-9dc3-31d3ccec7f54,2025-10-09 00:00:00+00:00,2025-10-09 09:00:00+00:00,10,0.9675,1.02325,1.02325,1.02325,-0.055749999999999966,-0.006374999999999964,0.039103574999999974,True,1.2626722748495511,False,True,outside_p10_p90
213d70b2-894b-406b-9dc3-31d3ccec7f54,2025-10-09 00:00:00+00:00,2025-10-09 10:00:00+00:00,11,0.9655,1.0205,1.0205,1.0205,-0.05499999999999994,-0.007249999999999979,0.04855515000000008,True,0.9834178248857203,False,True,outside_p10_p90
213d70b2-894b-406b-9dc3-31d3ccec7f54,2025-10-09 00:00:00+00:00,2025-10-09 11:00:00+00:00,12,0.965,1.01875,1.01875,1.01875,-0.053750000000000075,-0.00737500000000002,0.03928889999999995,True,1.1803588290840443,False,True,outside_p10_p90
213d70b2-894b-406b-9dc3-31d3ccec7f54,2025-10-09 00:00:00+00:00,2025-10-09 12:00:00+00:00,13,0.96425,1.0145,1.0145,1.0145,-0.050249999999999906,-0.0063750000000000195,0.038362274999999973,True,1.1437017225907462,False,True,outside_p10_p90
213d70b2-894b-406b-9dc3-31d3ccec7f54,2025-10-09 00:00:00+00:00,2025-10-09 13:00:00+00:00,14,0.958,1.0105,1.0105,1.0105,-0.05249999999999999,-0.007249999999999923,0.03354382500000009,True,1.3489815189531889,False,True,outside_p10_p90
213d70b2-894b-406b-9dc3-31d3ccec7f54,2025-10-09 00:00:00+00:00,2025-10-09 14:00:00+00:00,15,0.9585,1.0105,1.0105,1.0105,-0.051999999999999935,-0.007749999999999979,0.03669435000000007,True,1.2059077214884546,False,True,outside_p10_p90
213d70b2-894b-406b-9dc3-31d3ccec7f54,2025-10-09 00:00:00+00:00,2025-10-09 15:00:00+00:00,16,0.952,1.00575,1.00575,1.00575,-0.053749999999999964,-0.007624999999999993,0.0344704499999999,True,1.3381026357358288,False,True,outside_p10_p90
213d70b2-894b-406b-9dc3-31d3ccec7f54,2025-10-09 00:00:00+00:00,2025-10-09 16:00:00+00:00,17,0.94725,1.004,1.004,1.004,-0.05674999999999997,-0.009250000000000036,0.03502642500000001,True,1.3561189873074377,False,True,outside_p10_p90
213d70b2-894b-406b-9dc3-31d3ccec7f54,2025-10-09 00:00:00+00:00,2025-10-09 17:00:00+00:00,18,0.941,1.0005,1.0005,1.0005,-0.0595,-0.006999999999999951,0.03725032500000001,True,1.4093836765182595,False,True,outside_p10_p90
213d70b2-894b-406b-9dc3-31d3ccec7f54,2025-10-09 00:00:00+00:00,2025-10-09 18:00:00+00:00,19,0.938,0.996,0.996,0.996,-0.05800000000000005,-0.008500000000000008,0.03465577499999988,True,1.4283333730092664,False,True,outside_p10_p90
213d70b2-894b-406b-9dc3-31d3ccec7f54,2025-10-09 00:00:00+00:00,2025-10-09 19:00:00+00:00,20,0.933,0.99225,0.99225,0.99225,-0.059249999999999914,-0.007749999999999924,0.03725032500000009,True,1.3825382731560023,False,True,outside_p10_p90
213d70b2-894b-406b-9dc3-31d3ccec7f54,2025-10-09 00:00:00+00:00,2025-10-09 20:00:00+00:00,21,0.92875,0.9895,0.9895,0.9895,-0.06075000000000008,-0.007874999999999965,0.044292674999999976,True,1.1937639801615085,False,True,outside_p10_p90
213d70b2-894b-406b-9dc3-31d3ccec7f54,2025-10-09 00:00:00+00:00,2025-10-09 21:00:00+00:00,22,0.92625,0.988,0.988,0.988,-0.06174999999999997,-0.009374999999999967,0.042810074999999975,True,1.2234269619943445,False,True,outside_p10_p90
213d70b2-894b-406b-9dc3-31d3ccec7f54,2025-10-09 00:00:00+00:00,2025-10-09 22:00:00+00:00,23,0.9215,0.9855,0.9855,0.9855,-0.06400000000000006,-0.00912500000000005,0.04392202500000002,True,1.249373178946098,False,True,outside_p10_p90
213d70b2-894b-406b-9dc3-31d3ccec7f54,2025-10-09 00:00:00+00:00,2025-10-09 23:00:00+00:00,24,0.9175,0.982,0.982,0.982,-0.0645,-0.008499999999999897,0.04725787500000006,True,1.184987687237313,False,True,outside_p10_p90
213d70b2-894b-406b-9dc3-31d3ccec7f54,2025-10-10 00:00:00+00:00,2025-10-10 00:00:00+00:00,1,0.9175,0.98025,0.98025,0.98025,-0.06274999999999997,-0.008375000000000021,0.04410734999999991,True,1.2327877326568033,False,True,outside_p10_p90
213d70b2-894b-406b-9dc3-31d3ccec7f54,2025-10-10 00:00:00+00:00,2025-10-10 01:00:00+00:00,2,0.91475,0.9775,0.9775,0.9775,-0.06275000000000008,-0.007250000000000034,0.047443199999999956,True,1.1698199109672218,False,True,outside_p10_p90
213d70b2-894b-406b-9dc3-31d3ccec7f54,2025-10-10 00:00:00+00:00,2025-10-10 02:00:00+00:00,3,0.91075,0.97425,0.97425,0.97425,-0.0635,-0.007124999999999937,0.04503397500000014,True,1.251832644131456,False,True,outside_p10_p90
213d70b2-894b-406b-9dc3-31d3ccec7f54,2025-10-10 00:00:00+00:00,2025-10-10 03:00:00+00:00,4,0.907,0.97475,0.97475,0.97475,-0.06774999999999998,-0.007249999999999979,0.042995399999999954,True,1.4071272740804845,False,True,outside_p10_p90
213d70b2-894b-406b-9dc3-31d3ccec7f54,2025-10-10 00:00:00+00:00,2025-10-10 04:00:00+00:00,5,0.905,0.973,0.973,0.973,-0.06799999999999995,-0.007000000000000006,0.04243942500000002,True,1.437342753819118,False,True,outside_p10_p90
213d70b2-894b-406b-9dc3-31d3ccec7f54,2025-10-10 00:00:00+00:00,2025-10-10 05:00:00+00:00,6,0.9015,0.97125,0.97125,0.97125,-0.06974999999999998,-0.006749999999999978,0.0481845,True,1.3074743952930923,False,True,outside_p10_p90
213d70b2-894b-406b-9dc3-31d3ccec7f54,2025-10-10 00:00:00+00:00,2025-10-10 06:00:00+00:00,7,0.8967499999999999,0.97,0.97,0.97,-0.07325000000000004,-0.005625000000000047,0.04577527499999981,True,1.4773259144811315,False,True,outside_p10_p90
213d70b2-894b-406b-9dc3-31d3ccec7f54,2025-10-10 00:00:00+00:00,2025-10-10 07:00:00+00:00,8,0.8935000000000001,0.96775,0.96775,0.96775,-0.07424999999999993,-0.005875000000000019,0.03947422499999993,True,1.73214293630844,False,True,outside_p10_p90
213d70b2-894b-406b-9dc3-31d3ccec7f54,2025-10-10 00:00:00+00:00,2025-10-10 08:00:00+00:00,9,0.89275,0.96725,0.96725,0.96725,-0.07450000000000001,-0.003375000000000017,0.04355137499999981,True,1.6331286899667417,False,True,outside_p10_p90
213d70b2-894b-406b-9dc3-31d3ccec7f54,2025-10-10 00:00:00+00:00,2025-10-10 09:00:00+00:00,10,0.89075,0.9675,0.9675,0.9675,-0.07674999999999998,-0.006374999999999964,0.039103574999999974,True,1.799707571494424,False,True,outside_p10_p90
213d70b2-894b-406b-9dc3-31d3ccec7f54,2025-10-10 00:00:00+00:00,2025-10-10 10:00:00+00:00,11,0.89,0.9655,0.9655,0.9655,-0.07550000000000001,-0.007249999999999979,0.04855515000000008,True,1.4056181476115288,False,True,outside_p10_p90
213d70b2-894b-406b-9dc3-31d3ccec7f54,2025-10-10 00:00:00+00:00,2025-10-10 11:00:00+00:00,12,0.886,0.965,0.965,0.965,-0.07899999999999996,-0.00737500000000002,0.03928889999999995,True,1.823033986698534,False,True,outside_p10_p90
213d70b2-894b-406b-9dc3-31d3ccec7f54,2025-10-10 00:00:00+00:00,2025-10-10 12:00:00+00:00,13,0.888,0.96425,0.96425,0.96425,-0.07625000000000004,-0.0063750000000000195,0.038362274999999973,True,1.8214508915334158,False,True,outside_p10_p90
213d70b2-894b-406b-9dc3-31d3ccec7f54,2025-10-10 00:00:00+00:00,2025-10-10 13:00:00+00:00,14,0.884,0.958,0.958,0.958,-0.07399999999999995,-0.007249999999999923,0.03354382500000009,True,1.9899340638701715,False,True,outside_p10_p90
213d70b2-894b-406b-9dc3-31d3ccec7f54,2025-10-10 00:00:00+00:00,2025-10-10 14:00:00+00:00,15,0.8805,0.9585,0.9585,0.9585,-0.07800000000000007,-0.007749999999999979,0.03669435000000007,True,1.9144636708376073,False,True,outside_p10_p90
213d70b2-894b-406b-9dc3-31d3ccec7f54,2025-10-10 00:00:00+00:00,2025-10-10 15:00:00+00:00,16,0.8775,0.952,0.952,0.952,-0.07450000000000001,-0.007624999999999993,0.0344704499999999,True,1.9400675070966642,False,True,outside_p10_p90
213d70b2-894b-406b-9dc3-31d3ccec7f54,2025-10-10 00:00:00+00:00,2025-10-10 16:00:00+00:00,17,0.876,0.94725,0.94725,0.94725,-0.07125000000000004,-0.009250000000000036,0.03502642500000001,True,1.7700921518539214,False,True,outside_p10_p90
213d70b2-894b-406b-9dc3-31d3ccec7f54,2025-10-10 00:00:00+00:00,2025-10-10 17:00:00+00:00,18,0.871,0.941,0.941,0.941,-0.06999999999999995,-0.006999999999999951,0.03725032500000001,True,1.69126041182191,False,True,outside_p10_p90
213d70b2-894b-406b-9dc3-31d3ccec7f54,2025-10-10 00:00:00+00:00,2025-10-10 18:00:00+00:00,19,0.8674999999999999,0.938,0.938,0.938,-0.07050000000000001,-0.008500000000000008,0.03465577499999988,True,1.7890236187186757,False,True,outside_p10_p90
213d70b2-894b-406b-9dc3-31d3ccec7f54,2025-10-10 00:00:00+00:00,2025-10-10 19:00:00+00:00,20,0.8644999999999999,0.933,0.933,0.933,-0.06850000000000012,-0.007749999999999924,0.03725032500000009,True,1.6308582542568433,False,True,outside_p10_p90
213d70b2-894b-406b-9dc3-31d3ccec7f54,2025-10-10 00:00:00+00:00,2025-10-10 20:00:00+00:00,21,0.865,0.92875,0.92875,0.92875,-0.06374999999999997,-0.007874999999999965,0.044292674999999976,True,1.2614952698160595,False,True,outside_p10_p90
213d70b2-894b-406b-9dc3-31d3ccec7f54,2025-10-10 00:00:00+00:00,2025-10-10 21:00:00+00:00,22,0.8625,0.92625,0.92625,0.92625,-0.06374999999999997,-0.009374999999999967,0.042810074999999975,True,1.2701449366767061,False,True,outside_p10_p90
213d70b2-894b-406b-9dc3-31d3ccec7f54,2025-10-10 00:00:00+00:00,2025-10-10 22:00:00+00:00,23,0.8622500000000001,0.9215,0.9215,0.9215,-0.059249999999999914,-0.00912500000000005,0.04392202500000002,True,1.141226981224109,False,True,outside_p10_p90
213d70b2-894b-406b-9dc3-31d3ccec7f54,2025-10-10 00:00:00+00:00,2025-10-10 23:00:00+00:00,24,0.8565,0.9175,0.9175,0.9175,-0.06099999999999994,-0.008499999999999897,0.04725787500000006,True,1.1109259567849799,False,True,outside_p10_p90
213d70b2-894b-406b-9dc3-31d3ccec7f54,2025-10-11 00:00:00+00:00,2025-10-11 00:00:00+00:00,1,0.855,0.9175,0.9175,0.9175,-0.0625,-0.008375000000000021,0.04410734999999991,True,1.2271197430813705,False,True,outside_p10_p90
213d70b2-894b-406b-9dc3-31d3ccec7f54,2025-10-11 00:00:00+00:00,2025-10-11 01:00:00+00:00,2,0.85575,0.91475,0.91475,0.91475,-0.05899999999999994,-0.007250000000000034,0.047443199999999956,True,1.0907780250910553,False,True,outside_p10_p90
213d70b2-894b-406b-9dc3-31d3ccec7f54,2025-10-11 00:00:00+00:00,2025-10-11 02:00:00+00:00,3,0.8504999999999999,0.91075,0.91075,0.91075,-0.060250000000000026,-0.007124999999999937,0.04503397500000014,True,1.179664908549599,False,True,outside_p10_p90
213d70b2-894b-406b-9dc3-31d3ccec7f54,2025-10-11 00:00:00+00:00,2025-10-11 03:00:00+00:00,4,0.85025,0.907,0.907,0.907,-0.05675000000000008,-0.007249999999999979,0.042995399999999954,True,1.1512859515203988,False,True,outside_p10_p90
213d70b2-894b-406b-9dc3-31d3ccec7f54,2025-10-11 00:00:00+00:00,2025-10-11 04:00:00+00:00,5,0.848,0.905,0.905,0.905,-0.05700000000000005,-0.007000000000000006,0.04243942500000002,True,1.1781497982123939,False,True,outside_p10_p90
213d70b2-894b-406b-9dc3-31d3ccec7f54,2025-10-11 00:00:00+00:00,2025-10-11 05:00:00+00:00,6,0.8440000000000001,0.9015,0.9015,0.9015,-0.057499999999999885,-0.006749999999999978,0.0481845,True,1.053243262874989,False,True,outside_p10_p90
213d70b2-894b-406b-9dc3-31d3ccec7f54,2025-10-11 00:00:00+00:00,2025-10-11 06:00:00+00:00,7,0.8434999999999999,0.8967499999999999,0.8967499999999999,0.8967499999999999,-0.05325000000000002,-0.005625000000000047,0.04577527499999981,True,1.040408823322201,False,True,outside_p10_p90
213d70b2-894b-406b-9dc3-31d3ccec7f54,2025-10-11 00:00:00+00:00,2025-10-11 07:00:00+00:00,8,0.8424999999999999,0.8935000000000001,0.8935000000000001,0.8935000000000001,-0.051000000000000156,-0.005875000000000019,0.03947422499999993,True,1.1431510054978968,False,True,outside_p10_p90
213d70b2-894b-406b-9dc3-31d3ccec7f54,2025-10-11 00:00:00+00:00,2025-10-11 08:00:00+00:00,9,0.8374999999999999,0.89275,0.89275,0.89275,-0.05525000000000013,-0.003375000000000017,0.04355137499999981,True,1.1911219795012291,False,True,outside_p10_p90
213d70b2-894b-406b-9dc3-31d3ccec7f54,2025-10-11 00:00:00+00:00,2025-10-11 09:00:00+00:00,10,0.83375,0.89075,0.89075,0.89075,-0.05700000000000005,-0.006374999999999964,0.039103574999999974,True,1.2946386615546053,False,True,outside_p10_p90
213d70b2-894b-406b-9dc3-31d3ccec7f54,2025-10-11 00:00:00+00:00,2025-10-11 10:00:00+00:00,11,0.836,0.89,0.89,0.89,-0.05400000000000005,-0.007249999999999979,0.04855515000000008,True,0.9628226871917807,False,True,outside_p10_p90
213d70b2-894b-406b-9dc3-31d3ccec7f54,2025-10-11 00:00:00+00:00,2025-10-11 11:00:00+00:00,12,0.833,0.886,0.886,0.886,-0.05300000000000005,-0.00737500000000002,0.03928889999999995,True,1.1612694679667814,False,True,outside_p10_p90
213d70b2-894b-406b-9dc3-31d3ccec7f54,2025-10-11 00:00:00+00:00,2025-10-11 12:00:00+00:00,13,0.83,0.888,0.888,0.888,-0.05800000000000005,-0.0063750000000000195,0.038362274999999973,True,1.3457231094871216,False,True,outside_p10_p90
213d70b2-894b-406b-9dc3-31d3ccec7f54,2025-10-11 00:00:00+00:00,2025-10-11 13:00:00+00:00,14,0.82525,0.884,0.884,0.884,-0.05874999999999997,-0.007249999999999923,0.03354382500000009,True,1.5353049331732416,False,True,outside_p10_p90
213d70b2-894b-406b-9dc3-31d3ccec7f54,2025-10-11 00:00:00+00:00,2025-10-11 14:00:00+00:00,15,0.822,0.8805,0.8805,0.8805,-0.058499999999999996,-0.007749999999999979,0.03669435000000007,True,1.3830467088257434,False,True,outside_p10_p90
213d70b2-894b-406b-9dc3-31d3ccec7f54,2025-10-11 00:00:00+00:00,2025-10-11 15:00:00+00:00,16,0.819,0.8775,0.8775,0.8775,-0.058499999999999996,-0.007624999999999993,0.0344704499999999,True,1.4759018231557797,False,True,outside_p10_p90
213d70b2-894b-406b-9dc3-31d3ccec7f54,2025-10-11 00:00:00+00:00,2025-10-11 16:00:00+00:00,17,0.812,0.876,0.876,0.876,-0.06399999999999995,-0.009250000000000036,0.03502642500000001,True,1.563105569580678,False,True,outside_p10_p90
213d70b2-894b-406b-9dc3-31d3ccec7f54,2025-10-11 00:00:00+00:00,2025-10-11 17:00:00+00:00,18,0.807,0.871,0.871,0.871,-0.06399999999999995,-0.006999999999999951,0.03725032500000001,True,1.5301879916483945,False,True,outside_p10_p90
213d70b2-894b-406b-9dc3-31d3ccec7f54,2025-10-11 00:00:00+00:00,2025-10-11 18:00:00+00:00,19,0.8015,0.8674999999999999,0.8674999999999999,0.8674999999999999,-0.06599999999999995,-0.008500000000000008,0.03465577499999988,True,1.6591751302632862,False,True,outside_p10_p90
213d70b2-894b-406b-9dc3-31d3ccec7f54,2025-10-11 00:00:00+00:00,2025-10-11 19:00:00+00:00,20,0.7995000000000001,0.8644999999999999,0.8644999999999999,0.8644999999999999,-0.06499999999999984,-0.007749999999999924,0.03725032500000009,True,1.536899342488952,False,True,outside_p10_p90
213d70b2-894b-406b-9dc3-31d3ccec7f54,2025-10-11 00:00:00+00:00,2025-10-11 20:00:00+00:00,21,0.7955,0.865,0.865,0.865,-0.0695,-0.007874999999999965,0.044292674999999976,True,1.391313574987288,False,True,outside_p10_p90
213d70b2-894b-406b-9dc3-31d3ccec7f54,2025-10-11 00:00:00+00:00,2025-10-11 21:00:00+00:00,22,0.7905,0.8625,0.8625,0.8625,-0.07200000000000006,-0.009374999999999967,0.042810074999999975,True,1.4628565822414499,False,True,outside_p10_p90
213d70b2-894b-406b-9dc3-31d3ccec7f54,2025-10-11 00:00:00+00:00,2025-10-11 22:00:00+00:00,23,0.7875,0.8622500000000001,0.8622500000000001,0.8622500000000001,-0.0747500000000001,-0.00912500000000005,0.04392202500000002,True,1.4941251001063822,False,True,outside_p10_p90
213d70b2-894b-406b-9dc3-31d3ccec7f54,2025-10-11 00:00:00+00:00,2025-10-11 23:00:00+00:00,24,0.7825,0.8565,0.8565,0.8565,-0.07400000000000007,-0.008499999999999897,0.04725787500000006,True,1.3860123841793581,False,True,outside_p10_p90
213d70b2-894b-406b-9dc3-31d3ccec7f54,2025-10-12 00:00:00+00:00,2025-10-12 00:00:00+00:00,1,0.77975,0.855,0.855,0.855,-0.07524999999999993,-0.008375000000000021,0.04410734999999991,True,1.5161872114284816,False,True,outside_p10_p90
213d70b2-894b-406b-9dc3-31d3ccec7f54,2025-10-12 00:00:00+00:00,2025-10-12 01:00:00+00:00,2,0.776,0.85575,0.85575,0.85575,-0.07974999999999999,-0.007250000000000034,0.047443199999999956,True,1.5281431269391614,False,True,outside_p10_p90
213d70b2-894b-406b-9dc3-31d3ccec7f54,2025-10-12 00:00:00+00:00,2025-10-12 02:00:00+00:00,3,0.77275,0.8504999999999999,0.8504999999999999,0.8504999999999999,-0.07774999999999987,-0.007124999999999937,0.04503397500000014,True,1.5682604078365214,False,True,outside_p10_p90
213d70b2-894b-406b-9dc3-31d3ccec7f54,2025-10-12 00:00:00+00:00,2025-10-12 03:00:00+00:00,4,0.7705,0.85025,0.85025,0.85025,-0.07974999999999999,-0.007249999999999979,0.042995399999999954,True,1.68622689869149,False,True,outside_p10_p90
213d70b2-894b-406b-9dc3-31d3ccec7f54,2025-10-12 00:00:00+00:00,2025-10-12 04:00:00+00:00,5,0.7665,0.848,0.848,0.848,-0.08150000000000002,-0.007000000000000006,0.04243942500000002,True,1.7554431993364656,False,True,outside_p10_p90
213d70b2-894b-406b-9dc3-31d3ccec7f54,2025-10-12 00:00:00+00:00,2025-10-12 05:00:00+00:00,6,0.76275,0.8440000000000001,0.8440000000000001,0.8440000000000001,-0.08125000000000004,-0.006749999999999978,0.0481845,True,1.546140356338658,False,True,outside_p10_p90
213d70b2-894b-406b-9dc3-31d3ccec7f54,2025-10-12 00:00:00+00:00,2025-10-12 06:00:00+00:00,7,0.7625000000000001,0.8434999999999999,0.8434999999999999,0.8434999999999999,-0.08099999999999985,-0.005625000000000047,0.04577527499999981,True,1.6466312873052127,False,True,outside_p10_p90
213d70b2-894b-406b-9dc3-31d3ccec7f54,2025-10-12 00:00:00+00:00,2025-10-12 07:00:00+00:00,8,0.767,0.8424999999999999,0.8424999999999999,0.8424999999999999,-0.0754999999999999,-0.005875000000000019,0.03947422499999993,True,1.763809169147716,False,True,outside_p10_p90
213d70b2-894b-406b-9dc3-31d3ccec7f54,2025-10-12 00:00:00+00:00,2025-10-12 08:00:00+00:00,9,0.762,0.8374999999999999,0.8374999999999999,0.8374999999999999,-0.0754999999999999,-0.003375000000000017,0.04355137499999981,True,1.6560900775233893,False,True,outside_p10_p90
213d70b2-894b-406b-9dc3-31d3ccec7f54,2025-10-12 00:00:00+00:00,2025-10-12 09:00:00+00:00,10,0.757,0.83375,0.83375,0.83375,-0.07674999999999998,-0.006374999999999964,0.039103574999999974,True,1.799707571494424,False,True,outside_p10_p90
213d70b2-894b-406b-9dc3-31d3ccec7f54,2025-10-12 00:00:00+00:00,2025-10-12 10:00:00+00:00,11,0.7629999999999999,0.836,0.836,0.836,-0.07300000000000006,-0.007249999999999979,0.04855515000000008,True,1.3541303033766754,False,True,outside_p10_p90
213d70b2-894b-406b-9dc3-31d3ccec7f54,2025-10-12 00:00:00+00:00,2025-10-12 11:00:00+00:00,12,0.76,0.833,0.833,0.833,-0.07299999999999995,-0.00737500000000002,0.03928889999999995,True,1.6703190977604365,False,True,outside_p10_p90
213d70b2-894b-406b-9dc3-31d3ccec7f54,2025-10-12 00:00:00+00:00,2025-10-12 12:00:00+00:00,13,0.7590000000000001,0.83,0.83,0.83,-0.07099999999999984,-0.0063750000000000195,0.038362274999999973,True,1.6845976939584493,False,True,outside_p10_p90
213d70b2-894b-406b-9dc3-31d3ccec7f54,2025-10-12 00:00:00+00:00,2025-10-12 13:00:00+00:00,14,0.75725,0.82525,0.82525,0.82525,-0.06800000000000006,-0.007249999999999923,0.03354382500000009,True,1.8110635862189233,False,True,outside_p10_p90
213d70b2-894b-406b-9dc3-31d3ccec7f54,2025-10-12 00:00:00+00:00,2025-10-12 14:00:00+00:00,15,0.75125,0.822,0.822,0.822,-0.07074999999999998,-0.007749999999999979,0.03669435000000007,True,1.7168855695767844,False,True,outside_p10_p90
213d70b2-894b-406b-9dc3-31d3ccec7f54,2025-10-12 00:00:00+00:00,2025-10-12 15:00:00+00:00,16,0.7557500000000001,0.819,0.819,0.819,-0.0632499999999998,-0.007624999999999993,0.0344704499999999,True,1.6137010105757241,False,True,outside_p10_p90
213d70b2-894b-406b-9dc3-31d3ccec7f54,2025-10-12 00:00:00+00:00,2025-10-12 16:00:00+00:00,17,0.7505,0.812,0.812,0.812,-0.06150000000000011,-0.009250000000000036,0.03502642500000001,True,1.491730886038186,False,True,outside_p10_p90
213d70b2-894b-406b-9dc3-31d3ccec7f54,2025-10-12 00:00:00+00:00,2025-10-12 17:00:00+00:00,18,0.744,0.807,0.807,0.807,-0.06300000000000006,-0.006999999999999951,0.03725032500000001,True,1.503342588286145,False,True,outside_p10_p90
213d70b2-894b-406b-9dc3-31d3ccec7f54,2025-10-12 00:00:00+00:00,2025-10-12 18:00:00+00:00,19,0.7455,0.8015,0.8015,0.8015,-0.05599999999999994,-0.008500000000000008,0.03465577499999988,True,1.3706229336957576,False,True,outside_p10_p90
213d70b2-894b-406b-9dc3-31d3ccec7f54,2025-10-12 00:00:00+00:00,2025-10-12 19:00:00+00:00,20,0.7390000000000001,0.7995000000000001,0.7995000000000001,0.7995000000000001,-0.0605,-0.007749999999999924,0.03725032500000009,True,1.4160950273588202,False,True,outside_p10_p90
213d70b2-894b-406b-9dc3-31d3ccec7f54,2025-10-12 00:00:00+00:00,2025-10-12 20:00:00+00:00,21,0.738,0.7955,0.7955,0.7955,-0.057499999999999996,-0.007874999999999965,0.044292674999999976,True,1.1203884163690736,False,True,outside_p10_p90
213d70b2-894b-406b-9dc3-31d3ccec7f54,2025-10-12 00:00:00+00:00,2025-10-12 21:00:00+00:00,22,0.74,0.7905,0.7905,0.7905,-0.05049999999999999,-0.009374999999999967,0.042810074999999975,True,0.9606383544060608,False,True,outside_p10_p90
213d70b2-894b-406b-9dc3-31d3ccec7f54,2025-10-12 00:00:00+00:00,2025-10-12 22:00:00+00:00,23,0.734,0.7875,0.7875,0.7875,-0.05349999999999999,-0.00912500000000005,0.04392202500000002,True,1.0103131629290754,False,True,outside_p10_p90
213d70b2-894b-406b-9dc3-31d3ccec7f54,2025-10-12 00:00:00+00:00,2025-10-12 23:00:00+00:00,24,0.732,0.7825,0.7825,0.7825,-0.05049999999999999,-0.008499999999999897,0.04725787500000006,True,0.8887407654279851,False,True,outside_p10_p90
213d70b2-894b-406b-9dc3-31d3ccec7f54,2025-10-13 00:00:00+00:00,2025-10-13 00:00:00+00:00,1,0.7325,0.77975,0.77975,0.77975,-0.047250000000000014,-0.008375000000000021,0.04410734999999991,True,0.8813723789799222,False,True,outside_p10_p90
213d70b2-894b-406b-9dc3-31d3ccec7f54,2025-10-13 00:00:00+00:00,2025-10-13 01:00:00+00:00,2,0.729,0.776,0.776,0.776,-0.04700000000000004,-0.007250000000000034,0.047443199999999956,True,0.837843990287334,False,True,outside_p10_p90
213d70b2-894b-406b-9dc3-31d3ccec7f54,2025-10-13 00:00:00+00:00,2025-10-13 02:00:00+00:00,3,0.726,0.77275,0.77275,0.77275,-0.04675000000000007,-0.007124999999999937,0.04503397500000014,True,0.879891237671114,False,True,outside_p10_p90
213d70b2-894b-406b-9dc3-31d3ccec7f54,2025-10-13 00:00:00+00:00,2025-10-13 03:00:00+00:00,4,0.7274999999999999,0.7705,0.7705,0.7705,-0.04300000000000004,-0.007249999999999979,0.042995399999999954,True,0.8314842983202877,False,True,outside_p10_p90
213d70b2-894b-406b-9dc3-31d3ccec7f54,2025-10-13 00:00:00+00:00,2025-10-13 04:00:00+00:00,5,0.7245,0.7665,0.7665,0.7665,-0.041999999999999926,-0.007000000000000006,0.04243942500000002,True,0.8247048587486732,False,True,outside_p10_p90
213d70b2-894b-406b-9dc3-31d3ccec7f54,2025-10-13 00:00:00+00:00,2025-10-13 05:00:00+00:00,6,0.7205,0.76275,0.76275,0.76275,-0.04225000000000001,-0.006749999999999978,0.0481845,True,0.736751444966743,False,True,outside_p10_p90
213d70b2-894b-406b-9dc3-31d3ccec7f54,2025-10-13 00:00:00+00:00,2025-10-13 06:00:00+00:00,7,0.721,0.7625000000000001,0.7625000000000001,0.7625000000000001,-0.04150000000000009,-0.005625000000000047,0.04577527499999981,True,0.7837200322663315,False,True,outside_p10_p90
213d70b2-894b-406b-9dc3-31d3ccec7f54,2025-10-13 00:00:00+00:00,2025-10-13 07:00:00+00:00,8,0.7195,0.767,0.767,0.767,-0.04749999999999999,-0.005875000000000019,0.03947422499999993,True,1.0544855535479174,False,True,outside_p10_p90
213d70b2-894b-406b-9dc3-31d3ccec7f54,2025-10-13 00:00:00+00:00,2025-10-13 08:00:00+00:00,9,0.718,0.762,0.762,0.762,-0.04400000000000004,-0.003375000000000017,0.04355137499999981,True,0.9328063694889128,False,True,outside_p10_p90
213d70b2-894b-406b-9dc3-31d3ccec7f54,2025-10-13 00:00:00+00:00,2025-10-13 09:00:00+00:00,10,0.7185,0.757,0.757,0.757,-0.03849999999999998,-0.006374999999999964,0.039103574999999974,True,0.8215361383198349,False,True,outside_p10_p90
213d70b2-894b-406b-9dc3-31d3ccec7f54,2025-10-13 00:00:00+00:00,2025-10-13 10:00:00+00:00,11,0.7204999999999999,0.7629999999999999,0.7629999999999999,0.7629999999999999,-0.04249999999999998,-0.007249999999999979,0.04855515000000008,True,0.7259786037114486,False,True,outside_p10_p90
213d70b2-894b-406b-9dc3-31d3ccec7f54,2025-10-13 00:00:00+00:00,2025-10-13 11:00:00+00:00,12,0.721,0.76,0.76,0.76,-0.039000000000000035,-0.00737500000000002,0.03928889999999995,True,0.804934727111221,False,True,outside_p10_p90
213d70b2-894b-406b-9dc3-31d3ccec7f54,2025-10-13 00:00:00+00:00,2025-10-13 12:00:00+00:00,13,0.716,0.7590000000000001,0.7590000000000001,0.7590000000000001,-0.04300000000000015,-0.0063750000000000195,0.038362274999999973,True,0.9547139735586629,False,True,outside_p10_p90
213d70b2-894b-406b-9dc3-31d3ccec7f54,2025-10-13 00:00:00+00:00,2025-10-13 13:00:00+00:00,14,0.7165,0.75725,0.75725,0.75725,-0.04074999999999995,-0.007249999999999923,0.03354382500000009,True,0.9986935002194872,False,True,outside_p10_p90
213d70b2-894b-406b-9dc3-31d3ccec7f54,2025-10-13 00:00:00+00:00,2025-10-13 14:00:00+00:00,15,0.721,0.75125,0.75125,0.75125,-0.03025,-0.007749999999999979,0.03669435000000007,True,0.613173417705995,False,True,outside_p10_p90
213d70b2-894b-406b-9dc3-31d3ccec7f54,2025-10-13 00:00:00+00:00,2025-10-13 15:00:00+00:00,16,0.718,0.7557500000000001,0.7557500000000001,0.7557500000000001,-0.03775000000000017,-0.007624999999999993,0.0344704499999999,True,0.8739369517949509,False,True,outside_p10_p90
213d70b2-894b-406b-9dc3-31d3ccec7f54,2025-10-13 00:00:00+00:00,2025-10-13 16:00:00+00:00,17,0.7162499999999999,0.7505,0.7505,0.7505,-0.03425,-0.009250000000000036,0.03502642500000001,True,0.7137468354249673,False,True,outside_p10_p90
213d70b2-894b-406b-9dc3-31d3ccec7f54,2025-10-13 00:00:00+00:00,2025-10-13 17:00:00+00:00,18,0.7134999999999999,0.744,0.744,0.744,-0.030500000000000083,-0.006999999999999951,0.03725032500000001,True,0.6308669790129382,False,True,outside_p10_p90
213d70b2-894b-406b-9dc3-31d3ccec7f54,2025-10-13 00:00:00+00:00,2025-10-13 18:00:00+00:00,19,0.7165,0.7455,0.7455,0.7455,-0.029000000000000026,-0.008500000000000008,0.03465577499999988,True,0.5915320029634336,False,True,outside_p10_p90
213d70b2-894b-406b-9dc3-31d3ccec7f54,2025-10-13 00:00:00+00:00,2025-10-13 19:00:00+00:00,20,0.714,0.7390000000000001,0.7390000000000001,0.7390000000000001,-0.025000000000000133,-0.007749999999999924,0.03725032500000009,True,0.4630832079988609,False,True,outside_p10_p90
213d70b2-894b-406b-9dc3-31d3ccec7f54,2025-10-13 00:00:00+00:00,2025-10-13 20:00:00+00:00,21,0.7132499999999999,0.738,0.738,0.738,-0.02475000000000005,-0.007874999999999965,0.044292674999999976,True,0.3809885043068655,False,True,outside_p10_p90
213d70b2-894b-406b-9dc3-31d3ccec7f54,2025-10-13 00:00:00+00:00,2025-10-13 21:00:00+00:00,22,0.7095,0.74,0.74,0.74,-0.03049999999999997,-0.009374999999999967,0.042810074999999975,True,0.4934586075824445,False,True,outside_p10_p90
213d70b2-894b-406b-9dc3-31d3ccec7f54,2025-10-13 00:00:00+00:00,2025-10-13 22:00:00+00:00,23,0.708,0.734,0.734,0.734,-0.026000000000000023,-0.00912500000000005,0.04392202500000002,True,0.3842035971702117,False,True,outside_p10_p90
213d70b2-894b-406b-9dc3-31d3ccec7f54,2025-10-13 00:00:00+00:00,2025-10-13 23:00:00+00:00,24,0.709,0.732,0.732,0.732,-0.02300000000000002,-0.008499999999999897,0.04725787500000006,True,0.3068271690168063,False,True,outside_p10_p90
213d70b2-894b-406b-9dc3-31d3ccec7f54,2025-10-14 00:00:00+00:00,2025-10-14 00:00:00+00:00,1,0.7055,0.7325,0.7325,0.7325,-0.027000000000000024,-0.008375000000000021,0.04410734999999991,True,0.42226522336980205,False,True,outside_p10_p90
213d70b2-894b-406b-9dc3-31d3ccec7f54,2025-10-14 00:00:00+00:00,2025-10-14 01:00:00+00:00,2,0.7050000000000001,0.729,0.729,0.729,-0.02399999999999991,-0.007250000000000034,0.047443199999999956,True,0.35305375691352797,False,True,outside_p10_p90
213d70b2-894b-406b-9dc3-31d3ccec7f54,2025-10-14 00:00:00+00:00,2025-10-14 02:00:00+00:00,3,0.706,0.726,0.726,0.726,-0.020000000000000018,-0.007124999999999937,0.04503397500000014,True,0.2858952601896688,False,True,outside_p10_p90
213d70b2-894b-406b-9dc3-31d3ccec7f54,2025-10-14 00:00:00+00:00,2025-10-14 03:00:00+00:00,4,0.7044999999999999,0.7274999999999999,0.7274999999999999,0.7274999999999999,-0.02300000000000002,-0.007249999999999979,0.042995399999999954,True,0.3663182573019453,False,True,outside_p10_p90
213d70b2-894b-406b-9dc3-31d3ccec7f54,2025-10-14 00:00:00+00:00,2025-10-14 04:00:00+00:00,5,0.7010000000000001,0.7245,0.7245,0.7245,-0.023499999999999965,-0.007000000000000006,0.04243942500000002,True,0.3887894334100887,False,True,outside_p10_p90
213d70b2-894b-406b-9dc3-31d3ccec7f54,2025-10-14 00:00:00+00:00,2025-10-14 05:00:00+00:00,6,0.7032499999999999,0.7205,0.7205,0.7205,-0.0172500000000001,-0.006749999999999978,0.0481845,True,0.21791239921551786,False,True,outside_p10_p90
213d70b2-894b-406b-9dc3-31d3ccec7f54,2025-10-14 00:00:00+00:00,2025-10-14 06:00:00+00:00,7,0.703,0.721,0.721,0.721,-0.018000000000000016,-0.005625000000000047,0.04577527499999981,True,0.2703424501545872,False,True,outside_p10_p90
213d70b2-894b-406b-9dc3-31d3ccec7f54,2025-10-14 00:00:00+00:00,2025-10-14 07:00:00+00:00,8,0.70025,0.7195,0.7195,0.7195,-0.01924999999999999,-0.005875000000000019,0.03947422499999993,True,0.3388286913802612,False,True,outside_p10_p90
213d70b2-894b-406b-9dc3-31d3ccec7f54,2025-10-14 00:00:00+00:00,2025-10-14 08:00:00+00:00,9,0.699,0.718,0.718,0.718,-0.019000000000000017,-0.003375000000000017,0.04355137499999981,True,0.35877168057265857,False,True,outside_p10_p90
213d70b2-894b-406b-9dc3-31d3ccec7f54,2025-10-14 00:00:00+00:00,2025-10-14 09:00:00+00:00,10,0.7012499999999999,0.7185,0.7185,0.7185,-0.0172500000000001,-0.006374999999999964,0.039103574999999974,True,0.27810756433395517,False,True,outside_p10_p90
213d70b2-894b-406b-9dc3-31d3ccec7f54,2025-10-14 00:00:00+00:00,2025-10-14 10:00:00+00:00,11,0.70225,0.7204999999999999,0.7204999999999999,0.7204999999999999,-0.018249999999999877,-0.007249999999999979,0.04855515000000008,True,0.22654651463335773,False,True,outside_p10_p90
213d70b2-894b-406b-9dc3-31d3ccec7f54,2025-10-14 00:00:00+00:00,2025-10-14 11:00:00+00:00,12,0.705,0.721,0.721,0.721,-0.016000000000000014,-0.00737500000000002,0.03928889999999995,True,0.21952765284851458,False,True,outside_p10_p90
213d70b2-894b-406b-9dc3-31d3ccec7f54,2025-10-14 00:00:00+00:00,2025-10-14 12:00:00+00:00,13,0.7037499999999999,0.716,0.716,0.716,-0.012250000000000094,-0.0063750000000000195,0.038362274999999973,True,0.15314524490531592,False,True,outside_p10_p90
213d70b2-894b-406b-9dc3-31d3ccec7f54,2025-10-14 00:00:00+00:00,2025-10-14 13:00:00+00:00,14,0.7009999999999998,0.7165,0.7165,0.7165,-0.01550000000000018,-0.007249999999999923,0.03354382500000009,True,0.24594690677047817,False,True,outside_p10_p90
213d70b2-894b-406b-9dc3-31d3ccec7f54,2025-10-14 00:00:00+00:00,2025-10-14 14:00:00+00:00,15,0.704,0.721,0.721,0.721,-0.017000000000000015,-0.007749999999999979,0.03669435000000007,True,0.2520824050569098,False,True,outside_p10_p90
213d70b2-894b-406b-9dc3-31d3ccec7f54,2025-10-14 00:00:00+00:00,2025-10-14 15:00:00+00:00,16,0.7055,0.718,0.718,0.718,-0.012499999999999956,-0.007624999999999993,0.0344704499999999,True,0.14142548182573703,False,True,outside_p10_p90
213d70b2-894b-406b-9dc3-31d3ccec7f54,2025-10-14 00:00:00+00:00,2025-10-14 16:00:00+00:00,17,0.7012499999999999,0.7162499999999999,0.7162499999999999,0.7162499999999999,-0.015000000000000013,-0.009250000000000036,0.03502642500000001,True,0.16416177214774205,False,True,outside_p10_p90
213d70b2-894b-406b-9dc3-31d3ccec7f54,2025-10-14 00:00:00+00:00,2025-10-14 17:00:00+00:00,18,0.698,0.7134999999999999,0.7134999999999999,0.7134999999999999,-0.015499999999999958,-0.006999999999999951,0.03725032500000001,True,0.22818592857914677,False,True,outside_p10_p90
213d70b2-894b-406b-9dc3-31d3ccec7f54,2025-10-14 00:00:00+00:00,2025-10-14 18:00:00+00:00,19,0.6955,0.7165,0.7165,0.7165,-0.02100000000000002,-0.008500000000000008,0.03465577499999988,True,0.3606902457094107,False,True,outside_p10_p90
213d70b2-894b-406b-9dc3-31d3ccec7f54,2025-10-14 00:00:00+00:00,2025-10-14 19:00:00+00:00,20,0.694,0.714,0.714,0.714,-0.020000000000000018,-0.007749999999999924,0.03725032500000009,True,0.3288561911875954,False,True,outside_p10_p90
213d70b2-894b-406b-9dc3-31d3ccec7f54,2025-10-14 00:00:00+00:00,2025-10-14 20:00:00+00:00,21,0.6952499999999999,0.7132499999999999,0.7132499999999999,0.7132499999999999,-0.018000000000000016,-0.007874999999999965,0.044292674999999976,True,0.2285931025841193,False,True,outside_p10_p90
213d70b2-894b-406b-9dc3-31d3ccec7f54,2025-10-14 00:00:00+00:00,2025-10-14 21:00:00+00:00,22,0.695,0.7095,0.7095,0.7095,-0.014500000000000068,-0.009374999999999967,0.042810074999999975,True,0.11971481012355396,False,True,outside_p10_p90
213d70b2-894b-406b-9dc3-31d3ccec7f54,2025-10-14 00:00:00+00:00,2025-10-14 22:00:00+00:00,23,0.6944999999999999,0.708,0.708,0.708,-0.013500000000000068,-0.00912500000000005,0.04392202500000002,True,0.09960834000709248,False,True,outside_p10_p90
213d70b2-894b-406b-9dc3-31d3ccec7f54,2025-10-14 00:00:00+00:00,2025-10-14 23:00:00+00:00,24,0.69275,0.709,0.709,0.709,-0.016249999999999987,-0.008499999999999897,0.04725787500000006,True,0.16399383171587975,False,True,outside_p10_p90
213d70b2-894b-406b-9dc3-31d3ccec7f54,2025-10-15 00:00:00+00:00,2025-10-15 00:00:00+00:00,1,0.6924999999999999,0.7055,0.7055,0.7055,-0.013000000000000123,-0.008375000000000021,0.04410734999999991,True,0.1048578071455236,False,True,outside_p10_p90
213d70b2-894b-406b-9dc3-31d3ccec7f54,2025-10-15 00:00:00+00:00,2025-10-15 01:00:00+00:00,2,0.6907499999999999,0.7050000000000001,0.7050000000000001,0.7050000000000001,-0.014250000000000207,-0.007250000000000034,0.047443199999999956,True,0.14754485363550898,False,True,outside_p10_p90
213d70b2-894b-406b-9dc3-31d3ccec7f54,2025-10-15 00:00:00+00:00,2025-10-15 02:00:00+00:00,3,0.688,0.706,0.706,0.706,-0.018000000000000016,-0.007124999999999937,0.04503397500000014,True,0.24148434598544866,False,True,outside_p10_p90
213d70b2-894b-406b-9dc3-31d3ccec7f54,2025-10-15 00:00:00+00:00,2025-10-15 03:00:00+00:00,4,0.6875,0.7044999999999999,0.7044999999999999,0.7044999999999999,-0.016999999999999904,-0.007249999999999979,0.042995399999999954,True,0.22676844499643997,False,True,outside_p10_p90
213d70b2-894b-406b-9dc3-31d3ccec7f54,2025-10-15 00:00:00+00:00,2025-10-15 04:00:00+00:00,5,0.687,0.7010000000000001,0.7010000000000001,0.7010000000000001,-0.014000000000000012,-0.007000000000000006,0.04243942500000002,True,0.16494097174973515,False,True,outside_p10_p90
213d70b2-894b-406b-9dc3-31d3ccec7f54,2025-10-15 00:00:00+00:00,2025-10-15 05:00:00+00:00,6,0.687,0.7032499999999999,0.7032499999999999,0.7032499999999999,-0.016249999999999876,-0.006749999999999978,0.0481845,True,0.19715883738546416,False,True,outside_p10_p90
213d70b2-894b-406b-9dc3-31d3ccec7f54,2025-10-15 00:00:00+00:00,2025-10-15 06:00:00+00:00,7,0.6815,0.703,0.703,0.703,-0.021499999999999964,-0.005625000000000047,0.04577527499999981,True,0.3468029411073988,False,True,outside_p10_p90
213d70b2-894b-406b-9dc3-31d3ccec7f54,2025-10-15 00:00:00+00:00,2025-10-15 07:00:00+00:00,8,0.683,0.70025,0.70025,0.70025,-0.017249999999999988,-0.005875000000000019,0.03947422499999993,True,0.2881627188374183,False,True,outside_p10_p90
213d70b2-894b-406b-9dc3-31d3ccec7f54,2025-10-15 00:00:00+00:00,2025-10-15 08:00:00+00:00,9,0.6835,0.699,0.699,0.699,-0.015499999999999958,-0.003375000000000017,0.04355137499999981,True,0.2784068241243817,False,True,outside_p10_p90
213d70b2-894b-406b-9dc3-31d3ccec7f54,2025-10-15 00:00:00+00:00,2025-10-15 09:00:00+00:00,10,0.6815,0.7012499999999999,0.7012499999999999,0.7012499999999999,-0.019749999999999934,-0.006374999999999964,0.039103574999999974,True,0.34204033774405485,False,True,outside_p10_p90
213d70b2-894b-406b-9dc3-31d3ccec7f54,2025-10-15 00:00:00+00:00,2025-10-15 10:00:00+00:00,11,0.6865,0.70225,0.70225,0.70225,-0.015750000000000042,-0.007249999999999979,0.04855515000000008,True,0.17505867039850662,False,True,outside_p10_p90
213d70b2-894b-406b-9dc3-31d3ccec7f54,2025-10-15 00:00:00+00:00,2025-10-15 11:00:00+00:00,12,0.683,0.705,0.705,0.705,-0.02199999999999991,-0.00737500000000002,0.03928889999999995,True,0.3722425417866091,False,True,outside_p10_p90
213d70b2-894b-406b-9dc3-31d3ccec7f54,2025-10-15 00:00:00+00:00,2025-10-15 12:00:00+00:00,13,0.685,0.7037499999999999,0.7037499999999999,0.7037499999999999,-0.018749999999999822,-0.0063750000000000195,0.038362274999999973,True,0.3225825371409754,False,True,outside_p10_p90
213d70b2-894b-406b-9dc3-31d3ccec7f54,2025-10-15 00:00:00+00:00,2025-10-15 13:00:00+00:00,14,0.6745000000000001,0.7009999999999998,0.7009999999999998,0.7009999999999998,-0.026499999999999746,-0.007249999999999923,0.03354382500000009,True,0.5738761157977592,False,True,outside_p10_p90
213d70b2-894b-406b-9dc3-31d3ccec7f54,2025-10-15 00:00:00+00:00,2025-10-15 14:00:00+00:00,15,0.6757500000000001,0.704,0.704,0.704,-0.028249999999999886,-0.007749999999999979,0.03669435000000007,True,0.5586691139099035,False,True,outside_p10_p90
213d70b2-894b-406b-9dc3-31d3ccec7f54,2025-10-15 00:00:00+00:00,2025-10-15 15:00:00+00:00,16,0.679,0.7055,0.7055,0.7055,-0.026499999999999968,-0.007624999999999993,0.0344704499999999,True,0.5475704552740109,False,True,outside_p10_p90
213d70b2-894b-406b-9dc3-31d3ccec7f54,2025-10-15 00:00:00+00:00,2025-10-15 16:00:00+00:00,17,0.6815,0.7012499999999999,0.7012499999999999,0.7012499999999999,-0.019749999999999934,-0.009250000000000036,0.03502642500000001,True,0.2997736708784838,False,True,outside_p10_p90
213d70b2-894b-406b-9dc3-31d3ccec7f54,2025-10-15 00:00:00+00:00,2025-10-15 17:00:00+00:00,18,0.683,0.698,0.698,0.698,-0.014999999999999902,-0.006999999999999951,0.03725032500000001,True,0.21476322689801902,False,True,outside_p10_p90
213d70b2-894b-406b-9dc3-31d3ccec7f54,2025-10-15 00:00:00+00:00,2025-10-15 18:00:00+00:00,19,0.6800000000000002,0.6955,0.6955,0.6955,-0.015499999999999847,-0.008500000000000008,0.03465577499999988,True,0.2019865375972652,False,True,outside_p10_p90
213d70b2-894b-406b-9dc3-31d3ccec7f54,2025-10-15 00:00:00+00:00,2025-10-15 19:00:00+00:00,20,0.67825,0.694,0.694,0.694,-0.01574999999999993,-0.007749999999999924,0.03725032500000009,True,0.21476322689802002,False,True,outside_p10_p90
213d70b2-894b-406b-9dc3-31d3ccec7f54,2025-10-15 00:00:00+00:00,2025-10-15 20:00:00+00:00,21,0.676,0.6952499999999999,0.6952499999999999,0.6952499999999999,-0.01924999999999988,-0.007874999999999965,0.044292674999999976,True,0.2568144732735135,False,True,outside_p10_p90
213d70b2-894b-406b-9dc3-31d3ccec7f54,2025-10-15 00:00:00+00:00,2025-10-15 21:00:00+00:00,22,0.675,0.695,0.695,0.695,-0.019999999999999907,-0.009374999999999967,0.042810074999999975,True,0.2481892405000446,False,True,outside_p10_p90
213d70b2-894b-406b-9dc3-31d3ccec7f54,2025-10-15 00:00:00+00:00,2025-10-15 22:00:00+00:00,23,0.6695,0.6944999999999999,0.6944999999999999,0.6944999999999999,-0.02499999999999991,-0.00912500000000005,0.04392202500000002,True,0.36143597659715954,False,True,outside_p10_p90
213d70b2-894b-406b-9dc3-31d3ccec7f54,2025-10-15 00:00:00+00:00,2025-10-15 23:00:00+00:00,24,0.67,0.69275,0.69275,0.69275,-0.022749999999999937,-0.008499999999999897,0.04725787500000006,True,0.30153704541306653,False,True,outside_p10_p90
213d70b2-894b-406b-9dc3-31d3ccec7f54,2025-10-16 00:00:00+00:00,2025-10-16 00:00:00+00:00,1,0.6675000000000001,0.6924999999999999,0.6924999999999999,0.6924999999999999,-0.0249999999999998,-0.008375000000000021,0.04410734999999991,True,0.37692130676632835,False,True,outside_p10_p90
213d70b2-894b-406b-9dc3-31d3ccec7f54,2025-10-16 00:00:00+00:00,2025-10-16 01:00:00+00:00,2,0.663,0.6907499999999999,0.6907499999999999,0.6907499999999999,-0.02774999999999983,-0.007250000000000034,0.047443199999999956,True,0.43209564278968987,False,True,outside_p10_p90
213d70b2-894b-406b-9dc3-31d3ccec7f54,2025-10-16 00:00:00+00:00,2025-10-16 02:00:00+00:00,3,0.6605,0.688,0.688,0.688,-0.02749999999999997,-0.007124999999999937,0.04503397500000014,True,0.45243618845549316,False,True,outside_p10_p90
213d70b2-894b-406b-9dc3-31d3ccec7f54,2025-10-16 00:00:00+00:00,2025-10-16 03:00:00+00:00,4,0.659,0.6875,0.6875,0.6875,-0.02849999999999997,-0.007249999999999979,0.042995399999999954,True,0.49423891858198815,False,True,outside_p10_p90
213d70b2-894b-406b-9dc3-31d3ccec7f54,2025-10-16 00:00:00+00:00,2025-10-16 04:00:00+00:00,5,0.657,0.687,0.687,0.687,-0.030000000000000027,-0.007000000000000006,0.04243942500000002,True,0.5419489071777012,False,True,outside_p10_p90
213d70b2-894b-406b-9dc3-31d3ccec7f54,2025-10-16 00:00:00+00:00,2025-10-16 05:00:00+00:00,6,0.6555000000000001,0.687,0.687,0.687,-0.03149999999999997,-0.006749999999999978,0.0481845,True,0.5136506552937147,False,True,outside_p10_p90
213d70b2-894b-406b-9dc3-31d3ccec7f54,2025-10-16 00:00:00+00:00,2025-10-16 06:00:00+00:00,7,0.6555000000000001,0.6815,0.6815,0.6815,-0.025999999999999912,-0.005625000000000047,0.04577527499999981,True,0.44510928661815685,False,True,outside_p10_p90
213d70b2-894b-406b-9dc3-31d3ccec7f54,2025-10-16 00:00:00+00:00,2025-10-16 07:00:00+00:00,8,0.6545000000000001,0.683,0.683,0.683,-0.02849999999999997,-0.005875000000000019,0.03947422499999993,True,0.5731588143909092,False,True,outside_p10_p90
213d70b2-894b-406b-9dc3-31d3ccec7f54,2025-10-16 00:00:00+00:00,2025-10-16 08:00:00+00:00,9,0.6535,0.6835,0.6835,0.6835,-0.030000000000000027,-0.003375000000000017,0.04355137499999981,True,0.6113469436958104,False,True,outside_p10_p90
213d70b2-894b-406b-9dc3-31d3ccec7f54,2025-10-16 00:00:00+00:00,2025-10-16 09:00:00+00:00,10,0.6535,0.6815,0.6815,0.6815,-0.028000000000000025,-0.006374999999999964,0.039103574999999974,True,0.5530184899973999,False,True,outside_p10_p90
213d70b2-894b-406b-9dc3-31d3ccec7f54,2025-10-16 00:00:00+00:00,2025-10-16 10:00:00+00:00,11,0.65425,0.6865,0.6865,0.6865,-0.03225,-0.007249999999999979,0.04855515000000008,True,0.5148784423485455,False,True,outside_p10_p90
213d70b2-894b-406b-9dc3-31d3ccec7f54,2025-10-16 00:00:00+00:00,2025-10-16 11:00:00+00:00,12,0.6565000000000001,0.683,0.683,0.683,-0.026499999999999968,-0.00737500000000002,0.03928889999999995,True,0.4867787084901835,False,True,outside_p10_p90
213d70b2-894b-406b-9dc3-31d3ccec7f54,2025-10-16 00:00:00+00:00,2025-10-16 12:00:00+00:00,13,0.654,0.685,0.685,0.685,-0.031000000000000028,-0.0063750000000000195,0.038362274999999973,True,0.6419066648158908,False,True,outside_p10_p90
213d70b2-894b-406b-9dc3-31d3ccec7f54,2025-10-16 00:00:00+00:00,2025-10-16 13:00:00+00:00,14,0.655,0.6745000000000001,0.6745000000000001,0.6745000000000001,-0.019500000000000073,-0.007249999999999923,0.03354382500000009,True,0.3651938918713092,False,True,outside_p10_p90
213d70b2-894b-406b-9dc3-31d3ccec7f54,2025-10-16 00:00:00+00:00,2025-10-16 14:00:00+00:00,15,0.653,0.6757500000000001,0.6757500000000001,0.6757500000000001,-0.022750000000000048,-0.007749999999999979,0.03669435000000007,True,0.40878227847066484,False,True,outside_p10_p90
213d70b2-894b-406b-9dc3-31d3ccec7f54,2025-10-16 00:00:00+00:00,2025-10-16 15:00:00+00:00,16,0.6512500000000001,0.679,0.679,0.679,-0.02774999999999994,-0.007624999999999993,0.0344704499999999,True,0.5838333993318917,False,True,outside_p10_p90
213d70b2-894b-406b-9dc3-31d3ccec7f54,2025-10-16 00:00:00+00:00,2025-10-16 16:00:00+00:00,17,0.65075,0.6815,0.6815,0.6815,-0.030749999999999944,-0.009250000000000036,0.03502642500000001,True,0.6138222784654701,False,True,outside_p10_p90
213d70b2-894b-406b-9dc3-31d3ccec7f54,2025-10-16 00:00:00+00:00,2025-10-16 17:00:00+00:00,18,0.65025,0.683,0.683,0.683,-0.03275000000000006,-0.006999999999999951,0.03725032500000001,True,0.6912691365780057,False,True,outside_p10_p90
213d70b2-894b-406b-9dc3-31d3ccec7f54,2025-10-16 00:00:00+00:00,2025-10-16 18:00:00+00:00,19,0.64925,0.6800000000000002,0.6800000000000002,0.6800000000000002,-0.030750000000000166,-0.008500000000000008,0.03465577499999988,True,0.6420286373627551,False,True,outside_p10_p90
213d70b2-894b-406b-9dc3-31d3ccec7f54,2025-10-16 00:00:00+00:00,2025-10-16 19:00:00+00:00,20,0.64725,0.67825,0.67825,0.67825,-0.031000000000000028,-0.007749999999999924,0.03725032500000009,True,0.6241556281723729,False,True,outside_p10_p90
213d70b2-894b-406b-9dc3-31d3ccec7f54,2025-10-16 00:00:00+00:00,2025-10-16 20:00:00+00:00,21,0.647,0.676,0.676,0.676,-0.029000000000000026,-0.007874999999999965,0.044292674999999976,True,0.47694116465081576,False,True,outside_p10_p90
213d70b2-894b-406b-9dc3-31d3ccec7f54,2025-10-16 00:00:00+00:00,2025-10-16 21:00:00+00:00,22,0.647,0.675,0.675,0.675,-0.028000000000000025,-0.009374999999999967,0.042810074999999975,True,0.43506113922949374,False,True,outside_p10_p90
213d70b2-894b-406b-9dc3-31d3ccec7f54,2025-10-16 00:00:00+00:00,2025-10-16 22:00:00+00:00,23,0.647,0.6695,0.6695,0.6695,-0.022499999999999964,-0.00912500000000005,0.04392202500000002,True,0.3045169251645367,False,True,outside_p10_p90
213d70b2-894b-406b-9dc3-31d3ccec7f54,2025-10-16 00:00:00+00:00,2025-10-16 23:00:00+00:00,24,0.647,0.67,0.67,0.67,-0.02300000000000002,-0.008499999999999897,0.04725787500000006,True,0.3068271690168063,False,True,outside_p10_p90
3c43b72d-03a7-46e1-86c7-76dd97808544,2025-10-01 00:00:00+00:00,2025-10-01 00:00:00+00:00,1,0.29,0.279,0.279,0.279,0.010999999999999954,-0.0021250000000000158,0.009266250000000007,True,1.4164305949008456,False,True,outside_p10_p90
3c43b72d-03a7-46e1-86c7-76dd97808544,2025-10-01 00:00:00+00:00,2025-10-01 01:00:00+00:00,2,0.2885,0.279,0.279,0.279,0.009499999999999953,-0.0025000000000000022,0.008895600000000049,True,1.348981518953178,False,True,outside_p10_p90
3c43b72d-03a7-46e1-86c7-76dd97808544,2025-10-01 00:00:00+00:00,2025-10-01 02:00:00+00:00,3,0.2865,0.279,0.279,0.279,0.007499999999999951,-0.002999999999999975,0.008154299999999925,True,1.2876641771825936,False,True,outside_p10_p90
3c43b72d-03a7-46e1-86c7-76dd97808544,2025-10-01 00:00:00+00:00,2025-10-01 03:00:00+00:00,4,0.2842499999999999,0.279,0.279,0.279,0.005249999999999866,-0.0030000000000000027,0.007968974999999986,True,1.0352648866384802,False,True,outside_p10_p90
3c43b72d-03a7-46e1-86c7-76dd97808544,2025-10-01 00:00:00+00:00,2025-10-01 04:00:00+00:00,5,0.28225,0.27725,0.27725,0.27725,0.0050000000000000044,-0.0025000000000000022,0.006671700000000005,True,1.1241512657943253,False,True,outside_p10_p90
3c43b72d-03a7-46e1-86c7-76dd97808544,2025-10-01 00:00:00+00:00,2025-10-01 05:00:00+00:00,6,0.28025,0.2755,0.2755,0.2755,0.0047499999999999765,-0.0025000000000000022,0.006115724999999984,True,1.1854686075649243,False,True,outside_p10_p90
3c43b72d-03a7-46e1-86c7-76dd97808544,2025-10-01 00:00:00+00:00,2025-10-01 06:00:00+00:00,7,0.27875,0.27425,0.27425,0.27425,0.004500000000000004,-0.0028749999999999887,0.007042349999999965,True,1.0472356528715598,False,True,outside_p10_p90
3c43b72d-03a7-46e1-86c7-76dd97808544,2025-10-01 00:00:00+00:00,2025-10-01 07:00:00+00:00,8,0.2775,0.27375,0.27375,0.27375,0.003750000000000031,-0.002375000000000016,0.006857024999999903,True,0.8932445193068618,False,True,outside_p10_p90
3c43b72d-03a7-46e1-86c7-76dd97808544,2025-10-01 00:00:00+00:00,2025-10-01 08:00:00+00:00,9,0.2745,0.273,0.273,0.273,0.0015000000000000013,-0.002875000000000044,0.006857025000000068,True,0.6380317995048876,False,True,outside_p10_p90
3c43b72d-03a7-46e1-86c7-76dd97808544,2025-10-01 00:00:00+00:00,2025-10-01 09:00:00+00:00,10,0.27325,0.273,0.273,0.273,0.00024999999999997247,-0.0018750000000000155,0.007413000000000006,True,0.2866585727775511,False,True,outside_p10_p90
3c43b72d-03a7-46e1-86c7-76dd97808544,2025-10-01 00:00:00+00:00,2025-10-01 10:00:00+00:00,11,0.27425,0.2735,0.2735,0.2735,0.0007499999999999729,-0.0018750000000000155,0.006857024999999944,True,0.38281907970293383,False,True,outside_p10_p90
3c43b72d-03a7-46e1-86c7-76dd97808544,2025-10-01 00:00:00+00:00,2025-10-01 11:00:00+00:00,12,0.2765,0.2765,0.2765,0.2765,0.0,-0.0018750000000000155,0.007227675000000026,False,0.25941952287561476,False,False,
3c43b72d-03a7-46e1-86c7-76dd97808544,2025-10-01 00:00:00+00:00,2025-10-01 12:00:00+00:00,13,0.27825,0.279,0.279,0.279,-0.0007500000000000284,-0.0012500000000000011,0.007783650000000089,True,0.06423721518824292,False,True,outside_p10_p90
3c43b72d-03a7-46e1-86c7-76dd97808544,2025-10-01 00:00:00+00:00,2025-10-01 13:00:00+00:00,14,0.28075,0.281,0.281,0.281,-0.000250000000000028,-0.0018750000000000017,0.007227675000000026,True,0.2248302531588606,False,True,outside_p10_p90
3c43b72d-03a7-46e1-86c7-76dd97808544,2025-10-01 00:00:00+00:00,2025-10-01 14:00:00+00:00,15,0.28175,0.283,0.283,0.283,-0.0012499999999999734,-0.0019999999999999463,0.007413000000000047,True,0.10117361392148498,False,True,outside_p10_p90
3c43b72d-03a7-46e1-86c7-76dd97808544,2025-10-01 00:00:00+00:00,2025-10-01 15:00:00+00:00,16,0.282,0.28525,0.28525,0.28525,-0.0032500000000000306,-0.0013749999999999873,0.006857024999999903,True,0.27344219978781903,False,True,outside_p10_p90
3c43b72d-03a7-46e1-86c7-76dd97808544,2025-10-01 00:00:00+00:00,2025-10-01 16:00:00+00:00,17,0.282,0.286,0.286,0.286,-0.0040000000000000036,-0.0010000000000000009,0.006671700000000005,True,0.44966050631773014,False,True,outside_p10_p90
3c43b72d-03a7-46e1-86c7-76dd97808544,2025-10-01 00:00:00+00:00,2025-10-01 17:00:00+00:00,18,0.282,0.286,0.286,0.286,-0.0040000000000000036,-0.0010000000000000009,0.008154300000000007,True,0.3679040506235974,False,True,outside_p10_p90
3c43b72d-03a7-46e1-86c7-76dd97808544,2025-10-01 00:00:00+00:00,2025-10-01 18:00:00+00:00,19,0.282,0.286,0.286,0.286,-0.0040000000000000036,-0.0011249999999999871,0.008154299999999965,True,0.352574715180951,False,True,outside_p10_p90
3c43b72d-03a7-46e1-86c7-76dd97808544,2025-10-01 00:00:00+00:00,2025-10-01 19:00:00+00:00,20,0.282,0.286,0.286,0.286,-0.0040000000000000036,-0.0011249999999999871,0.006857024999999985,True,0.41927803967464355,False,True,outside_p10_p90
3c43b72d-03a7-46e1-86c7-76dd97808544,2025-10-01 00:00:00+00:00,2025-10-01 20:00:00+00:00,21,0.2822499999999999,0.286,0.286,0.286,-0.0037500000000000866,-0.0024999999999999745,0.007598324999999903,True,0.16450994133577176,False,True,outside_p10_p90
3c43b72d-03a7-46e1-86c7-76dd97808544,2025-10-01 00:00:00+00:00,2025-10-01 21:00:00+00:00,22,0.2845,0.28725,0.28725,0.28725,-0.00275000000000003,-0.0024999999999999745,0.008895599999999967,True,0.0281037816448645,False,True,outside_p10_p90
3c43b72d-03a7-46e1-86c7-76dd97808544,2025-10-01 00:00:00+00:00,2025-10-01 22:00:00+00:00,23,0.2862499999999999,0.29,0.29,0.29,-0.0037500000000000866,-0.0025000000000000022,0.009636900000000007,True,0.12970976143781543,False,True,outside_p10_p90
3c43b72d-03a7-46e1-86c7-76dd97808544,2025-10-01 00:00:00+00:00,2025-10-01 23:00:00+00:00,24,0.287,0.29,0.29,0.29,-0.0030000000000000027,-0.0025000000000000022,0.009636900000000007,True,0.051883904575122715,False,True,outside_p10_p90
3c43b72d-03a7-46e1-86c7-76dd97808544,2025-10-02 00:00:00+00:00,2025-10-02 00:00:00+00:00,1,0.287,0.29,0.29,0.29,-0.0030000000000000027,-0.0021250000000000158,0.009266250000000007,True,0.09442870632672183,False,True,outside_p10_p90
3c43b72d-03a7-46e1-86c7-76dd97808544,2025-10-02 00:00:00+00:00,2025-10-02 01:00:00+00:00,2,0.28625,0.2885,0.2885,0.2885,-0.0022499999999999742,-0.0025000000000000022,0.008895600000000049,True,0.028103781644861124,False,True,outside_p10_p90
3c43b72d-03a7-46e1-86c7-76dd97808544,2025-10-02 00:00:00+00:00,2025-10-02 02:00:00+00:00,3,0.2835,0.2865,0.2865,0.2865,-0.0030000000000000027,-0.002999999999999975,0.008154299999999925,True,3.403796232126506e-15,False,True,outside_p10_p90
3c43b72d-03a7-46e1-86c7-76dd97808544,2025-10-02 00:00:00+00:00,2025-10-02 03:00:00+00:00,4,0.2815,0.2842499999999999,0.2842499999999999,0.2842499999999999,-0.002749999999999919,-0.0030000000000000027,0.007968974999999986,True,0.03137166323148007,False,True,outside_p10_p90
3c43b72d-03a7-46e1-86c7-76dd97808544,2025-10-02 00:00:00+00:00,2025-10-02 04:00:00+00:00,5,0.2795,0.28225,0.28225,0.28225,-0.0027499999999999747,-0.0025000000000000022,0.006671700000000005,True,0.037471708859806684,False,True,outside_p10_p90
3c43b72d-03a7-46e1-86c7-76dd97808544,2025-10-02 00:00:00+00:00,2025-10-02 05:00:00+00:00,6,0.27775,0.28025,0.28025,0.28025,-0.0025000000000000022,-0.0025000000000000022,0.006115724999999984,True,0.0,False,True,outside_p10_p90
3c43b72d-03a7-46e1-86c7-76dd97808544,2025-10-02 00:00:00+00:00,2025-10-02 06:00:00+00:00,7,0.27575,0.27875,0.27875,0.27875,-0.0030000000000000027,-0.0028749999999999887,0.007042349999999965,True,0.01774975682833353,False,True,outside_p10_p90
3c43b72d-03a7-46e1-86c7-76dd97808544,2025-10-02 00:00:00+00:00,2025-10-02 07:00:00+00:00,8,0.275,0.2775,0.2775,0.2775,-0.0025000000000000022,-0.002375000000000016,0.006857024999999903,True,0.018229479985852174,False,True,outside_p10_p90
3c43b72d-03a7-46e1-86c7-76dd97808544,2025-10-02 00:00:00+00:00,2025-10-02 08:00:00+00:00,9,0.2745,0.2745,0.2745,0.2745,0.0,-0.002875000000000044,0.006857025000000068,False,0.41927803967464256,False,False,
3c43b72d-03a7-46e1-86c7-76dd97808544,2025-10-02 00:00:00+00:00,2025-10-02 09:00:00+00:00,10,0.274,0.27325,0.27325,0.27325,0.0007500000000000284,-0.0018750000000000155,0.007413000000000006,True,0.3541076487252181,False,True,outside_p10_p90
3c43b72d-03a7-46e1-86c7-76dd97808544,2025-10-02 00:00:00+00:00,2025-10-02 10:00:00+00:00,11,0.274,0.27425,0.27425,0.27425,-0.00024999999999997247,-0.0018750000000000155,0.006857024999999944,True,0.23698323981610922,False,True,outside_p10_p90
3c43b72d-03a7-46e1-86c7-76dd97808544,2025-10-02 00:00:00+00:00,2025-10-02 11:00:00+00:00,12,0.2745,0.2765,0.2765,0.2765,-0.0020000000000000018,-0.0018750000000000155,0.007227675000000026,True,0.01729463485837227,False,True,outside_p10_p90
3c43b72d-03a7-46e1-86c7-76dd97808544,2025-10-02 00:00:00+00:00,2025-10-02 12:00:00+00:00,13,0.27625,0.27825,0.27825,0.27825,-0.0020000000000000018,-0.0012500000000000011,0.007783650000000089,True,0.09635582278236972,False,True,outside_p10_p90
3c43b72d-03a7-46e1-86c7-76dd97808544,2025-10-02 00:00:00+00:00,2025-10-02 13:00:00+00:00,14,0.27675,0.28075,0.28075,0.28075,-0.0040000000000000036,-0.0018750000000000017,0.007227675000000026,True,0.2940087925923612,False,True,outside_p10_p90
3c43b72d-03a7-46e1-86c7-76dd97808544,2025-10-02 00:00:00+00:00,2025-10-02 14:00:00+00:00,15,0.277,0.28175,0.28175,0.28175,-0.0047499999999999765,-0.0019999999999999463,0.007413000000000047,True,0.37096991771212906,False,True,outside_p10_p90
3c43b72d-03a7-46e1-86c7-76dd97808544,2025-10-02 00:00:00+00:00,2025-10-02 15:00:00+00:00,16,0.277,0.282,0.282,0.282,-0.004999999999999949,-0.0013749999999999873,0.006857024999999903,True,0.5286549195897656,False,True,outside_p10_p90
3c43b72d-03a7-46e1-86c7-76dd97808544,2025-10-02 00:00:00+00:00,2025-10-02 16:00:00+00:00,17,0.277,0.282,0.282,0.282,-0.004999999999999949,-0.0010000000000000009,0.006671700000000005,True,0.5995473417569652,False,True,outside_p10_p90
3c43b72d-03a7-46e1-86c7-76dd97808544,2025-10-02 00:00:00+00:00,2025-10-02 17:00:00+00:00,18,0.277,0.282,0.282,0.282,-0.004999999999999949,-0.0010000000000000009,0.008154300000000007,True,0.4905387341647897,False,True,outside_p10_p90
3c43b72d-03a7-46e1-86c7-76dd97808544,2025-10-02 00:00:00+00:00,2025-10-02 18:00:00+00:00,19,0.277,0.282,0.282,0.282,-0.004999999999999949,-0.0011249999999999871,0.008154299999999965,True,0.47520939872214396,False,True,outside_p10_p90
3c43b72d-03a7-46e1-86c7-76dd97808544,2025-10-02 00:00:00+00:00,2025-10-02 19:00:00+00:00,20,0.277,0.282,0.282,0.282,-0.004999999999999949,-0.0011249999999999871,0.006857024999999985,True,0.5651138795614673,False,True,outside_p10_p90
3c43b72d-03a7-46e1-86c7-76dd97808544,2025-10-02 00:00:00+00:00,2025-10-02 20:00:00+00:00,21,0.277,0.2822499999999999,0.2822499999999999,0.2822499999999999,-0.005249999999999866,-0.0024999999999999745,0.007598324999999903,True,0.36192187093865114,False,True,outside_p10_p90
3c43b72d-03a7-46e1-86c7-76dd97808544,2025-10-02 00:00:00+00:00,2025-10-02 21:00:00+00:00,22,0.2775,0.2845,0.2845,0.2845,-0.006999999999999951,-0.0024999999999999745,0.008895599999999967,True,0.5058680696074456,False,True,outside_p10_p90
3c43b72d-03a7-46e1-86c7-76dd97808544,2025-10-02 00:00:00+00:00,2025-10-02 22:00:00+00:00,23,0.278,0.2862499999999999,0.2862499999999999,0.2862499999999999,-0.008249999999999869,-0.0025000000000000022,0.009636900000000007,True,0.5966649026138968,False,True,outside_p10_p90
3c43b72d-03a7-46e1-86c7-76dd97808544,2025-10-02 00:00:00+00:00,2025-10-02 23:00:00+00:00,24,0.279,0.287,0.287,0.287,-0.007999999999999952,-0.0025000000000000022,0.009636900000000007,True,0.5707229503263441,False,True,outside_p10_p90
3c43b72d-03a7-46e1-86c7-76dd97808544,2025-10-03 00:00:00+00:00,2025-10-03 00:00:00+00:00,1,0.279,0.287,0.287,0.287,-0.007999999999999952,-0.0021250000000000158,0.009266250000000007,True,0.6340213139079921,False,True,outside_p10_p90
3c43b72d-03a7-46e1-86c7-76dd97808544,2025-10-03 00:00:00+00:00,2025-10-03 01:00:00+00:00,2,0.279,0.28625,0.28625,0.28625,-0.007249999999999979,-0.0025000000000000022,0.008895600000000049,True,0.533971851252299,False,True,outside_p10_p90
3c43b72d-03a7-46e1-86c7-76dd97808544,2025-10-03 00:00:00+00:00,2025-10-03 02:00:00+00:00,3,0.279,0.2835,0.2835,0.2835,-0.0044999999999999485,-0.002999999999999975,0.008154299999999925,True,0.18395202531179713,False,True,outside_p10_p90
3c43b72d-03a7-46e1-86c7-76dd97808544,2025-10-03 00:00:00+00:00,2025-10-03 03:00:00+00:00,4,0.279,0.2815,0.2815,0.2815,-0.0024999999999999467,-0.0030000000000000027,0.007968974999999986,True,0.06274332646294623,False,True,outside_p10_p90
3c43b72d-03a7-46e1-86c7-76dd97808544,2025-10-03 00:00:00+00:00,2025-10-03 04:00:00+00:00,5,0.279,0.2795,0.2795,0.2795,-0.0005000000000000004,-0.0025000000000000022,0.006671700000000005,True,0.2997736708784868,False,True,outside_p10_p90
3c43b72d-03a7-46e1-86c7-76dd97808544,2025-10-03 00:00:00+00:00,2025-10-03 05:00:00+00:00,6,0.279,0.27775,0.27775,0.27775,0.0012500000000000289,-0.0025000000000000022,0.006115724999999984,True,0.6131734177060023,False,True,outside_p10_p90
3c43b72d-03a7-46e1-86c7-76dd97808544,2025-10-03 00:00:00+00:00,2025-10-03 06:00:00+00:00,7,0.279,0.27575,0.27575,0.27575,0.0032500000000000306,-0.0028749999999999887,0.007042349999999965,True,0.8697380845882483,False,True,outside_p10_p90
3c43b72d-03a7-46e1-86c7-76dd97808544,2025-10-03 00:00:00+00:00,2025-10-03 07:00:00+00:00,8,0.28025,0.275,0.275,0.275,0.005249999999999977,-0.002375000000000016,0.006857024999999903,True,1.1119982791371041,False,True,outside_p10_p90
3c43b72d-03a7-46e1-86c7-76dd97808544,2025-10-03 00:00:00+00:00,2025-10-03 08:00:00+00:00,9,0.28125,0.2745,0.2745,0.2745,0.006749999999999978,-0.002875000000000044,0.006857025000000068,True,1.4036699589107415,False,True,outside_p10_p90
3c43b72d-03a7-46e1-86c7-76dd97808544,2025-10-03 00:00:00+00:00,2025-10-03 09:00:00+00:00,10,0.2827499999999999,0.274,0.274,0.274,0.008749999999999869,-0.0018750000000000155,0.007413000000000006,True,1.433292863887748,False,True,outside_p10_p90
3c43b72d-03a7-46e1-86c7-76dd97808544,2025-10-03 00:00:00+00:00,2025-10-03 10:00:00+00:00,11,0.2835,0.274,0.274,0.274,0.009499999999999953,-0.0018750000000000155,0.006857024999999944,True,1.658882678712716,False,True,outside_p10_p90
3c43b72d-03a7-46e1-86c7-76dd97808544,2025-10-03 00:00:00+00:00,2025-10-03 11:00:00+00:00,12,0.2847499999999999,0.2745,0.2745,0.2745,0.01024999999999987,-0.0018750000000000155,0.007227675000000026,True,1.677579581262279,False,True,outside_p10_p90
3c43b72d-03a7-46e1-86c7-76dd97808544,2025-10-03 00:00:00+00:00,2025-10-03 12:00:00+00:00,13,0.286,0.27625,0.27625,0.27625,0.009749999999999981,-0.0012500000000000011,0.007783650000000089,True,1.413218734141419,False,True,outside_p10_p90
3c43b72d-03a7-46e1-86c7-76dd97808544,2025-10-03 00:00:00+00:00,2025-10-03 13:00:00+00:00,14,0.287,0.27675,0.27675,0.27675,0.010249999999999981,-0.0018750000000000017,0.007227675000000026,True,1.6775795812622925,False,True,outside_p10_p90
3c43b72d-03a7-46e1-86c7-76dd97808544,2025-10-03 00:00:00+00:00,2025-10-03 14:00:00+00:00,15,0.2882499999999999,0.277,0.277,0.277,0.011249999999999871,-0.0019999999999999463,0.007413000000000047,True,1.7874005126129413,False,True,outside_p10_p90
3c43b72d-03a7-46e1-86c7-76dd97808544,2025-10-03 00:00:00+00:00,2025-10-03 15:00:00+00:00,16,0.29075,0.277,0.277,0.277,0.013749999999999984,-0.0013749999999999873,0.006857024999999903,True,2.205767078288352,False,True,outside_p10_p90
3c43b72d-03a7-46e1-86c7-76dd97808544,2025-10-03 00:00:00+00:00,2025-10-03 16:00:00+00:00,17,0.294,0.277,0.277,0.277,0.01699999999999996,-0.0010000000000000009,0.006671700000000005,True,2.697963037906373,False,True,outside_p10_p90
3c43b72d-03a7-46e1-86c7-76dd97808544,2025-10-03 00:00:00+00:00,2025-10-03 17:00:00+00:00,18,0.29925,0.277,0.277,0.277,0.022249999999999992,-0.0010000000000000009,0.008154300000000007,True,2.851256392332876,False,True,outside_p10_p90
3c43b72d-03a7-46e1-86c7-76dd97808544,2025-10-03 00:00:00+00:00,2025-10-03 18:00:00+00:00,19,0.30575,0.277,0.277,0.277,0.028749999999999998,-0.0011249999999999871,0.008154299999999965,True,3.6637111707933374,True,True,outside_p10_p90|large_residual
3c43b72d-03a7-46e1-86c7-76dd97808544,2025-10-03 00:00:00+00:00,2025-10-03 19:00:00+00:00,20,0.3105,0.277,0.277,0.277,0.033499999999999974,-0.0011249999999999871,0.006857024999999985,True,5.049565956081542,True,True,outside_p10_p90|large_residual
3c43b72d-03a7-46e1-86c7-76dd97808544,2025-10-03 00:00:00+00:00,2025-10-03 20:00:00+00:00,21,0.314,0.277,0.277,0.277,0.03699999999999998,-0.0024999999999999745,0.007598324999999903,True,5.198514146209916,True,True,outside_p10_p90|large_residual
3c43b72d-03a7-46e1-86c7-76dd97808544,2025-10-03 00:00:00+00:00,2025-10-03 21:00:00+00:00,22,0.315,0.2775,0.2775,0.2775,0.03749999999999998,-0.0024999999999999745,0.008895599999999967,True,4.496605063177312,True,True,outside_p10_p90|large_residual
3c43b72d-03a7-46e1-86c7-76dd97808544,2025-10-03 00:00:00+00:00,2025-10-03 22:00:00+00:00,23,0.315,0.278,0.278,0.278,0.03699999999999998,-0.0025000000000000022,0.009636900000000007,True,4.098828461434689,True,True,outside_p10_p90|large_residual
3c43b72d-03a7-46e1-86c7-76dd97808544,2025-10-03 00:00:00+00:00,2025-10-03 23:00:00+00:00,24,0.316,0.279,0.279,0.279,0.03699999999999998,-0.0025000000000000022,0.009636900000000007,True,4.098828461434689,True,True,outside_p10_p90|large_residual
3c43b72d-03a7-46e1-86c7-76dd97808544,2025-10-04 00:00:00+00:00,2025-10-04 00:00:00+00:00,1,0.31375,0.279,0.279,0.279,0.03474999999999995,-0.0021250000000000158,0.009266250000000007,True,3.9794954809119045,True,True,outside_p10_p90|large_residual
3c43b72d-03a7-46e1-86c7-76dd97808544,2025-10-04 00:00:00+00:00,2025-10-04 01:00:00+00:00,2,0.313,0.279,0.279,0.279,0.033999999999999975,-0.0025000000000000022,0.008895600000000049,True,4.103152120149263,True,True,outside_p10_p90|large_residual
3c43b72d-03a7-46e1-86c7-76dd97808544,2025-10-04 00:00:00+00:00,2025-10-04 02:00:00+00:00,3,0.313,0.279,0.279,0.279,0.033999999999999975,-0.002999999999999975,0.008154299999999925,True,4.537483291024403,True,True,outside_p10_p90|large_residual
3c43b72d-03a7-46e1-86c7-76dd97808544,2025-10-04 00:00:00+00:00,2025-10-04 03:00:00+00:00,4,0.313,0.279,0.279,0.279,0.033999999999999975,-0.0030000000000000027,0.007968974999999986,True,4.6430061582574975,True,True,outside_p10_p90|large_residual
3c43b72d-03a7-46e1-86c7-76dd97808544,2025-10-04 00:00:00+00:00,2025-10-04 04:00:00+00:00,5,0.31275,0.279,0.279,0.279,0.03374999999999995,-0.0025000000000000022,0.006671700000000005,True,5.43339778467256,True,True,outside_p10_p90|large_residual
3c43b72d-03a7-46e1-86c7-76dd97808544,2025-10-04 00:00:00+00:00,2025-10-04 05:00:00+00:00,6,0.3095,0.279,0.279,0.279,0.03049999999999997,-0.0025000000000000022,0.006115724999999984,True,5.395926075812771,True,True,outside_p10_p90|large_residual
3c43b72d-03a7-46e1-86c7-76dd97808544,2025-10-04 00:00:00+00:00,2025-10-04 06:00:00+00:00,7,0.306,0.279,0.279,0.279,0.02699999999999997,-0.0028749999999999887,0.007042349999999965,True,4.242191881971232,True,True,outside_p10_p90|large_residual
3c43b72d-03a7-46e1-86c7-76dd97808544,2025-10-04 00:00:00+00:00,2025-10-04 07:00:00+00:00,8,0.3022499999999999,0.28025,0.28025,0.28025,0.02199999999999991,-0.002375000000000016,0.006857024999999903,True,3.5547485972415545,True,True,outside_p10_p90|large_residual
3c43b72d-03a7-46e1-86c7-76dd97808544,2025-10-04 00:00:00+00:00,2025-10-04 08:00:00+00:00,9,0.2997499999999999,0.28125,0.28125,0.28125,0.018499999999999905,-0.002875000000000044,0.006857025000000068,True,3.117241077580983,False,True,outside_p10_p90
3c43b72d-03a7-46e1-86c7-76dd97808544,2025-10-04 00:00:00+00:00,2025-10-04 09:00:00+00:00,10,0.29825,0.2827499999999999,0.2827499999999999,0.2827499999999999,0.015500000000000125,-0.0018750000000000155,0.007413000000000006,True,2.343855389181185,False,True,outside_p10_p90
3c43b72d-03a7-46e1-86c7-76dd97808544,2025-10-04 00:00:00+00:00,2025-10-04 10:00:00+00:00,11,0.297,0.2835,0.2835,0.2835,0.013500000000000012,-0.0018750000000000155,0.006857024999999944,True,2.242226038260055,False,True,outside_p10_p90
3c43b72d-03a7-46e1-86c7-76dd97808544,2025-10-04 00:00:00+00:00,2025-10-04 11:00:00+00:00,12,0.297,0.2847499999999999,0.2847499999999999,0.2847499999999999,0.012250000000000094,-0.0018750000000000155,0.007227675000000026,True,1.9542937389962967,False,True,outside_p10_p90
3c43b72d-03a7-46e1-86c7-76dd97808544,2025-10-04 00:00:00+00:00,2025-10-04 12:00:00+00:00,13,0.298,0.286,0.286,0.286,0.01200000000000001,-0.0012500000000000011,0.007783650000000089,True,1.7022862024885317,False,True,outside_p10_p90
3c43b72d-03a7-46e1-86c7-76dd97808544,2025-10-04 00:00:00+00:00,2025-10-04 13:00:00+00:00,14,0.30175,0.287,0.287,0.287,0.01475000000000004,-0.0018750000000000017,0.007227675000000026,True,2.300186436163771,False,True,outside_p10_p90
3c43b72d-03a7-46e1-86c7-76dd97808544,2025-10-04 00:00:00+00:00,2025-10-04 14:00:00+00:00,15,0.302,0.2882499999999999,0.2882499999999999,0.2882499999999999,0.013750000000000095,-0.0019999999999999463,0.007413000000000047,True,2.1246458923512668,False,True,outside_p10_p90
3c43b72d-03a7-46e1-86c7-76dd97808544,2025-10-04 00:00:00+00:00,2025-10-04 15:00:00+00:00,16,0.302,0.29075,0.29075,0.29075,0.011249999999999982,-0.0013749999999999873,0.006857024999999903,True,1.8411774785712678,False,True,outside_p10_p90
3c43b72d-03a7-46e1-86c7-76dd97808544,2025-10-04 00:00:00+00:00,2025-10-04 16:00:00+00:00,17,0.302,0.294,0.294,0.294,0.008000000000000007,-0.0010000000000000009,0.006671700000000005,True,1.3489815189531904,False,True,outside_p10_p90
3c43b72d-03a7-46e1-86c7-76dd97808544,2025-10-04 00:00:00+00:00,2025-10-04 17:00:00+00:00,18,0.302,0.29925,0.29925,0.29925,0.0027499999999999747,-0.0010000000000000009,0.008154300000000007,True,0.4598800632794933,False,True,outside_p10_p90
3c43b72d-03a7-46e1-86c7-76dd97808544,2025-10-04 00:00:00+00:00,2025-10-04 18:00:00+00:00,19,0.30025,0.30575,0.30575,0.30575,-0.005500000000000005,-0.0011249999999999871,0.008154299999999965,True,0.5365267404927506,False,True,outside_p10_p90
3c43b72d-03a7-46e1-86c7-76dd97808544,2025-10-04 00:00:00+00:00,2025-10-04 19:00:00+00:00,20,0.2992499999999999,0.3105,0.3105,0.3105,-0.011250000000000093,-0.0011249999999999871,0.006857024999999985,True,1.4765878788541864,False,True,outside_p10_p90
3c43b72d-03a7-46e1-86c7-76dd97808544,2025-10-04 00:00:00+00:00,2025-10-04 20:00:00+00:00,21,0.298,0.314,0.314,0.314,-0.016000000000000014,-0.0024999999999999745,0.007598324999999903,True,1.776707366426181,False,True,outside_p10_p90
3c43b72d-03a7-46e1-86c7-76dd97808544,2025-10-04 00:00:00+00:00,2025-10-04 21:00:00+00:00,22,0.298,0.315,0.315,0.315,-0.017000000000000015,-0.0024999999999999745,0.008895599999999967,True,1.6300193354017822,False,True,outside_p10_p90
3c43b72d-03a7-46e1-86c7-76dd97808544,2025-10-04 00:00:00+00:00,2025-10-04 22:00:00+00:00,23,0.298,0.315,0.315,0.315,-0.017000000000000015,-0.0025000000000000022,0.009636900000000007,True,1.5046332326785588,False,True,outside_p10_p90
3c43b72d-03a7-46e1-86c7-76dd97808544,2025-10-04 00:00:00+00:00,2025-10-04 23:00:00+00:00,24,0.2975,0.316,0.316,0.316,-0.018500000000000016,-0.0025000000000000022,0.009636900000000007,True,1.6602849464039269,False,True,outside_p10_p90
3c43b72d-03a7-46e1-86c7-76dd97808544,2025-10-05 00:00:00+00:00,2025-10-05 00:00:00+00:00,1,0.297,0.31375,0.31375,0.31375,-0.016749999999999987,-0.0021250000000000158,0.009266250000000007,True,1.5783083771752284,False,True,outside_p10_p90
3c43b72d-03a7-46e1-86c7-76dd97808544,2025-10-05 00:00:00+00:00,2025-10-05 01:00:00+00:00,2,0.297,0.313,0.313,0.313,-0.016000000000000014,-0.0025000000000000022,0.008895600000000049,True,1.5176042088223323,False,True,outside_p10_p90
3c43b72d-03a7-46e1-86c7-76dd97808544,2025-10-05 00:00:00+00:00,2025-10-05 02:00:00+00:00,3,0.297,0.313,0.313,0.313,-0.016000000000000014,-0.002999999999999975,0.008154299999999925,True,1.594250886035608,False,True,outside_p10_p90
3c43b72d-03a7-46e1-86c7-76dd97808544,2025-10-05 00:00:00+00:00,2025-10-05 03:00:00+00:00,4,0.297,0.313,0.313,0.313,-0.016000000000000014,-0.0030000000000000027,0.007968974999999986,True,1.6313264880364207,False,True,outside_p10_p90
3c43b72d-03a7-46e1-86c7-76dd97808544,2025-10-05 00:00:00+00:00,2025-10-05 04:00:00+00:00,5,0.297,0.31275,0.31275,0.31275,-0.015749999999999986,-0.0025000000000000022,0.006671700000000005,True,1.9860005695699707,False,True,outside_p10_p90
3c43b72d-03a7-46e1-86c7-76dd97808544,2025-10-05 00:00:00+00:00,2025-10-05 05:00:00+00:00,6,0.29775,0.3095,0.3095,0.3095,-0.011749999999999983,-0.0025000000000000022,0.006115724999999984,True,1.5124944303414565,False,True,outside_p10_p90
3c43b72d-03a7-46e1-86c7-76dd97808544,2025-10-05 00:00:00+00:00,2025-10-05 06:00:00+00:00,7,0.2997499999999999,0.306,0.306,0.306,-0.006250000000000089,-0.0028749999999999887,0.007042349999999965,True,0.4792434343649658,False,True,outside_p10_p90
3c43b72d-03a7-46e1-86c7-76dd97808544,2025-10-05 00:00:00+00:00,2025-10-05 07:00:00+00:00,8,0.3037499999999999,0.3022499999999999,0.3022499999999999,0.3022499999999999,0.0015000000000000013,-0.002375000000000016,0.006857024999999903,True,0.5651138795614822,False,True,outside_p10_p90
3c43b72d-03a7-46e1-86c7-76dd97808544,2025-10-05 00:00:00+00:00,2025-10-05 08:00:00+00:00,9,0.314,0.2997499999999999,0.2997499999999999,0.2997499999999999,0.014250000000000096,-0.002875000000000044,0.006857025000000068,True,2.4974387580619832,False,True,outside_p10_p90
3c43b72d-03a7-46e1-86c7-76dd97808544,2025-10-05 00:00:00+00:00,2025-10-05 09:00:00+00:00,10,0.322,0.29825,0.29825,0.29825,0.023749999999999993,-0.0018750000000000155,0.007413000000000006,True,3.4567651423175483,False,True,outside_p10_p90
3c43b72d-03a7-46e1-86c7-76dd97808544,2025-10-05 00:00:00+00:00,2025-10-05 10:00:00+00:00,11,0.324,0.297,0.297,0.297,0.027000000000000024,-0.0018750000000000155,0.006857024999999944,True,4.211009876732296,True,True,outside_p10_p90|large_residual
3c43b72d-03a7-46e1-86c7-76dd97808544,2025-10-05 00:00:00+00:00,2025-10-05 11:00:00+00:00,12,0.3265,0.297,0.297,0.297,0.029500000000000026,-0.0018750000000000155,0.007227675000000026,True,4.340953349451923,True,True,outside_p10_p90|large_residual
3c43b72d-03a7-46e1-86c7-76dd97808544,2025-10-05 00:00:00+00:00,2025-10-05 12:00:00+00:00,13,0.332,0.298,0.298,0.298,0.03400000000000003,-0.0012500000000000011,0.007783650000000089,True,4.528723670771377,True,True,outside_p10_p90|large_residual
3c43b72d-03a7-46e1-86c7-76dd97808544,2025-10-05 00:00:00+00:00,2025-10-05 13:00:00+00:00,14,0.33575,0.30175,0.30175,0.30175,0.033999999999999975,-0.0018750000000000017,0.007227675000000026,True,4.963560204353384,True,True,outside_p10_p90|large_residual
3c43b72d-03a7-46e1-86c7-76dd97808544,2025-10-05 00:00:00+00:00,2025-10-05 14:00:00+00:00,15,0.34275,0.302,0.302,0.302,0.04075000000000001,-0.0019999999999999463,0.007413000000000047,True,5.766895993524846,True,True,outside_p10_p90|large_residual
3c43b72d-03a7-46e1-86c7-76dd97808544,2025-10-05 00:00:00+00:00,2025-10-05 15:00:00+00:00,16,0.3472499999999999,0.302,0.302,0.302,0.0452499999999999,-0.0013749999999999873,0.006857024999999903,True,6.799596034723593,True,True,outside_p10_p90|large_residual
3c43b72d-03a7-46e1-86c7-76dd97808544,2025-10-05 00:00:00+00:00,2025-10-05 16:00:00+00:00,17,0.348,0.302,0.302,0.302,0.045999999999999985,-0.0010000000000000009,0.006671700000000005,True,7.044681265644431,True,True,outside_p10_p90|large_residual
3c43b72d-03a7-46e1-86c7-76dd97808544,2025-10-05 00:00:00+00:00,2025-10-05 17:00:00+00:00,18,0.3485,0.302,0.302,0.302,0.046499999999999986,-0.0010000000000000009,0.008154300000000007,True,5.825147468206952,True,True,outside_p10_p90|large_residual
3c43b72d-03a7-46e1-86c7-76dd97808544,2025-10-05 00:00:00+00:00,2025-10-05 18:00:00+00:00,19,0.3514999999999999,0.30025,0.30025,0.30025,0.05124999999999991,-0.0011249999999999871,0.008154299999999965,True,6.422991550470319,True,True,outside_p10_p90|large_residual
3c43b72d-03a7-46e1-86c7-76dd97808544,2025-10-05 00:00:00+00:00,2025-10-05 19:00:00+00:00,20,0.352,0.2992499999999999,0.2992499999999999,0.2992499999999999,0.052750000000000075,-0.0011249999999999871,0.006857024999999985,True,7.856905873903067,True,True,outside_p10_p90|large_residual
3c43b72d-03a7-46e1-86c7-76dd97808544,2025-10-05 00:00:00+00:00,2025-10-05 20:00:00+00:00,21,0.3525,0.298,0.298,0.298,0.05449999999999999,-0.0024999999999999745,0.007598324999999903,True,7.5016533249105155,True,True,outside_p10_p90|large_residual
3c43b72d-03a7-46e1-86c7-76dd97808544,2025-10-05 00:00:00+00:00,2025-10-05 21:00:00+00:00,22,0.35625,0.298,0.298,0.298,0.058250000000000024,-0.0024999999999999745,0.008895599999999967,True,6.829218939700551,True,True,outside_p10_p90|large_residual
3c43b72d-03a7-46e1-86c7-76dd97808544,2025-10-05 00:00:00+00:00,2025-10-05 22:00:00+00:00,23,0.3562499999999999,0.298,0.298,0.298,0.05824999999999991,-0.0025000000000000022,0.009636900000000007,True,6.303894405877395,True,True,outside_p10_p90|large_residual
3c43b72d-03a7-46e1-86c7-76dd97808544,2025-10-05 00:00:00+00:00,2025-10-05 23:00:00+00:00,24,0.355,0.2975,0.2975,0.2975,0.057499999999999996,-0.0025000000000000022,0.009636900000000007,True,6.22606854901472,True,True,outside_p10_p90|large_residual
3c43b72d-03a7-46e1-86c7-76dd97808544,2025-10-06 00:00:00+00:00,2025-10-06 00:00:00+00:00,1,0.355,0.297,0.297,0.297,0.057999999999999996,-0.0021250000000000158,0.009266250000000007,True,6.488601106164841,True,True,outside_p10_p90|large_residual
3c43b72d-03a7-46e1-86c7-76dd97808544,2025-10-06 00:00:00+00:00,2025-10-06 01:00:00+00:00,2,0.3542499999999999,0.297,0.297,0.297,0.05724999999999991,-0.0025000000000000022,0.008895600000000049,True,6.7168038131210475,True,True,outside_p10_p90|large_residual
3c43b72d-03a7-46e1-86c7-76dd97808544,2025-10-06 00:00:00+00:00,2025-10-06 02:00:00+00:00,3,0.354,0.297,0.297,0.297,0.056999999999999995,-0.002999999999999975,0.008154299999999925,True,7.358081012472011,True,True,outside_p10_p90|large_residual
3c43b72d-03a7-46e1-86c7-76dd97808544,2025-10-06 00:00:00+00:00,2025-10-06 03:00:00+00:00,4,0.35175,0.297,0.297,0.297,0.05475000000000002,-0.0030000000000000027,0.007968974999999986,True,7.2468542064694805,True,True,outside_p10_p90|large_residual
3c43b72d-03a7-46e1-86c7-76dd97808544,2025-10-06 00:00:00+00:00,2025-10-06 04:00:00+00:00,5,0.351,0.297,0.297,0.297,0.05399999999999999,-0.0025000000000000022,0.006671700000000005,True,8.468606202317243,True,True,outside_p10_p90|large_residual
3c43b72d-03a7-46e1-86c7-76dd97808544,2025-10-06 00:00:00+00:00,2025-10-06 05:00:00+00:00,6,0.3492499999999999,0.29775,0.29775,0.29775,0.05149999999999988,-0.0025000000000000022,0.006115724999999984,True,8.829697214966341,True,True,outside_p10_p90|large_residual
3c43b72d-03a7-46e1-86c7-76dd97808544,2025-10-06 00:00:00+00:00,2025-10-06 06:00:00+00:00,7,0.3462499999999999,0.2997499999999999,0.2997499999999999,0.2997499999999999,0.046499999999999986,-0.0028749999999999887,0.007042349999999965,True,7.011153947190955,True,True,outside_p10_p90|large_residual
3c43b72d-03a7-46e1-86c7-76dd97808544,2025-10-06 00:00:00+00:00,2025-10-06 07:00:00+00:00,8,0.346,0.3037499999999999,0.3037499999999999,0.3037499999999999,0.042250000000000065,-0.002375000000000016,0.006857024999999903,True,6.507924354949955,True,True,outside_p10_p90|large_residual
3c43b72d-03a7-46e1-86c7-76dd97808544,2025-10-06 00:00:00+00:00,2025-10-06 08:00:00+00:00,9,0.34275,0.314,0.314,0.314,0.028749999999999998,-0.002875000000000044,0.006857025000000068,True,4.6120584364210035,True,True,outside_p10_p90|large_residual
3c43b72d-03a7-46e1-86c7-76dd97808544,2025-10-06 00:00:00+00:00,2025-10-06 09:00:00+00:00,10,0.342,0.322,0.322,0.322,0.020000000000000018,-0.0018750000000000155,0.007413000000000006,True,2.950897072710106,False,True,outside_p10_p90
3c43b72d-03a7-46e1-86c7-76dd97808544,2025-10-06 00:00:00+00:00,2025-10-06 10:00:00+00:00,11,0.343,0.324,0.324,0.324,0.019000000000000017,-0.0018750000000000155,0.006857024999999944,True,3.044323157637635,False,True,outside_p10_p90
3c43b72d-03a7-46e1-86c7-76dd97808544,2025-10-06 00:00:00+00:00,2025-10-06 11:00:00+00:00,12,0.343,0.3265,0.3265,0.3265,0.016500000000000015,-0.0018750000000000155,0.007227675000000026,True,2.5423113241810076,False,True,outside_p10_p90
3c43b72d-03a7-46e1-86c7-76dd97808544,2025-10-06 00:00:00+00:00,2025-10-06 12:00:00+00:00,13,0.34375,0.332,0.332,0.332,0.011749999999999983,-0.0012500000000000011,0.007783650000000089,True,1.670167594894405,False,True,outside_p10_p90
3c43b72d-03a7-46e1-86c7-76dd97808544,2025-10-06 00:00:00+00:00,2025-10-06 13:00:00+00:00,14,0.34475,0.33575,0.33575,0.33575,0.009000000000000008,-0.0018750000000000017,0.007227675000000026,True,1.5046332326785543,False,True,outside_p10_p90
3c43b72d-03a7-46e1-86c7-76dd97808544,2025-10-06 00:00:00+00:00,2025-10-06 14:00:00+00:00,15,0.344,0.34275,0.34275,0.34275,0.0012499999999999734,-0.0019999999999999463,0.007413000000000047,True,0.4384189936597732,False,True,outside_p10_p90
3c43b72d-03a7-46e1-86c7-76dd97808544,2025-10-06 00:00:00+00:00,2025-10-06 15:00:00+00:00,16,0.343,0.3472499999999999,0.3472499999999999,0.3472499999999999,-0.004249999999999865,-0.0013749999999999873,0.006857024999999903,True,0.41927803967462834,False,True,outside_p10_p90
3c43b72d-03a7-46e1-86c7-76dd97808544,2025-10-06 00:00:00+00:00,2025-10-06 16:00:00+00:00,17,0.34,0.348,0.348,0.348,-0.007999999999999952,-0.0010000000000000009,0.006671700000000005,True,1.0492078480746954,False,True,outside_p10_p90
3c43b72d-03a7-46e1-86c7-76dd97808544,2025-10-06 00:00:00+00:00,2025-10-06 17:00:00+00:00,18,0.33975,0.3485,0.3485,0.3485,-0.00874999999999998,-0.0010000000000000009,0.008154300000000007,True,0.9504187974442898,False,True,outside_p10_p90
3c43b72d-03a7-46e1-86c7-76dd97808544,2025-10-06 00:00:00+00:00,2025-10-06 18:00:00+00:00,19,0.33575,0.3514999999999999,0.3514999999999999,0.3514999999999999,-0.01574999999999993,-0.0011249999999999871,0.008154299999999965,True,1.7935322467900379,False,True,outside_p10_p90
3c43b72d-03a7-46e1-86c7-76dd97808544,2025-10-06 00:00:00+00:00,2025-10-06 19:00:00+00:00,20,0.3295,0.352,0.352,0.352,-0.022499999999999964,-0.0011249999999999871,0.006857024999999985,True,3.117241077581024,False,True,outside_p10_p90
3c43b72d-03a7-46e1-86c7-76dd97808544,2025-10-06 00:00:00+00:00,2025-10-06 20:00:00+00:00,21,0.328,0.3525,0.3525,0.3525,-0.024499999999999966,-0.0024999999999999745,0.007598324999999903,True,2.8953749675093223,False,True,outside_p10_p90
3c43b72d-03a7-46e1-86c7-76dd97808544,2025-10-06 00:00:00+00:00,2025-10-06 21:00:00+00:00,22,0.3295,0.35625,0.35625,0.35625,-0.026749999999999996,-0.0024999999999999745,0.008895599999999967,True,2.726066819551251,False,True,outside_p10_p90
3c43b72d-03a7-46e1-86c7-76dd97808544,2025-10-06 00:00:00+00:00,2025-10-06 22:00:00+00:00,23,0.332,0.3562499999999999,0.3562499999999999,0.3562499999999999,-0.024249999999999883,-0.0025000000000000022,0.009636900000000007,True,2.2569498490178237,False,True,outside_p10_p90
3c43b72d-03a7-46e1-86c7-76dd97808544,2025-10-06 00:00:00+00:00,2025-10-06 23:00:00+00:00,24,0.33075,0.355,0.355,0.355,-0.024249999999999994,-0.0025000000000000022,0.009636900000000007,True,2.2569498490178352,False,True,outside_p10_p90
3c43b72d-03a7-46e1-86c7-76dd97808544,2025-10-07 00:00:00+00:00,2025-10-07 00:00:00+00:00,1,0.32725,0.355,0.355,0.355,-0.027749999999999997,-0.0021250000000000158,0.009266250000000007,True,2.765412113854036,False,True,outside_p10_p90
3c43b72d-03a7-46e1-86c7-76dd97808544,2025-10-07 00:00:00+00:00,2025-10-07 01:00:00+00:00,2,0.327,0.3542499999999999,0.3542499999999999,0.3542499999999999,-0.027249999999999885,-0.0025000000000000022,0.008895600000000049,True,2.7822743828409267,False,True,outside_p10_p90
3c43b72d-03a7-46e1-86c7-76dd97808544,2025-10-07 00:00:00+00:00,2025-10-07 02:00:00+00:00,3,0.327,0.354,0.354,0.354,-0.02699999999999997,-0.002999999999999975,0.008154299999999925,True,2.9432324049888052,False,True,outside_p10_p90
3c43b72d-03a7-46e1-86c7-76dd97808544,2025-10-07 00:00:00+00:00,2025-10-07 03:00:00+00:00,4,0.327,0.35175,0.35175,0.35175,-0.024749999999999994,-0.0030000000000000027,0.007968974999999986,True,2.729334701137854,False,True,outside_p10_p90
3c43b72d-03a7-46e1-86c7-76dd97808544,2025-10-07 00:00:00+00:00,2025-10-07 04:00:00+00:00,5,0.32175,0.351,0.351,0.351,-0.029249999999999998,-0.0025000000000000022,0.006671700000000005,True,4.009472847999756,True,True,outside_p10_p90|large_residual
3c43b72d-03a7-46e1-86c7-76dd97808544,2025-10-07 00:00:00+00:00,2025-10-07 05:00:00+00:00,6,0.31825,0.3492499999999999,0.3492499999999999,0.3492499999999999,-0.030999999999999917,-0.0025000000000000022,0.006115724999999984,True,4.660117974565565,True,True,outside_p10_p90|large_residual
3c43b72d-03a7-46e1-86c7-76dd97808544,2025-10-07 00:00:00+00:00,2025-10-07 06:00:00+00:00,7,0.3185,0.3462499999999999,0.3462499999999999,0.3462499999999999,-0.027749999999999886,-0.0028749999999999887,0.007042349999999965,True,3.532201608837962,True,True,outside_p10_p90|large_residual
3c43b72d-03a7-46e1-86c7-76dd97808544,2025-10-07 00:00:00+00:00,2025-10-07 07:00:00+00:00,8,0.32,0.346,0.346,0.346,-0.025999999999999968,-0.002375000000000016,0.006857024999999903,True,3.445371717326433,False,True,outside_p10_p90
3c43b72d-03a7-46e1-86c7-76dd97808544,2025-10-07 00:00:00+00:00,2025-10-07 08:00:00+00:00,9,0.31875,0.34275,0.34275,0.34275,-0.02400000000000002,-0.002875000000000044,0.006857025000000068,True,3.0807821176092793,False,True,outside_p10_p90
3c43b72d-03a7-46e1-86c7-76dd97808544,2025-10-07 00:00:00+00:00,2025-10-07 09:00:00+00:00,10,0.3155,0.342,0.342,0.342,-0.026500000000000024,-0.0018750000000000155,0.007413000000000006,True,3.3218669904222295,False,True,outside_p10_p90
3c43b72d-03a7-46e1-86c7-76dd97808544,2025-10-07 00:00:00+00:00,2025-10-07 10:00:00+00:00,11,0.317,0.343,0.343,0.343,-0.026000000000000023,-0.0018750000000000155,0.006857024999999944,True,3.518289637269837,True,True,outside_p10_p90|large_residual
3c43b72d-03a7-46e1-86c7-76dd97808544,2025-10-07 00:00:00+00:00,2025-10-07 11:00:00+00:00,12,0.3225,0.343,0.343,0.343,-0.020500000000000018,-0.0018750000000000155,0.007227675000000026,True,2.576900593897752,False,True,outside_p10_p90
3c43b72d-03a7-46e1-86c7-76dd97808544,2025-10-07 00:00:00+00:00,2025-10-07 12:00:00+00:00,13,0.324,0.34375,0.34375,0.34375,-0.01974999999999999,-0.0012500000000000011,0.007783650000000089,True,2.3767769619651165,False,True,outside_p10_p90
3c43b72d-03a7-46e1-86c7-76dd97808544,2025-10-07 00:00:00+00:00,2025-10-07 13:00:00+00:00,14,0.32325,0.34475,0.34475,0.34475,-0.02150000000000002,-0.0018750000000000017,0.007227675000000026,True,2.7152576727647473,False,True,outside_p10_p90
3c43b72d-03a7-46e1-86c7-76dd97808544,2025-10-07 00:00:00+00:00,2025-10-07 14:00:00+00:00,15,0.32125,0.344,0.344,0.344,-0.022749999999999992,-0.0019999999999999463,0.007413000000000047,True,2.799136651827858,False,True,outside_p10_p90
3c43b72d-03a7-46e1-86c7-76dd97808544,2025-10-07 00:00:00+00:00,2025-10-07 15:00:00+00:00,16,0.32175,0.343,0.343,0.343,-0.021250000000000047,-0.0013749999999999873,0.006857024999999903,True,2.8984873177508237,False,True,outside_p10_p90
3c43b72d-03a7-46e1-86c7-76dd97808544,2025-10-07 00:00:00+00:00,2025-10-07 16:00:00+00:00,17,0.322,0.34,0.34,0.34,-0.018000000000000016,-0.0010000000000000009,0.006671700000000005,True,2.5480762024671377,False,True,outside_p10_p90
3c43b72d-03a7-46e1-86c7-76dd97808544,2025-10-07 00:00:00+00:00,2025-10-07 17:00:00+00:00,18,0.31975,0.33975,0.33975,0.33975,-0.020000000000000018,-0.0010000000000000009,0.008154300000000007,True,2.3300589872827833,False,True,outside_p10_p90
3c43b72d-03a7-46e1-86c7-76dd97808544,2025-10-07 00:00:00+00:00,2025-10-07 18:00:00+00:00,19,0.31675,0.33575,0.33575,0.33575,-0.019000000000000017,-0.0011249999999999871,0.008154299999999965,True,2.1920949682989472,False,True,outside_p10_p90
3c43b72d-03a7-46e1-86c7-76dd97808544,2025-10-07 00:00:00+00:00,2025-10-07 19:00:00+00:00,20,0.315,0.3295,0.3295,0.3295,-0.014500000000000013,-0.0011249999999999871,0.006857024999999985,True,1.9505543584863778,False,True,outside_p10_p90
3c43b72d-03a7-46e1-86c7-76dd97808544,2025-10-07 00:00:00+00:00,2025-10-07 20:00:00+00:00,21,0.324,0.328,0.328,0.328,-0.0040000000000000036,-0.0024999999999999745,0.007598324999999903,True,0.19741192960291223,False,True,outside_p10_p90
3c43b72d-03a7-46e1-86c7-76dd97808544,2025-10-07 00:00:00+00:00,2025-10-07 21:00:00+00:00,22,0.34075,0.3295,0.3295,0.3295,0.011249999999999982,-0.0024999999999999745,0.008895599999999967,True,1.5457079904671982,False,True,outside_p10_p90
3c43b72d-03a7-46e1-86c7-76dd97808544,2025-10-07 00:00:00+00:00,2025-10-07 22:00:00+00:00,23,0.3504999999999999,0.332,0.332,0.332,0.018499999999999905,-0.0025000000000000022,0.009636900000000007,True,2.179123992155142,False,True,outside_p10_p90
3c43b72d-03a7-46e1-86c7-76dd97808544,2025-10-07 00:00:00+00:00,2025-10-07 23:00:00+00:00,24,0.352,0.33075,0.33075,0.33075,0.02124999999999999,-0.0025000000000000022,0.009636900000000007,True,2.464485467318326,False,True,outside_p10_p90
3c43b72d-03a7-46e1-86c7-76dd97808544,2025-10-08 00:00:00+00:00,2025-10-08 00:00:00+00:00,1,0.351,0.32725,0.32725,0.32725,0.023749999999999993,-0.0021250000000000158,0.009266250000000007,True,2.792391744233103,False,True,outside_p10_p90
3c43b72d-03a7-46e1-86c7-76dd97808544,2025-10-08 00:00:00+00:00,2025-10-08 01:00:00+00:00,2,0.34475,0.327,0.327,0.327,0.017749999999999988,-0.0025000000000000022,0.008895600000000049,True,2.2764063132334953,False,True,outside_p10_p90
3c43b72d-03a7-46e1-86c7-76dd97808544,2025-10-08 00:00:00+00:00,2025-10-08 02:00:00+00:00,3,0.3385,0.327,0.327,0.327,0.01150000000000001,-0.002999999999999975,0.008154299999999925,True,1.7782029113474018,False,True,outside_p10_p90
3c43b72d-03a7-46e1-86c7-76dd97808544,2025-10-08 00:00:00+00:00,2025-10-08 03:00:00+00:00,4,0.33275,0.327,0.327,0.327,0.005749999999999977,-0.0030000000000000027,0.007968974999999986,True,1.0980082131014335,False,True,outside_p10_p90
3c43b72d-03a7-46e1-86c7-76dd97808544,2025-10-08 00:00:00+00:00,2025-10-08 04:00:00+00:00,5,0.328,0.32175,0.32175,0.32175,0.006250000000000033,-0.0025000000000000022,0.006671700000000005,True,1.3115098100933837,False,True,outside_p10_p90
3c43b72d-03a7-46e1-86c7-76dd97808544,2025-10-08 00:00:00+00:00,2025-10-08 05:00:00+00:00,6,0.324,0.31825,0.31825,0.31825,0.005750000000000033,-0.0025000000000000022,0.006115724999999984,True,1.3489815189531995,False,True,outside_p10_p90
3c43b72d-03a7-46e1-86c7-76dd97808544,2025-10-08 00:00:00+00:00,2025-10-08 06:00:00+00:00,7,0.321,0.3185,0.3185,0.3185,0.0025000000000000022,-0.0028749999999999887,0.007042349999999965,True,0.763239543618255,False,True,outside_p10_p90
3c43b72d-03a7-46e1-86c7-76dd97808544,2025-10-08 00:00:00+00:00,2025-10-08 07:00:00+00:00,8,0.3185,0.32,0.32,0.32,-0.0015000000000000013,-0.002375000000000016,0.006857024999999903,True,0.1276063599009814,False,True,outside_p10_p90
3c43b72d-03a7-46e1-86c7-76dd97808544,2025-10-08 00:00:00+00:00,2025-10-08 08:00:00+00:00,9,0.315,0.31875,0.31875,0.31875,-0.0037499999999999756,-0.002875000000000044,0.006857025000000068,True,0.1276063599009662,False,True,outside_p10_p90
3c43b72d-03a7-46e1-86c7-76dd97808544,2025-10-08 00:00:00+00:00,2025-10-08 09:00:00+00:00,10,0.3027499999999999,0.3155,0.3155,0.3155,-0.012750000000000095,-0.0018750000000000155,0.007413000000000006,True,1.4670174018616038,False,True,outside_p10_p90
3c43b72d-03a7-46e1-86c7-76dd97808544,2025-10-08 00:00:00+00:00,2025-10-08 10:00:00+00:00,11,0.2877499999999999,0.317,0.317,0.317,-0.02925000000000011,-0.0018750000000000155,0.006857024999999944,True,3.992256116902056,True,True,outside_p10_p90|large_residual
3c43b72d-03a7-46e1-86c7-76dd97808544,2025-10-08 00:00:00+00:00,2025-10-08 11:00:00+00:00,12,0.27725,0.3225,0.3225,0.3225,-0.04525000000000001,-0.0018750000000000155,0.007227675000000026,True,6.0012382958558375,True,True,outside_p10_p90|large_residual
3c43b72d-03a7-46e1-86c7-76dd97808544,2025-10-08 00:00:00+00:00,2025-10-08 12:00:00+00:00,13,0.273,0.324,0.324,0.324,-0.05099999999999999,-0.0012500000000000011,0.007783650000000089,True,6.3916029112305175,True,True,outside_p10_p90|large_residual
3c43b72d-03a7-46e1-86c7-76dd97808544,2025-10-08 00:00:00+00:00,2025-10-08 13:00:00+00:00,14,0.273,0.32325,0.32325,0.32325,-0.05024999999999996,-0.0018750000000000017,0.007227675000000026,True,6.693023690190799,True,True,outside_p10_p90|large_residual
3c43b72d-03a7-46e1-86c7-76dd97808544,2025-10-08 00:00:00+00:00,2025-10-08 14:00:00+00:00,15,0.276,0.32125,0.32125,0.32125,-0.04524999999999996,-0.0019999999999999463,0.007413000000000047,True,5.834345069472513,True,True,outside_p10_p90|large_residual
3c43b72d-03a7-46e1-86c7-76dd97808544,2025-10-08 00:00:00+00:00,2025-10-08 15:00:00+00:00,16,0.28175,0.32175,0.32175,0.32175,-0.03999999999999998,-0.0013749999999999873,0.006857024999999903,True,5.632909315628941,True,True,outside_p10_p90|large_residual
3c43b72d-03a7-46e1-86c7-76dd97808544,2025-10-08 00:00:00+00:00,2025-10-08 16:00:00+00:00,17,0.287,0.322,0.322,0.322,-0.03500000000000003,-0.0010000000000000009,0.006671700000000005,True,5.0961524049342755,True,True,outside_p10_p90|large_residual
3c43b72d-03a7-46e1-86c7-76dd97808544,2025-10-08 00:00:00+00:00,2025-10-08 17:00:00+00:00,18,0.29125,0.31975,0.31975,0.31975,-0.02849999999999997,-0.0010000000000000009,0.008154300000000007,True,3.372453797382969,False,True,outside_p10_p90
3c43b72d-03a7-46e1-86c7-76dd97808544,2025-10-08 00:00:00+00:00,2025-10-08 18:00:00+00:00,19,0.2945,0.31675,0.31675,0.31675,-0.022249999999999992,-0.0011249999999999871,0.008154299999999965,True,2.590657689807843,False,True,outside_p10_p90
3c43b72d-03a7-46e1-86c7-76dd97808544,2025-10-08 00:00:00+00:00,2025-10-08 19:00:00+00:00,20,0.2962499999999999,0.315,0.315,0.315,-0.0187500000000001,-0.0011249999999999871,0.006857024999999985,True,2.570356678005425,False,True,outside_p10_p90
3c43b72d-03a7-46e1-86c7-76dd97808544,2025-10-08 00:00:00+00:00,2025-10-08 20:00:00+00:00,21,0.2995,0.324,0.324,0.324,-0.024500000000000022,-0.0024999999999999745,0.007598324999999903,True,2.89537496750933,False,True,outside_p10_p90
3c43b72d-03a7-46e1-86c7-76dd97808544,2025-10-08 00:00:00+00:00,2025-10-08 21:00:00+00:00,22,0.3072499999999999,0.34075,0.34075,0.34075,-0.033500000000000085,-0.0024999999999999745,0.008895599999999967,True,3.4848689239624338,False,True,outside_p10_p90
3c43b72d-03a7-46e1-86c7-76dd97808544,2025-10-08 00:00:00+00:00,2025-10-08 22:00:00+00:00,23,0.31,0.3504999999999999,0.3504999999999999,0.3504999999999999,-0.040499999999999925,-0.0025000000000000022,0.009636900000000007,True,3.9431767477093147,True,True,outside_p10_p90|large_residual
3c43b72d-03a7-46e1-86c7-76dd97808544,2025-10-08 00:00:00+00:00,2025-10-08 23:00:00+00:00,24,0.3095,0.352,0.352,0.352,-0.04249999999999998,-0.0025000000000000022,0.009636900000000007,True,4.150712366009811,True,True,outside_p10_p90|large_residual
3c43b72d-03a7-46e1-86c7-76dd97808544,2025-10-09 00:00:00+00:00,2025-10-09 00:00:00+00:00,1,0.3055,0.351,0.351,0.351,-0.045499999999999985,-0.0021250000000000158,0.009266250000000007,True,4.680965870767563,True,True,outside_p10_p90|large_residual
3c43b72d-03a7-46e1-86c7-76dd97808544,2025-10-09 00:00:00+00:00,2025-10-09 01:00:00+00:00,2,0.3007499999999999,0.34475,0.34475,0.34475,-0.044000000000000095,-0.0025000000000000022,0.008895600000000049,True,4.665227753046435,True,True,outside_p10_p90|large_residual
3c43b72d-03a7-46e1-86c7-76dd97808544,2025-10-09 00:00:00+00:00,2025-10-09 02:00:00+00:00,3,0.298,0.3385,0.3385,0.3385,-0.040500000000000036,-0.002999999999999975,0.008154299999999925,True,4.598800632795017,True,True,outside_p10_p90|large_residual
3c43b72d-03a7-46e1-86c7-76dd97808544,2025-10-09 00:00:00+00:00,2025-10-09 03:00:00+00:00,4,0.2955,0.33275,0.33275,0.33275,-0.037250000000000005,-0.0030000000000000027,0.007968974999999986,True,4.297917862711335,True,True,outside_p10_p90|large_residual
3c43b72d-03a7-46e1-86c7-76dd97808544,2025-10-09 00:00:00+00:00,2025-10-09 04:00:00+00:00,5,0.2937499999999999,0.328,0.328,0.328,-0.034250000000000114,-0.0025000000000000022,0.006671700000000005,True,4.75890702519599,True,True,outside_p10_p90|large_residual
3c43b72d-03a7-46e1-86c7-76dd97808544,2025-10-09 00:00:00+00:00,2025-10-09 05:00:00+00:00,6,0.292,0.324,0.324,0.324,-0.03200000000000003,-0.0025000000000000022,0.006115724999999984,True,4.823630885953849,True,True,outside_p10_p90|large_residual
3c43b72d-03a7-46e1-86c7-76dd97808544,2025-10-09 00:00:00+00:00,2025-10-09 06:00:00+00:00,7,0.2915,0.321,0.321,0.321,-0.029500000000000026,-0.0028749999999999887,0.007042349999999965,True,3.7806982044346236,True,True,outside_p10_p90|large_residual
3c43b72d-03a7-46e1-86c7-76dd97808544,2025-10-09 00:00:00+00:00,2025-10-09 07:00:00+00:00,8,0.29,0.3185,0.3185,0.3185,-0.028500000000000025,-0.002375000000000016,0.006857024999999903,True,3.809961317043525,True,True,outside_p10_p90|large_residual
3c43b72d-03a7-46e1-86c7-76dd97808544,2025-10-09 00:00:00+00:00,2025-10-09 08:00:00+00:00,9,0.29,0.315,0.315,0.315,-0.025000000000000022,-0.002875000000000044,0.006857025000000068,True,3.2266179574961096,False,True,outside_p10_p90
3c43b72d-03a7-46e1-86c7-76dd97808544,2025-10-09 00:00:00+00:00,2025-10-09 09:00:00+00:00,10,0.29025,0.3027499999999999,0.3027499999999999,0.3027499999999999,-0.0124999999999999,-0.0018750000000000155,0.007413000000000006,True,1.433292863887748,False,True,outside_p10_p90
3c43b72d-03a7-46e1-86c7-76dd97808544,2025-10-09 00:00:00+00:00,2025-10-09 10:00:00+00:00,11,0.291,0.2877499999999999,0.2877499999999999,0.2877499999999999,0.003250000000000086,-0.0018750000000000155,0.006857024999999944,True,0.7474086794200319,False,True,outside_p10_p90
3c43b72d-03a7-46e1-86c7-76dd97808544,2025-10-09 00:00:00+00:00,2025-10-09 11:00:00+00:00,12,0.2935,0.27725,0.27725,0.27725,0.016249999999999987,-0.0018750000000000155,0.007227675000000026,True,2.507722054464255,False,True,outside_p10_p90
3c43b72d-03a7-46e1-86c7-76dd97808544,2025-10-09 00:00:00+00:00,2025-10-09 12:00:00+00:00,13,0.295,0.273,0.273,0.273,0.021999999999999964,-0.0012500000000000011,0.007783650000000089,True,2.987030506253454,False,True,outside_p10_p90
3c43b72d-03a7-46e1-86c7-76dd97808544,2025-10-09 00:00:00+00:00,2025-10-09 13:00:00+00:00,14,0.296,0.273,0.273,0.273,0.022999999999999965,-0.0018750000000000017,0.007227675000000026,True,3.441632336816456,False,True,outside_p10_p90
3c43b72d-03a7-46e1-86c7-76dd97808544,2025-10-09 00:00:00+00:00,2025-10-09 14:00:00+00:00,15,0.296,0.276,0.276,0.276,0.019999999999999962,-0.0019999999999999463,0.007413000000000047,True,2.9677593416969876,False,True,outside_p10_p90
3c43b72d-03a7-46e1-86c7-76dd97808544,2025-10-09 00:00:00+00:00,2025-10-09 15:00:00+00:00,16,0.296,0.28175,0.28175,0.28175,0.014249999999999985,-0.0013749999999999873,0.006857024999999903,True,2.2786849982317685,False,True,outside_p10_p90
3c43b72d-03a7-46e1-86c7-76dd97808544,2025-10-09 00:00:00+00:00,2025-10-09 16:00:00+00:00,17,0.296,0.287,0.287,0.287,0.009000000000000008,-0.0010000000000000009,0.006671700000000005,True,1.498868354392434,False,True,outside_p10_p90
3c43b72d-03a7-46e1-86c7-76dd97808544,2025-10-09 00:00:00+00:00,2025-10-09 17:00:00+00:00,18,0.296,0.29125,0.29125,0.29125,0.0047499999999999765,-0.0010000000000000009,0.008154300000000007,True,0.7051494303618916,False,True,outside_p10_p90
3c43b72d-03a7-46e1-86c7-76dd97808544,2025-10-09 00:00:00+00:00,2025-10-09 18:00:00+00:00,19,0.296,0.2945,0.2945,0.2945,0.0015000000000000013,-0.0011249999999999871,0.008154299999999965,True,0.3219160442956477,False,True,outside_p10_p90
3c43b72d-03a7-46e1-86c7-76dd97808544,2025-10-09 00:00:00+00:00,2025-10-09 19:00:00+00:00,20,0.296,0.2962499999999999,0.2962499999999999,0.2962499999999999,-0.00024999999999991696,-0.0011249999999999871,0.006857024999999985,True,0.12760635990098798,False,True,outside_p10_p90
3c43b72d-03a7-46e1-86c7-76dd97808544,2025-10-09 00:00:00+00:00,2025-10-09 20:00:00+00:00,21,0.296,0.2995,0.2995,0.2995,-0.003500000000000003,-0.0024999999999999745,0.007598324999999903,True,0.13160795306860937,False,True,outside_p10_p90
3c43b72d-03a7-46e1-86c7-76dd97808544,2025-10-09 00:00:00+00:00,2025-10-09 21:00:00+00:00,22,0.296,0.3072499999999999,0.3072499999999999,0.3072499999999999,-0.011249999999999927,-0.0024999999999999745,0.008895599999999967,True,0.9836323575700329,False,True,outside_p10_p90
3c43b72d-03a7-46e1-86c7-76dd97808544,2025-10-09 00:00:00+00:00,2025-10-09 22:00:00+00:00,23,0.296,0.31,0.31,0.31,-0.014000000000000012,-0.0025000000000000022,0.009636900000000007,True,1.1933298052278223,False,True,outside_p10_p90
3c43b72d-03a7-46e1-86c7-76dd97808544,2025-10-09 00:00:00+00:00,2025-10-09 23:00:00+00:00,24,0.296,0.3095,0.3095,0.3095,-0.013500000000000012,-0.0025000000000000022,0.009636900000000007,True,1.1414459006526996,False,True,outside_p10_p90
3c43b72d-03a7-46e1-86c7-76dd97808544,2025-10-10 00:00:00+00:00,2025-10-10 00:00:00+00:00,1,0.296,0.3055,0.3055,0.3055,-0.009500000000000008,-0.0021250000000000158,0.009266250000000007,True,0.7958990961823809,False,True,outside_p10_p90
3c43b72d-03a7-46e1-86c7-76dd97808544,2025-10-10 00:00:00+00:00,2025-10-10 01:00:00+00:00,2,0.2955,0.3007499999999999,0.3007499999999999,0.3007499999999999,-0.005249999999999921,-0.0025000000000000022,0.008895600000000049,True,0.30914159809342867,False,True,outside_p10_p90
3c43b72d-03a7-46e1-86c7-76dd97808544,2025-10-10 00:00:00+00:00,2025-10-10 02:00:00+00:00,3,0.2937499999999999,0.298,0.298,0.298,-0.004250000000000087,-0.002999999999999975,0.008154299999999925,True,0.15329335442651407,False,True,outside_p10_p90
3c43b72d-03a7-46e1-86c7-76dd97808544,2025-10-10 00:00:00+00:00,2025-10-10 03:00:00+00:00,4,0.292,0.2955,0.2955,0.2955,-0.003500000000000003,-0.0030000000000000027,0.007968974999999986,True,0.06274332646293926,False,True,outside_p10_p90
3c43b72d-03a7-46e1-86c7-76dd97808544,2025-10-10 00:00:00+00:00,2025-10-10 04:00:00+00:00,5,0.28975,0.2937499999999999,0.2937499999999999,0.2937499999999999,-0.0039999999999998925,-0.0025000000000000022,0.006671700000000005,True,0.22483025315884844,False,True,outside_p10_p90
3c43b72d-03a7-46e1-86c7-76dd97808544,2025-10-10 00:00:00+00:00,2025-10-10 05:00:00+00:00,6,0.2875,0.292,0.292,0.292,-0.004500000000000004,-0.0025000000000000022,0.006115724999999984,True,0.32702582277653214,False,True,outside_p10_p90
3c43b72d-03a7-46e1-86c7-76dd97808544,2025-10-10 00:00:00+00:00,2025-10-10 06:00:00+00:00,7,0.28625,0.2915,0.2915,0.2915,-0.005249999999999977,-0.0028749999999999887,0.007042349999999965,True,0.3372453797382976,False,True,outside_p10_p90
3c43b72d-03a7-46e1-86c7-76dd97808544,2025-10-10 00:00:00+00:00,2025-10-10 07:00:00+00:00,8,0.28425,0.29,0.29,0.29,-0.005749999999999977,-0.002375000000000016,0.006857024999999903,True,0.4921959596180573,False,True,outside_p10_p90
3c43b72d-03a7-46e1-86c7-76dd97808544,2025-10-10 00:00:00+00:00,2025-10-10 08:00:00+00:00,9,0.284,0.29,0.29,0.29,-0.006000000000000005,-0.002875000000000044,0.006857025000000068,True,0.4557369996463379,False,True,outside_p10_p90
3c43b72d-03a7-46e1-86c7-76dd97808544,2025-10-10 00:00:00+00:00,2025-10-10 09:00:00+00:00,10,0.284,0.29025,0.29025,0.29025,-0.006250000000000033,-0.0018750000000000155,0.007413000000000006,True,0.5901794145420226,False,True,outside_p10_p90
3c43b72d-03a7-46e1-86c7-76dd97808544,2025-10-10 00:00:00+00:00,2025-10-10 10:00:00+00:00,11,0.284,0.291,0.291,0.291,-0.007000000000000006,-0.0018750000000000155,0.006857024999999944,True,0.7474086794200157,False,True,outside_p10_p90
3c43b72d-03a7-46e1-86c7-76dd97808544,2025-10-10 00:00:00+00:00,2025-10-10 11:00:00+00:00,12,0.2842499999999999,0.2935,0.2935,0.2935,-0.009250000000000091,-0.0018750000000000155,0.007227675000000026,True,1.0203834566440866,False,True,outside_p10_p90
3c43b72d-03a7-46e1-86c7-76dd97808544,2025-10-10 00:00:00+00:00,2025-10-10 12:00:00+00:00,13,0.2855,0.295,0.295,0.295,-0.009500000000000008,-0.0012500000000000011,0.007783650000000089,True,1.059914050606067,False,True,outside_p10_p90
3c43b72d-03a7-46e1-86c7-76dd97808544,2025-10-10 00:00:00+00:00,2025-10-10 13:00:00+00:00,14,0.28775,0.296,0.296,0.296,-0.00824999999999998,-0.0018750000000000017,0.007227675000000026,True,0.8820263777770797,False,True,outside_p10_p90
3c43b72d-03a7-46e1-86c7-76dd97808544,2025-10-10 00:00:00+00:00,2025-10-10 14:00:00+00:00,15,0.28875,0.296,0.296,0.296,-0.007249999999999979,-0.0019999999999999463,0.007413000000000047,True,0.7082152974504248,False,True,outside_p10_p90
3c43b72d-03a7-46e1-86c7-76dd97808544,2025-10-10 00:00:00+00:00,2025-10-10 15:00:00+00:00,16,0.29,0.296,0.296,0.296,-0.006000000000000005,-0.0013749999999999873,0.006857024999999903,True,0.6744907594766073,False,True,outside_p10_p90
3c43b72d-03a7-46e1-86c7-76dd97808544,2025-10-10 00:00:00+00:00,2025-10-10 16:00:00+00:00,17,0.29,0.296,0.296,0.296,-0.006000000000000005,-0.0010000000000000009,0.006671700000000005,True,0.749434177196217,False,True,outside_p10_p90
3c43b72d-03a7-46e1-86c7-76dd97808544,2025-10-10 00:00:00+00:00,2025-10-10 17:00:00+00:00,18,0.29,0.296,0.296,0.296,-0.006000000000000005,-0.0010000000000000009,0.008154300000000007,True,0.6131734177059956,False,True,outside_p10_p90
3c43b72d-03a7-46e1-86c7-76dd97808544,2025-10-10 00:00:00+00:00,2025-10-10 18:00:00+00:00,19,0.29,0.296,0.296,0.296,-0.006000000000000005,-0.0011249999999999871,0.008154299999999965,True,0.5978440822633505,False,True,outside_p10_p90
3c43b72d-03a7-46e1-86c7-76dd97808544,2025-10-10 00:00:00+00:00,2025-10-10 19:00:00+00:00,20,0.29,0.296,0.296,0.296,-0.006000000000000005,-0.0011249999999999871,0.006857024999999985,True,0.7109497194483072,False,True,outside_p10_p90
3c43b72d-03a7-46e1-86c7-76dd97808544,2025-10-10 00:00:00+00:00,2025-10-10 20:00:00+00:00,21,0.29,0.296,0.296,0.296,-0.006000000000000005,-0.0024999999999999745,0.007598324999999903,True,0.4606278357401237,False,True,outside_p10_p90
3c43b72d-03a7-46e1-86c7-76dd97808544,2025-10-10 00:00:00+00:00,2025-10-10 21:00:00+00:00,22,0.29,0.296,0.296,0.296,-0.006000000000000005,-0.0024999999999999745,0.008895599999999967,True,0.39345294302801875,False,True,outside_p10_p90
3c43b72d-03a7-46e1-86c7-76dd97808544,2025-10-10 00:00:00+00:00,2025-10-10 22:00:00+00:00,23,0.29,0.296,0.296,0.296,-0.006000000000000005,-0.0025000000000000022,0.009636900000000007,True,0.363187332025859,False,True,outside_p10_p90
3c43b72d-03a7-46e1-86c7-76dd97808544,2025-10-10 00:00:00+00:00,2025-10-10 23:00:00+00:00,24,0.29,0.296,0.296,0.296,-0.006000000000000005,-0.0025000000000000022,0.009636900000000007,True,0.363187332025859,False,True,outside_p10_p90
3c43b72d-03a7-46e1-86c7-76dd97808544,2025-10-11 00:00:00+00:00,2025-10-11 00:00:00+00:00,1,0.28825,0.296,0.296,0.296,-0.007749999999999979,-0.0021250000000000158,0.009266250000000007,True,0.6070416835289313,False,True,outside_p10_p90
3c43b72d-03a7-46e1-86c7-76dd97808544,2025-10-11 00:00:00+00:00,2025-10-11 01:00:00+00:00,2,0.288,0.2955,0.2955,0.2955,-0.007500000000000007,-0.0025000000000000022,0.008895600000000049,True,0.5620756328971601,False,True,outside_p10_p90
3c43b72d-03a7-46e1-86c7-76dd97808544,2025-10-11 00:00:00+00:00,2025-10-11 02:00:00+00:00,3,0.2877499999999999,0.2937499999999999,0.2937499999999999,0.2937499999999999,-0.006000000000000005,-0.002999999999999975,0.008154299999999925,True,0.3679040506236045,False,True,outside_p10_p90
3c43b72d-03a7-46e1-86c7-76dd97808544,2025-10-11 00:00:00+00:00,2025-10-11 03:00:00+00:00,4,0.2865,0.292,0.292,0.292,-0.005500000000000005,-0.0030000000000000027,0.007968974999999986,True,0.31371663231469626,False,True,outside_p10_p90
3c43b72d-03a7-46e1-86c7-76dd97808544,2025-10-11 00:00:00+00:00,2025-10-11 04:00:00+00:00,5,0.2855,0.28975,0.28975,0.28975,-0.0042500000000000315,-0.0025000000000000022,0.006671700000000005,True,0.2623019620186801,False,True,outside_p10_p90
3c43b72d-03a7-46e1-86c7-76dd97808544,2025-10-11 00:00:00+00:00,2025-10-11 05:00:00+00:00,6,0.284,0.2875,0.2875,0.2875,-0.003500000000000003,-0.0025000000000000022,0.006115724999999984,True,0.16351291138826607,False,True,outside_p10_p90
3c43b72d-03a7-46e1-86c7-76dd97808544,2025-10-11 00:00:00+00:00,2025-10-11 06:00:00+00:00,7,0.2817499999999999,0.28625,0.28625,0.28625,-0.004500000000000115,-0.0028749999999999887,0.007042349999999965,True,0.23074683876832797,False,True,outside_p10_p90
3c43b72d-03a7-46e1-86c7-76dd97808544,2025-10-11 00:00:00+00:00,2025-10-11 07:00:00+00:00,8,0.28075,0.28425,0.28425,0.28425,-0.003500000000000003,-0.002375000000000016,0.006857024999999903,True,0.16406531987268574,False,True,outside_p10_p90
3c43b72d-03a7-46e1-86c7-76dd97808544,2025-10-11 00:00:00+00:00,2025-10-11 08:00:00+00:00,9,0.28,0.284,0.284,0.284,-0.003999999999999948,-0.002875000000000044,0.006857025000000068,True,0.16406531987266967,False,True,outside_p10_p90
3c43b72d-03a7-46e1-86c7-76dd97808544,2025-10-11 00:00:00+00:00,2025-10-11 09:00:00+00:00,10,0.28,0.284,0.284,0.284,-0.003999999999999948,-0.0018750000000000155,0.007413000000000006,True,0.2866585727775436,False,True,outside_p10_p90
3c43b72d-03a7-46e1-86c7-76dd97808544,2025-10-11 00:00:00+00:00,2025-10-11 10:00:00+00:00,11,0.28,0.284,0.284,0.284,-0.003999999999999948,-0.0018750000000000155,0.006857024999999944,True,0.3099011597595094,False,True,outside_p10_p90
3c43b72d-03a7-46e1-86c7-76dd97808544,2025-10-11 00:00:00+00:00,2025-10-11 11:00:00+00:00,12,0.27725,0.2842499999999999,0.2842499999999999,0.2842499999999999,-0.006999999999999895,-0.0018750000000000155,0.007227675000000026,True,0.7090800291933245,False,True,outside_p10_p90
3c43b72d-03a7-46e1-86c7-76dd97808544,2025-10-11 00:00:00+00:00,2025-10-11 12:00:00+00:00,13,0.2827499999999999,0.2855,0.2855,0.2855,-0.0027500000000000857,-0.0012500000000000011,0.007783650000000089,True,0.19271164556475015,False,True,outside_p10_p90
3c43b72d-03a7-46e1-86c7-76dd97808544,2025-10-11 00:00:00+00:00,2025-10-11 13:00:00+00:00,14,0.2845,0.28775,0.28775,0.28775,-0.0032500000000000306,-0.0018750000000000017,0.007227675000000026,True,0.1902409834421199,False,True,outside_p10_p90
3c43b72d-03a7-46e1-86c7-76dd97808544,2025-10-11 00:00:00+00:00,2025-10-11 14:00:00+00:00,15,0.2897499999999999,0.28875,0.28875,0.28875,0.0009999999999998899,-0.0019999999999999463,0.007413000000000047,True,0.40469445568593243,False,True,outside_p10_p90
3c43b72d-03a7-46e1-86c7-76dd97808544,2025-10-11 00:00:00+00:00,2025-10-11 15:00:00+00:00,16,0.291,0.29,0.29,0.29,0.0010000000000000009,-0.0013749999999999873,0.006857024999999903,True,0.3463601197312277,False,True,outside_p10_p90
3c43b72d-03a7-46e1-86c7-76dd97808544,2025-10-11 00:00:00+00:00,2025-10-11 16:00:00+00:00,17,0.291,0.29,0.29,0.29,0.0010000000000000009,-0.0010000000000000009,0.006671700000000005,True,0.2997736708784868,False,True,outside_p10_p90
3c43b72d-03a7-46e1-86c7-76dd97808544,2025-10-11 00:00:00+00:00,2025-10-11 17:00:00+00:00,18,0.29075,0.29,0.29,0.29,0.0007500000000000284,-0.0010000000000000009,0.008154300000000007,True,0.21461069619710188,False,True,outside_p10_p90
3c43b72d-03a7-46e1-86c7-76dd97808544,2025-10-11 00:00:00+00:00,2025-10-11 18:00:00+00:00,19,0.2882499999999999,0.29,0.29,0.29,-0.0017500000000000848,-0.0011249999999999871,0.008154299999999965,True,0.07664667721326177,False,True,outside_p10_p90
3c43b72d-03a7-46e1-86c7-76dd97808544,2025-10-11 00:00:00+00:00,2025-10-11 19:00:00+00:00,20,0.28675,0.29,0.29,0.29,-0.003249999999999975,-0.0011249999999999871,0.006857024999999985,True,0.3099011597595156,False,True,outside_p10_p90
3c43b72d-03a7-46e1-86c7-76dd97808544,2025-10-11 00:00:00+00:00,2025-10-11 20:00:00+00:00,21,0.286,0.29,0.29,0.29,-0.0040000000000000036,-0.0024999999999999745,0.007598324999999903,True,0.19741192960291223,False,True,outside_p10_p90
3c43b72d-03a7-46e1-86c7-76dd97808544,2025-10-11 00:00:00+00:00,2025-10-11 21:00:00+00:00,22,0.285,0.29,0.29,0.29,-0.0050000000000000044,-0.0024999999999999745,0.008895599999999967,True,0.2810378164485857,False,True,outside_p10_p90
3c43b72d-03a7-46e1-86c7-76dd97808544,2025-10-11 00:00:00+00:00,2025-10-11 22:00:00+00:00,23,0.284,0.29,0.29,0.29,-0.006000000000000005,-0.0025000000000000022,0.009636900000000007,True,0.363187332025859,False,True,outside_p10_p90
3c43b72d-03a7-46e1-86c7-76dd97808544,2025-10-11 00:00:00+00:00,2025-10-11 23:00:00+00:00,24,0.284,0.29,0.29,0.29,-0.006000000000000005,-0.0025000000000000022,0.009636900000000007,True,0.363187332025859,False,True,outside_p10_p90
3c43b72d-03a7-46e1-86c7-76dd97808544,2025-10-12 00:00:00+00:00,2025-10-12 00:00:00+00:00,1,0.2832499999999999,0.28825,0.28825,0.28825,-0.0050000000000001155,-0.0021250000000000158,0.009266250000000007,True,0.3102657493592443,False,True,outside_p10_p90
3c43b72d-03a7-46e1-86c7-76dd97808544,2025-10-12 00:00:00+00:00,2025-10-12 01:00:00+00:00,2,0.2825,0.288,0.288,0.288,-0.005500000000000005,-0.0025000000000000022,0.008895600000000049,True,0.33724537973829605,False,True,outside_p10_p90
3c43b72d-03a7-46e1-86c7-76dd97808544,2025-10-12 00:00:00+00:00,2025-10-12 02:00:00+00:00,3,0.281,0.2877499999999999,0.2877499999999999,0.2877499999999999,-0.006749999999999867,-0.002999999999999975,0.008154299999999925,True,0.4598800632794877,False,True,outside_p10_p90
3c43b72d-03a7-46e1-86c7-76dd97808544,2025-10-12 00:00:00+00:00,2025-10-12 03:00:00+00:00,4,0.27975,0.2865,0.2865,0.2865,-0.006749999999999978,-0.0030000000000000027,0.007968974999999986,True,0.4705749484720409,False,True,outside_p10_p90
3c43b72d-03a7-46e1-86c7-76dd97808544,2025-10-12 00:00:00+00:00,2025-10-12 04:00:00+00:00,5,0.2785,0.2855,0.2855,0.2855,-0.006999999999999951,-0.0025000000000000022,0.006671700000000005,True,0.6744907594765869,False,True,outside_p10_p90
3c43b72d-03a7-46e1-86c7-76dd97808544,2025-10-12 00:00:00+00:00,2025-10-12 05:00:00+00:00,6,0.27675,0.284,0.284,0.284,-0.007249999999999979,-0.0025000000000000022,0.006115724999999984,True,0.7766863290942593,False,True,outside_p10_p90
3c43b72d-03a7-46e1-86c7-76dd97808544,2025-10-12 00:00:00+00:00,2025-10-12 06:00:00+00:00,7,0.27475,0.2817499999999999,0.2817499999999999,0.2817499999999999,-0.006999999999999895,-0.0028749999999999887,0.007042349999999965,True,0.5857419753349276,False,True,outside_p10_p90
3c43b72d-03a7-46e1-86c7-76dd97808544,2025-10-12 00:00:00+00:00,2025-10-12 07:00:00+00:00,8,0.274,0.28075,0.28075,0.28075,-0.006749999999999978,-0.002375000000000016,0.006857024999999903,True,0.6380317995048909,False,True,outside_p10_p90
3c43b72d-03a7-46e1-86c7-76dd97808544,2025-10-12 00:00:00+00:00,2025-10-12 08:00:00+00:00,9,0.273,0.28,0.28,0.28,-0.007000000000000006,-0.002875000000000044,0.006857025000000068,True,0.601572839533168,False,True,outside_p10_p90
3c43b72d-03a7-46e1-86c7-76dd97808544,2025-10-12 00:00:00+00:00,2025-10-12 09:00:00+00:00,10,0.2725,0.28,0.28,0.28,-0.007500000000000007,-0.0018750000000000155,0.007413000000000006,True,0.7588021044111677,False,True,outside_p10_p90
3c43b72d-03a7-46e1-86c7-76dd97808544,2025-10-12 00:00:00+00:00,2025-10-12 10:00:00+00:00,11,0.272,0.28,0.28,0.28,-0.008000000000000007,-0.0018750000000000155,0.006857024999999944,True,0.8932445193068483,False,True,outside_p10_p90
3c43b72d-03a7-46e1-86c7-76dd97808544,2025-10-12 00:00:00+00:00,2025-10-12 11:00:00+00:00,12,0.27225,0.27725,0.27725,0.27725,-0.0050000000000000044,-0.0018750000000000155,0.007227675000000026,True,0.4323658714593528,False,True,outside_p10_p90
3c43b72d-03a7-46e1-86c7-76dd97808544,2025-10-12 00:00:00+00:00,2025-10-12 12:00:00+00:00,13,0.271,0.2827499999999999,0.2827499999999999,0.2827499999999999,-0.011749999999999872,-0.0012500000000000011,0.007783650000000089,True,1.3489815189531582,False,True,outside_p10_p90
3c43b72d-03a7-46e1-86c7-76dd97808544,2025-10-12 00:00:00+00:00,2025-10-12 13:00:00+00:00,14,0.271,0.2845,0.2845,0.2845,-0.013499999999999956,-0.0018750000000000017,0.007227675000000026,True,1.6084010418287917,False,True,outside_p10_p90
3c43b72d-03a7-46e1-86c7-76dd97808544,2025-10-12 00:00:00+00:00,2025-10-12 14:00:00+00:00,15,0.271,0.2897499999999999,0.2897499999999999,0.2897499999999999,-0.018749999999999878,-0.0019999999999999463,0.007413000000000047,True,2.2595440442465704,False,True,outside_p10_p90
3c43b72d-03a7-46e1-86c7-76dd97808544,2025-10-12 00:00:00+00:00,2025-10-12 15:00:00+00:00,16,0.2725,0.291,0.291,0.291,-0.01849999999999996,-0.0013749999999999873,0.006857024999999903,True,2.497438758062019,False,True,outside_p10_p90
3c43b72d-03a7-46e1-86c7-76dd97808544,2025-10-12 00:00:00+00:00,2025-10-12 16:00:00+00:00,17,0.274,0.291,0.291,0.291,-0.01699999999999996,-0.0010000000000000009,0.006671700000000005,True,2.3981893670278858,False,True,outside_p10_p90
3c43b72d-03a7-46e1-86c7-76dd97808544,2025-10-12 00:00:00+00:00,2025-10-12 17:00:00+00:00,18,0.274,0.29075,0.29075,0.29075,-0.016749999999999987,-0.0010000000000000009,0.008154300000000007,True,1.931496265773883,False,True,outside_p10_p90
3c43b72d-03a7-46e1-86c7-76dd97808544,2025-10-12 00:00:00+00:00,2025-10-12 18:00:00+00:00,19,0.27425,0.2882499999999999,0.2882499999999999,0.2882499999999999,-0.013999999999999901,-0.0011249999999999871,0.008154299999999965,True,1.578921550592935,False,True,outside_p10_p90
3c43b72d-03a7-46e1-86c7-76dd97808544,2025-10-12 00:00:00+00:00,2025-10-12 19:00:00+00:00,20,0.274,0.28675,0.28675,0.28675,-0.012749999999999984,-0.0011249999999999871,0.006857024999999985,True,1.695341638684418,False,True,outside_p10_p90
3c43b72d-03a7-46e1-86c7-76dd97808544,2025-10-12 00:00:00+00:00,2025-10-12 20:00:00+00:00,21,0.274,0.286,0.286,0.286,-0.011999999999999955,-0.0024999999999999745,0.007598324999999903,True,1.2502755541517507,False,True,outside_p10_p90
3c43b72d-03a7-46e1-86c7-76dd97808544,2025-10-12 00:00:00+00:00,2025-10-12 21:00:00+00:00,22,0.274,0.285,0.285,0.285,-0.010999999999999954,-0.0024999999999999745,0.008895599999999967,True,0.9555285759251777,False,True,outside_p10_p90
3c43b72d-03a7-46e1-86c7-76dd97808544,2025-10-12 00:00:00+00:00,2025-10-12 22:00:00+00:00,23,0.274,0.284,0.284,0.284,-0.009999999999999953,-0.0025000000000000022,0.009636900000000007,True,0.778258568626835,False,True,outside_p10_p90
3c43b72d-03a7-46e1-86c7-76dd97808544,2025-10-12 00:00:00+00:00,2025-10-12 23:00:00+00:00,24,0.274,0.284,0.284,0.284,-0.009999999999999953,-0.0025000000000000022,0.009636900000000007,True,0.778258568626835,False,True,outside_p10_p90
3c43b72d-03a7-46e1-86c7-76dd97808544,2025-10-13 00:00:00+00:00,2025-10-13 00:00:00+00:00,1,0.274,0.2832499999999999,0.2832499999999999,0.2832499999999999,-0.00924999999999987,-0.0021250000000000158,0.009266250000000007,True,0.7689194658033021,False,True,outside_p10_p90
3c43b72d-03a7-46e1-86c7-76dd97808544,2025-10-13 00:00:00+00:00,2025-10-13 01:00:00+00:00,2,0.274,0.2825,0.2825,0.2825,-0.008499999999999952,-0.0025000000000000022,0.008895600000000049,True,0.6744907594765859,False,True,outside_p10_p90
3c43b72d-03a7-46e1-86c7-76dd97808544,2025-10-13 00:00:00+00:00,2025-10-13 02:00:00+00:00,3,0.27325,0.281,0.281,0.281,-0.007750000000000035,-0.002999999999999975,0.008154299999999925,True,0.5825147468207085,False,True,outside_p10_p90
3c43b72d-03a7-46e1-86c7-76dd97808544,2025-10-13 00:00:00+00:00,2025-10-13 03:00:00+00:00,4,0.27175,0.27975,0.27975,0.27975,-0.008000000000000007,-0.0030000000000000027,0.007968974999999986,True,0.6274332646293925,False,True,outside_p10_p90
3c43b72d-03a7-46e1-86c7-76dd97808544,2025-10-13 00:00:00+00:00,2025-10-13 04:00:00+00:00,5,0.26975,0.2785,0.2785,0.2785,-0.008750000000000036,-0.0025000000000000022,0.006671700000000005,True,0.9367927214952754,False,True,outside_p10_p90
3c43b72d-03a7-46e1-86c7-76dd97808544,2025-10-13 00:00:00+00:00,2025-10-13 05:00:00+00:00,6,0.2675,0.27675,0.27675,0.27675,-0.00924999999999998,-0.0025000000000000022,0.006115724999999984,True,1.1037121518707913,False,True,outside_p10_p90
3c43b72d-03a7-46e1-86c7-76dd97808544,2025-10-13 00:00:00+00:00,2025-10-13 06:00:00+00:00,7,0.26575,0.27475,0.27475,0.27475,-0.009000000000000008,-0.0028749999999999887,0.007042349999999965,True,0.8697380845882483,False,True,outside_p10_p90
3c43b72d-03a7-46e1-86c7-76dd97808544,2025-10-13 00:00:00+00:00,2025-10-13 07:00:00+00:00,8,0.2635,0.274,0.274,0.274,-0.01050000000000001,-0.002375000000000016,0.006857024999999903,True,1.1849161990805208,False,True,outside_p10_p90
3c43b72d-03a7-46e1-86c7-76dd97808544,2025-10-13 00:00:00+00:00,2025-10-13 08:00:00+00:00,9,0.26275,0.273,0.273,0.273,-0.010250000000000037,-0.002875000000000044,0.006857025000000068,True,1.0755393191653697,False,True,outside_p10_p90
3c43b72d-03a7-46e1-86c7-76dd97808544,2025-10-13 00:00:00+00:00,2025-10-13 09:00:00+00:00,10,0.262,0.2725,0.2725,0.2725,-0.01050000000000001,-0.0018750000000000155,0.007413000000000006,True,1.1634965600971248,False,True,outside_p10_p90
3c43b72d-03a7-46e1-86c7-76dd97808544,2025-10-13 00:00:00+00:00,2025-10-13 10:00:00+00:00,11,0.26225,0.272,0.272,0.272,-0.009750000000000036,-0.0018750000000000155,0.006857024999999944,True,1.1484572391088097,False,True,outside_p10_p90
3c43b72d-03a7-46e1-86c7-76dd97808544,2025-10-13 00:00:00+00:00,2025-10-13 11:00:00+00:00,12,0.264,0.27225,0.27225,0.27225,-0.00824999999999998,-0.0018750000000000155,0.007227675000000026,True,0.8820263777770778,False,True,outside_p10_p90
3c43b72d-03a7-46e1-86c7-76dd97808544,2025-10-13 00:00:00+00:00,2025-10-13 12:00:00+00:00,13,0.266,0.271,0.271,0.271,-0.0050000000000000044,-0.0012500000000000011,0.007783650000000089,True,0.48177911391184863,False,True,outside_p10_p90
3c43b72d-03a7-46e1-86c7-76dd97808544,2025-10-13 00:00:00+00:00,2025-10-13 13:00:00+00:00,14,0.26875,0.271,0.271,0.271,-0.0022500000000000298,-0.0018750000000000017,0.007227675000000026,True,0.051883904575126406,False,True,outside_p10_p90
3c43b72d-03a7-46e1-86c7-76dd97808544,2025-10-13 00:00:00+00:00,2025-10-13 14:00:00+00:00,15,0.27075,0.271,0.271,0.271,-0.000250000000000028,-0.0019999999999999463,0.007413000000000047,True,0.2360717658167958,False,True,outside_p10_p90
3c43b72d-03a7-46e1-86c7-76dd97808544,2025-10-13 00:00:00+00:00,2025-10-13 15:00:00+00:00,16,0.2715,0.2725,0.2725,0.2725,-0.0010000000000000009,-0.0013749999999999873,0.006857024999999903,True,0.05468843995756057,False,True,outside_p10_p90
3c43b72d-03a7-46e1-86c7-76dd97808544,2025-10-13 00:00:00+00:00,2025-10-13 16:00:00+00:00,17,0.272,0.274,0.274,0.274,-0.0020000000000000018,-0.0010000000000000009,0.006671700000000005,True,0.1498868354392434,False,True,outside_p10_p90
3c43b72d-03a7-46e1-86c7-76dd97808544,2025-10-13 00:00:00+00:00,2025-10-13 17:00:00+00:00,18,0.272,0.274,0.274,0.274,-0.0020000000000000018,-0.0010000000000000009,0.008154300000000007,True,0.12263468354119914,False,True,outside_p10_p90
3c43b72d-03a7-46e1-86c7-76dd97808544,2025-10-13 00:00:00+00:00,2025-10-13 18:00:00+00:00,19,0.272,0.27425,0.27425,0.27425,-0.0022499999999999742,-0.0011249999999999871,0.008154299999999965,True,0.13796401898384802,False,True,outside_p10_p90
3c43b72d-03a7-46e1-86c7-76dd97808544,2025-10-13 00:00:00+00:00,2025-10-13 19:00:00+00:00,20,0.272,0.274,0.274,0.274,-0.0020000000000000018,-0.0011249999999999871,0.006857024999999985,True,0.12760635990097988,False,True,outside_p10_p90
3c43b72d-03a7-46e1-86c7-76dd97808544,2025-10-13 00:00:00+00:00,2025-10-13 20:00:00+00:00,21,0.272,0.274,0.274,0.274,-0.0020000000000000018,-0.0024999999999999745,0.007598324999999903,True,0.06580397653429922,False,True,outside_p10_p90
3c43b72d-03a7-46e1-86c7-76dd97808544,2025-10-13 00:00:00+00:00,2025-10-13 21:00:00+00:00,22,0.272,0.274,0.274,0.274,-0.0020000000000000018,-0.0024999999999999745,0.008895599999999967,True,0.0562075632897134,False,True,outside_p10_p90
3c43b72d-03a7-46e1-86c7-76dd97808544,2025-10-13 00:00:00+00:00,2025-10-13 22:00:00+00:00,23,0.2725,0.274,0.274,0.274,-0.0015000000000000013,-0.0025000000000000022,0.009636900000000007,True,0.10376780915024543,False,True,outside_p10_p90
3c43b72d-03a7-46e1-86c7-76dd97808544,2025-10-13 00:00:00+00:00,2025-10-13 23:00:00+00:00,24,0.273,0.274,0.274,0.274,-0.0010000000000000009,-0.0025000000000000022,0.009636900000000007,True,0.15565171372536812,False,True,outside_p10_p90
3c43b72d-03a7-46e1-86c7-76dd97808544,2025-10-14 00:00:00+00:00,2025-10-14 00:00:00+00:00,1,0.273,0.274,0.274,0.274,-0.0010000000000000009,-0.0021250000000000158,0.009266250000000007,True,0.12140833670578864,False,True,outside_p10_p90
3c43b72d-03a7-46e1-86c7-76dd97808544,2025-10-14 00:00:00+00:00,2025-10-14 01:00:00+00:00,2,0.273,0.274,0.274,0.274,-0.0010000000000000009,-0.0025000000000000022,0.008895600000000049,True,0.16862268986914802,False,True,outside_p10_p90
3c43b72d-03a7-46e1-86c7-76dd97808544,2025-10-14 00:00:00+00:00,2025-10-14 02:00:00+00:00,3,0.273,0.27325,0.27325,0.27325,-0.00024999999999997247,-0.002999999999999975,0.008154299999999925,True,0.337245379738301,False,True,outside_p10_p90
3c43b72d-03a7-46e1-86c7-76dd97808544,2025-10-14 00:00:00+00:00,2025-10-14 03:00:00+00:00,4,0.27275,0.27175,0.27175,0.27175,0.0010000000000000009,-0.0030000000000000027,0.007968974999999986,True,0.5019466117035141,False,True,outside_p10_p90
3c43b72d-03a7-46e1-86c7-76dd97808544,2025-10-14 00:00:00+00:00,2025-10-14 04:00:00+00:00,5,0.2715,0.26975,0.26975,0.26975,0.0017500000000000293,-0.0025000000000000022,0.006671700000000005,True,0.6370190506167885,False,True,outside_p10_p90
3c43b72d-03a7-46e1-86c7-76dd97808544,2025-10-14 00:00:00+00:00,2025-10-14 05:00:00+00:00,6,0.2695,0.2675,0.2675,0.2675,0.0020000000000000018,-0.0025000000000000022,0.006115724999999984,True,0.7358081012471973,False,True,outside_p10_p90
3c43b72d-03a7-46e1-86c7-76dd97808544,2025-10-14 00:00:00+00:00,2025-10-14 06:00:00+00:00,7,0.26775,0.26575,0.26575,0.26575,0.0020000000000000018,-0.0028749999999999887,0.007042349999999965,True,0.6922405163049288,False,True,outside_p10_p90
3c43b72d-03a7-46e1-86c7-76dd97808544,2025-10-14 00:00:00+00:00,2025-10-14 07:00:00+00:00,8,0.2665,0.2635,0.2635,0.2635,0.0030000000000000027,-0.002375000000000016,0.006857024999999903,True,0.7838676393917325,False,True,outside_p10_p90
3c43b72d-03a7-46e1-86c7-76dd97808544,2025-10-14 00:00:00+00:00,2025-10-14 08:00:00+00:00,9,0.26625,0.26275,0.26275,0.26275,0.003500000000000003,-0.002875000000000044,0.006857025000000068,True,0.9297034792785478,False,True,outside_p10_p90
3c43b72d-03a7-46e1-86c7-76dd97808544,2025-10-14 00:00:00+00:00,2025-10-14 09:00:00+00:00,10,0.27025,0.262,0.262,0.262,0.00824999999999998,-0.0018750000000000155,0.007413000000000006,True,1.3658437879401033,False,True,outside_p10_p90
3c43b72d-03a7-46e1-86c7-76dd97808544,2025-10-14 00:00:00+00:00,2025-10-14 10:00:00+00:00,11,0.2735,0.26225,0.26225,0.26225,0.011250000000000038,-0.0018750000000000155,0.006857024999999944,True,1.9140953985146854,False,True,outside_p10_p90
3c43b72d-03a7-46e1-86c7-76dd97808544,2025-10-14 00:00:00+00:00,2025-10-14 11:00:00+00:00,12,0.2755,0.264,0.264,0.264,0.01150000000000001,-0.0018750000000000155,0.007227675000000026,True,1.85052592984604,False,True,outside_p10_p90
3c43b72d-03a7-46e1-86c7-76dd97808544,2025-10-14 00:00:00+00:00,2025-10-14 12:00:00+00:00,13,0.2795,0.266,0.266,0.266,0.013500000000000012,-0.0012500000000000011,0.007783650000000089,True,1.8949978480532712,False,True,outside_p10_p90
3c43b72d-03a7-46e1-86c7-76dd97808544,2025-10-14 00:00:00+00:00,2025-10-14 13:00:00+00:00,14,0.2825,0.26875,0.26875,0.26875,0.013749999999999984,-0.0018750000000000017,0.007227675000000026,True,2.1618293572967695,False,True,outside_p10_p90
3c43b72d-03a7-46e1-86c7-76dd97808544,2025-10-14 00:00:00+00:00,2025-10-14 14:00:00+00:00,15,0.284,0.27075,0.27075,0.27075,0.013249999999999984,-0.0019999999999999463,0.007413000000000047,True,2.057196816403593,False,True,outside_p10_p90
3c43b72d-03a7-46e1-86c7-76dd97808544,2025-10-14 00:00:00+00:00,2025-10-14 15:00:00+00:00,16,0.2847499999999999,0.2715,0.2715,0.2715,0.013249999999999873,-0.0013749999999999873,0.006857024999999903,True,2.1328491583449187,False,True,outside_p10_p90
3c43b72d-03a7-46e1-86c7-76dd97808544,2025-10-14 00:00:00+00:00,2025-10-14 16:00:00+00:00,17,0.285,0.272,0.272,0.272,0.012999999999999956,-0.0010000000000000009,0.006671700000000005,True,2.098415696149399,False,True,outside_p10_p90
3c43b72d-03a7-46e1-86c7-76dd97808544,2025-10-14 00:00:00+00:00,2025-10-14 17:00:00+00:00,18,0.285,0.272,0.272,0.272,0.012999999999999956,-0.0010000000000000009,0.008154300000000007,True,1.716885569576781,False,True,outside_p10_p90
3c43b72d-03a7-46e1-86c7-76dd97808544,2025-10-14 00:00:00+00:00,2025-10-14 18:00:00+00:00,19,0.285,0.272,0.272,0.272,0.012999999999999956,-0.0011249999999999871,0.008154299999999965,True,1.732214905019438,False,True,outside_p10_p90
3c43b72d-03a7-46e1-86c7-76dd97808544,2025-10-14 00:00:00+00:00,2025-10-14 19:00:00+00:00,20,0.2855,0.272,0.272,0.272,0.013499999999999956,-0.0011249999999999871,0.006857024999999985,True,2.1328491583449054,False,True,outside_p10_p90
3c43b72d-03a7-46e1-86c7-76dd97808544,2025-10-14 00:00:00+00:00,2025-10-14 20:00:00+00:00,21,0.28675,0.272,0.272,0.272,0.014749999999999985,-0.0024999999999999745,0.007598324999999903,True,2.2702371904334413,False,True,outside_p10_p90
3c43b72d-03a7-46e1-86c7-76dd97808544,2025-10-14 00:00:00+00:00,2025-10-14 21:00:00+00:00,22,0.2885,0.272,0.272,0.272,0.01649999999999996,-0.0024999999999999745,0.008895599999999967,True,2.1358874050092185,False,True,outside_p10_p90
3c43b72d-03a7-46e1-86c7-76dd97808544,2025-10-14 00:00:00+00:00,2025-10-14 22:00:00+00:00,23,0.29,0.2725,0.2725,0.2725,0.01749999999999996,-0.0025000000000000022,0.009636900000000007,True,2.0753561830049025,False,True,outside_p10_p90
3c43b72d-03a7-46e1-86c7-76dd97808544,2025-10-14 00:00:00+00:00,2025-10-14 23:00:00+00:00,24,0.29,0.273,0.273,0.273,0.01699999999999996,-0.0025000000000000022,0.009636900000000007,True,2.02347227842978,False,True,outside_p10_p90
3c43b72d-03a7-46e1-86c7-76dd97808544,2025-10-15 00:00:00+00:00,2025-10-15 00:00:00+00:00,1,0.2895,0.273,0.273,0.273,0.01649999999999996,-0.0021250000000000158,0.009266250000000007,True,2.009982463240249,False,True,outside_p10_p90
3c43b72d-03a7-46e1-86c7-76dd97808544,2025-10-15 00:00:00+00:00,2025-10-15 01:00:00+00:00,2,0.2875,0.273,0.273,0.273,0.014499999999999957,-0.0025000000000000022,0.008895600000000049,True,1.911057151850338,False,True,outside_p10_p90
3c43b72d-03a7-46e1-86c7-76dd97808544,2025-10-15 00:00:00+00:00,2025-10-15 02:00:00+00:00,3,0.2855,0.273,0.273,0.273,0.012499999999999956,-0.002999999999999975,0.008154299999999925,True,1.9008375948885954,False,True,outside_p10_p90
3c43b72d-03a7-46e1-86c7-76dd97808544,2025-10-15 00:00:00+00:00,2025-10-15 03:00:00+00:00,4,0.2835,0.27275,0.27275,0.27275,0.010749999999999982,-0.0030000000000000027,0.007968974999999986,True,1.725441477730826,False,True,outside_p10_p90
3c43b72d-03a7-46e1-86c7-76dd97808544,2025-10-15 00:00:00+00:00,2025-10-15 04:00:00+00:00,5,0.28075,0.2715,0.2715,0.2715,0.00924999999999998,-0.0025000000000000022,0.006671700000000005,True,1.7611703164111057,False,True,outside_p10_p90
3c43b72d-03a7-46e1-86c7-76dd97808544,2025-10-15 00:00:00+00:00,2025-10-15 05:00:00+00:00,6,0.279,0.2695,0.2695,0.2695,0.009500000000000008,-0.0025000000000000022,0.006115724999999984,True,1.9621549366591928,False,True,outside_p10_p90
3c43b72d-03a7-46e1-86c7-76dd97808544,2025-10-15 00:00:00+00:00,2025-10-15 06:00:00+00:00,7,0.27725,0.26775,0.26775,0.26775,0.009500000000000008,-0.0028749999999999887,0.007042349999999965,True,1.7572259260048222,False,True,outside_p10_p90
3c43b72d-03a7-46e1-86c7-76dd97808544,2025-10-15 00:00:00+00:00,2025-10-15 07:00:00+00:00,8,0.27625,0.2665,0.2665,0.2665,0.009749999999999981,-0.002375000000000016,0.006857024999999903,True,1.768259558627855,False,True,outside_p10_p90
3c43b72d-03a7-46e1-86c7-76dd97808544,2025-10-15 00:00:00+00:00,2025-10-15 08:00:00+00:00,9,0.27575,0.26625,0.26625,0.26625,0.009500000000000008,-0.002875000000000044,0.006857025000000068,True,1.8047185185995283,False,True,outside_p10_p90
3c43b72d-03a7-46e1-86c7-76dd97808544,2025-10-15 00:00:00+00:00,2025-10-15 09:00:00+00:00,10,0.27375,0.27025,0.27025,0.27025,0.003500000000000003,-0.0018750000000000155,0.007413000000000006,True,0.7250775664373417,False,True,outside_p10_p90
3c43b72d-03a7-46e1-86c7-76dd97808544,2025-10-15 00:00:00+00:00,2025-10-15 10:00:00+00:00,11,0.27225,0.2735,0.2735,0.2735,-0.0012500000000000289,-0.0018750000000000155,0.006857024999999944,True,0.09114739992926842,False,True,outside_p10_p90
3c43b72d-03a7-46e1-86c7-76dd97808544,2025-10-15 00:00:00+00:00,2025-10-15 11:00:00+00:00,12,0.2755,0.2755,0.2755,0.2755,0.0,-0.0018750000000000155,0.007227675000000026,False,0.25941952287561476,False,False,
3c43b72d-03a7-46e1-86c7-76dd97808544,2025-10-15 00:00:00+00:00,2025-10-15 12:00:00+00:00,13,0.27825,0.2795,0.2795,0.2795,-0.0012500000000000289,-0.0012500000000000011,0.007783650000000089,True,3.5658817669895995e-15,False,True,outside_p10_p90
3c43b72d-03a7-46e1-86c7-76dd97808544,2025-10-15 00:00:00+00:00,2025-10-15 13:00:00+00:00,14,0.27975,0.2825,0.2825,0.2825,-0.0027499999999999747,-0.0018750000000000017,0.007227675000000026,True,0.12106244400861547,False,True,outside_p10_p90
3c43b72d-03a7-46e1-86c7-76dd97808544,2025-10-15 00:00:00+00:00,2025-10-15 14:00:00+00:00,15,0.2815,0.284,0.284,0.284,-0.0025000000000000022,-0.0019999999999999463,0.007413000000000047,True,0.06744907594766664,False,True,outside_p10_p90
3c43b72d-03a7-46e1-86c7-76dd97808544,2025-10-15 00:00:00+00:00,2025-10-15 15:00:00+00:00,16,0.282,0.2847499999999999,0.2847499999999999,0.2847499999999999,-0.002749999999999919,-0.0013749999999999873,0.006857024999999903,True,0.20052427984438606,False,True,outside_p10_p90
3c43b72d-03a7-46e1-86c7-76dd97808544,2025-10-15 00:00:00+00:00,2025-10-15 16:00:00+00:00,17,0.282,0.285,0.285,0.285,-0.0030000000000000027,-0.0010000000000000009,0.006671700000000005,True,0.2997736708784868,False,True,outside_p10_p90
3c43b72d-03a7-46e1-86c7-76dd97808544,2025-10-15 00:00:00+00:00,2025-10-15 17:00:00+00:00,18,0.283,0.285,0.285,0.285,-0.0020000000000000018,-0.0010000000000000009,0.008154300000000007,True,0.12263468354119914,False,True,outside_p10_p90
3c43b72d-03a7-46e1-86c7-76dd97808544,2025-10-15 00:00:00+00:00,2025-10-15 18:00:00+00:00,19,0.283,0.285,0.285,0.285,-0.0020000000000000018,-0.0011249999999999871,0.008154299999999965,True,0.1073053480985515,False,True,outside_p10_p90
3c43b72d-03a7-46e1-86c7-76dd97808544,2025-10-15 00:00:00+00:00,2025-10-15 19:00:00+00:00,20,0.283,0.2855,0.2855,0.2855,-0.0025000000000000022,-0.0011249999999999871,0.006857024999999985,True,0.2005242798443958,False,True,outside_p10_p90
3c43b72d-03a7-46e1-86c7-76dd97808544,2025-10-15 00:00:00+00:00,2025-10-15 20:00:00+00:00,21,0.28325,0.28675,0.28675,0.28675,-0.003500000000000003,-0.0024999999999999745,0.007598324999999903,True,0.13160795306860937,False,True,outside_p10_p90
3c43b72d-03a7-46e1-86c7-76dd97808544,2025-10-15 00:00:00+00:00,2025-10-15 21:00:00+00:00,22,0.2852499999999999,0.2885,0.2885,0.2885,-0.003250000000000086,-0.0024999999999999745,0.008895599999999967,True,0.08431134493458727,False,True,outside_p10_p90
3c43b72d-03a7-46e1-86c7-76dd97808544,2025-10-15 00:00:00+00:00,2025-10-15 22:00:00+00:00,23,0.28775,0.29,0.29,0.29,-0.0022499999999999742,-0.0025000000000000022,0.009636900000000007,True,0.025941952287564237,False,True,outside_p10_p90
3c43b72d-03a7-46e1-86c7-76dd97808544,2025-10-15 00:00:00+00:00,2025-10-15 23:00:00+00:00,24,0.288,0.29,0.29,0.29,-0.0020000000000000018,-0.0025000000000000022,0.009636900000000007,True,0.051883904575122715,False,True,outside_p10_p90
3c43b72d-03a7-46e1-86c7-76dd97808544,2025-10-16 00:00:00+00:00,2025-10-16 00:00:00+00:00,1,0.2877499999999999,0.2895,0.2895,0.2895,-0.0017500000000000848,-0.0021250000000000158,0.009266250000000007,True,0.040469445568588225,False,True,outside_p10_p90
3c43b72d-03a7-46e1-86c7-76dd97808544,2025-10-16 00:00:00+00:00,2025-10-16 01:00:00+00:00,2,0.286,0.2875,0.2875,0.2875,-0.0015000000000000013,-0.0025000000000000022,0.008895600000000049,True,0.11241512657943202,False,True,outside_p10_p90
3c43b72d-03a7-46e1-86c7-76dd97808544,2025-10-16 00:00:00+00:00,2025-10-16 02:00:00+00:00,3,0.284,0.2855,0.2855,0.2855,-0.0015000000000000013,-0.002999999999999975,0.008154299999999925,True,0.18395202531179713,False,True,outside_p10_p90
3c43b72d-03a7-46e1-86c7-76dd97808544,2025-10-16 00:00:00+00:00,2025-10-16 03:00:00+00:00,4,0.2815,0.2835,0.2835,0.2835,-0.0020000000000000018,-0.0030000000000000027,0.007968974999999986,True,0.12548665292587852,False,True,outside_p10_p90
3c43b72d-03a7-46e1-86c7-76dd97808544,2025-10-16 00:00:00+00:00,2025-10-16 04:00:00+00:00,5,0.279,0.28075,0.28075,0.28075,-0.0017499999999999738,-0.0025000000000000022,0.006671700000000005,True,0.1124151265794367,False,True,outside_p10_p90
3c43b72d-03a7-46e1-86c7-76dd97808544,2025-10-16 00:00:00+00:00,2025-10-16 05:00:00+00:00,6,0.2775,0.279,0.279,0.279,-0.0015000000000000013,-0.0025000000000000022,0.006115724999999984,True,0.16351291138826607,False,True,outside_p10_p90
3c43b72d-03a7-46e1-86c7-76dd97808544,2025-10-16 00:00:00+00:00,2025-10-16 06:00:00+00:00,7,0.276,0.27725,0.27725,0.27725,-0.0012499999999999734,-0.0028749999999999887,0.007042349999999965,True,0.2307468387683122,False,True,outside_p10_p90
3c43b72d-03a7-46e1-86c7-76dd97808544,2025-10-16 00:00:00+00:00,2025-10-16 07:00:00+00:00,8,0.2745,0.27625,0.27625,0.27625,-0.0017499999999999738,-0.002375000000000016,0.006857024999999903,True,0.09114739992927706,False,True,outside_p10_p90
3c43b72d-03a7-46e1-86c7-76dd97808544,2025-10-16 00:00:00+00:00,2025-10-16 08:00:00+00:00,9,0.274,0.27575,0.27575,0.27575,-0.0017499999999999738,-0.002875000000000044,0.006857025000000068,True,0.16406531987269396,False,True,outside_p10_p90
3c43b72d-03a7-46e1-86c7-76dd97808544,2025-10-16 00:00:00+00:00,2025-10-16 09:00:00+00:00,10,0.274,0.27375,0.27375,0.27375,0.000250000000000028,-0.0018750000000000155,0.007413000000000006,True,0.2866585727775586,False,True,outside_p10_p90
3c43b72d-03a7-46e1-86c7-76dd97808544,2025-10-16 00:00:00+00:00,2025-10-16 10:00:00+00:00,11,0.274,0.27225,0.27225,0.27225,0.0017500000000000293,-0.0018750000000000155,0.006857024999999944,True,0.5286549195897746,False,True,outside_p10_p90
3c43b72d-03a7-46e1-86c7-76dd97808544,2025-10-16 00:00:00+00:00,2025-10-16 11:00:00+00:00,12,0.275,0.2755,0.2755,0.2755,-0.0005000000000000004,-0.0018750000000000155,0.007227675000000026,True,0.19024098344211798,False,True,outside_p10_p90
3c43b72d-03a7-46e1-86c7-76dd97808544,2025-10-16 00:00:00+00:00,2025-10-16 12:00:00+00:00,13,0.27675,0.27825,0.27825,0.27825,-0.0015000000000000013,-0.0012500000000000011,0.007783650000000089,True,0.032118607594123244,False,True,outside_p10_p90
3c43b72d-03a7-46e1-86c7-76dd97808544,2025-10-16 00:00:00+00:00,2025-10-16 13:00:00+00:00,14,0.278,0.27975,0.27975,0.27975,-0.0017499999999999738,-0.0018750000000000017,0.007227675000000026,True,0.017294634858378028,False,True,outside_p10_p90
3c43b72d-03a7-46e1-86c7-76dd97808544,2025-10-16 00:00:00+00:00,2025-10-16 14:00:00+00:00,15,0.279,0.2815,0.2815,0.2815,-0.0024999999999999467,-0.0019999999999999463,0.007413000000000047,True,0.06744907594765914,False,True,outside_p10_p90
3c43b72d-03a7-46e1-86c7-76dd97808544,2025-10-16 00:00:00+00:00,2025-10-16 15:00:00+00:00,16,0.28025,0.282,0.282,0.282,-0.0017499999999999738,-0.0013749999999999873,0.006857024999999903,True,0.05468843995756057,False,True,outside_p10_p90
3c43b72d-03a7-46e1-86c7-76dd97808544,2025-10-16 00:00:00+00:00,2025-10-16 16:00:00+00:00,17,0.28075,0.282,0.282,0.282,-0.0012499999999999734,-0.0010000000000000009,0.006671700000000005,True,0.037471708859806684,False,True,outside_p10_p90
3c43b72d-03a7-46e1-86c7-76dd97808544,2025-10-16 00:00:00+00:00,2025-10-16 17:00:00+00:00,18,0.28025,0.283,0.283,0.283,-0.0027499999999999747,-0.0010000000000000009,0.008154300000000007,True,0.21461069619709508,False,True,outside_p10_p90
3c43b72d-03a7-46e1-86c7-76dd97808544,2025-10-16 00:00:00+00:00,2025-10-16 18:00:00+00:00,19,0.28075,0.283,0.283,0.283,-0.0022499999999999742,-0.0011249999999999871,0.008154299999999965,True,0.13796401898384802,False,True,outside_p10_p90
3c43b72d-03a7-46e1-86c7-76dd97808544,2025-10-16 00:00:00+00:00,2025-10-16 19:00:00+00:00,20,0.28025,0.283,0.283,0.283,-0.0027499999999999747,-0.0011249999999999871,0.006857024999999985,True,0.2369832398160997,False,True,outside_p10_p90
3c43b72d-03a7-46e1-86c7-76dd97808544,2025-10-16 00:00:00+00:00,2025-10-16 20:00:00+00:00,21,0.2805,0.28325,0.28325,0.28325,-0.0027499999999999747,-0.0024999999999999745,0.007598324999999903,True,0.03290198826715143,False,True,outside_p10_p90
3c43b72d-03a7-46e1-86c7-76dd97808544,2025-10-16 00:00:00+00:00,2025-10-16 21:00:00+00:00,22,0.28075,0.2852499999999999,0.2852499999999999,0.2852499999999999,-0.004499999999999893,-0.0024999999999999745,0.008895599999999967,True,0.22483025315885674,False,True,outside_p10_p90
3c43b72d-03a7-46e1-86c7-76dd97808544,2025-10-16 00:00:00+00:00,2025-10-16 22:00:00+00:00,23,0.2805,0.28775,0.28775,0.28775,-0.007249999999999979,-0.0025000000000000022,0.009636900000000007,True,0.4928970934636629,False,True,outside_p10_p90
3c43b72d-03a7-46e1-86c7-76dd97808544,2025-10-16 00:00:00+00:00,2025-10-16 23:00:00+00:00,24,0.28075,0.288,0.288,0.288,-0.007249999999999979,-0.0025000000000000022,0.009636900000000007,True,0.4928970934636629,False,True,outside_p10_p90
3c4d4f78-2d0e-474a-b884-65a9daca18fb,2025-10-01 00:00:00+00:00,2025-10-01 00:00:00+00:00,1,0.29925,0.2972499999999999,0.2972499999999999,0.2972499999999999,0.002000000000000113,-0.0028750000000000026,0.009080924999999986,True,0.536839584073222,False,True,outside_p10_p90
3c4d4f78-2d0e-474a-b884-65a9daca18fb,2025-10-01 00:00:00+00:00,2025-10-01 01:00:00+00:00,2,0.3005,0.2962499999999999,0.2962499999999999,0.2962499999999999,0.004250000000000087,-0.0025000000000000022,0.008710274999999986,True,0.7749468300369506,False,True,outside_p10_p90
3c4d4f78-2d0e-474a-b884-65a9daca18fb,2025-10-01 00:00:00+00:00,2025-10-01 02:00:00+00:00,3,0.3,0.294,0.294,0.294,0.006000000000000005,-0.0026249999999999885,0.009080924999999986,True,0.9497931102833694,False,True,outside_p10_p90
3c4d4f78-2d0e-474a-b884-65a9daca18fb,2025-10-01 00:00:00+00:00,2025-10-01 03:00:00+00:00,4,0.2992499999999999,0.293,0.293,0.293,0.006249999999999922,-0.002500000000000044,0.008154300000000048,True,1.0730534809854817,False,True,outside_p10_p90
3c4d4f78-2d0e-474a-b884-65a9daca18fb,2025-10-01 00:00:00+00:00,2025-10-01 04:00:00+00:00,5,0.2985,0.2915,0.2915,0.2915,0.007000000000000006,-0.002749999999999947,0.006857024999999985,True,1.4218994388966022,False,True,outside_p10_p90
3c4d4f78-2d0e-474a-b884-65a9daca18fb,2025-10-01 00:00:00+00:00,2025-10-01 05:00:00+00:00,6,0.298,0.291,0.291,0.291,0.007000000000000006,-0.0027500000000000024,0.007042350000000006,True,1.3844810326098533,False,True,outside_p10_p90
3c4d4f78-2d0e-474a-b884-65a9daca18fb,2025-10-01 00:00:00+00:00,2025-10-01 06:00:00+00:00,7,0.2975,0.2907499999999999,0.2907499999999999,0.2907499999999999,0.006750000000000089,-0.0025000000000000022,0.007227675000000006,True,1.279802979519705,False,True,outside_p10_p90
3c4d4f78-2d0e-474a-b884-65a9daca18fb,2025-10-01 00:00:00+00:00,2025-10-01 07:00:00+00:00,8,0.2972499999999999,0.29,0.29,0.29,0.007249999999999923,-0.002875000000000044,0.007227675000000068,True,1.4008654235282954,False,True,outside_p10_p90
3c4d4f78-2d0e-474a-b884-65a9daca18fb,2025-10-01 00:00:00+00:00,2025-10-01 08:00:00+00:00,9,0.297,0.2892499999999999,0.2892499999999999,0.2892499999999999,0.00775000000000009,-0.0030000000000000027,0.006115725000000005,True,1.7577637974238678,False,True,outside_p10_p90
3c4d4f78-2d0e-474a-b884-65a9daca18fb,2025-10-01 00:00:00+00:00,2025-10-01 09:00:00+00:00,10,0.297,0.288,0.288,0.288,0.009000000000000008,-0.0030000000000000027,0.007413000000000006,True,1.6187778227438285,False,True,outside_p10_p90
3c4d4f78-2d0e-474a-b884-65a9daca18fb,2025-10-01 00:00:00+00:00,2025-10-01 10:00:00+00:00,11,0.29725,0.288,0.288,0.288,0.009250000000000036,-0.0030000000000000027,0.007413000000000006,True,1.6525023607176619,False,True,outside_p10_p90
3c4d4f78-2d0e-474a-b884-65a9daca18fb,2025-10-01 00:00:00+00:00,2025-10-01 11:00:00+00:00,12,0.2972499999999999,0.288,0.288,0.288,0.009249999999999925,-0.0027499999999999886,0.007783650000000027,True,1.5416931645179153,False,True,outside_p10_p90
3c4d4f78-2d0e-474a-b884-65a9daca18fb,2025-10-01 00:00:00+00:00,2025-10-01 12:00:00+00:00,13,0.297,0.2875,0.2875,0.2875,0.009500000000000008,-0.0027500000000000024,0.007227675000000006,True,1.6948742161206751,False,True,outside_p10_p90
3c4d4f78-2d0e-474a-b884-65a9daca18fb,2025-10-01 00:00:00+00:00,2025-10-01 13:00:00+00:00,14,0.2965,0.2877499999999999,0.2877499999999999,0.2877499999999999,0.008750000000000091,-0.0027500000000000024,0.009266249999999986,True,1.2410629974369471,False,True,outside_p10_p90
3c4d4f78-2d0e-474a-b884-65a9daca18fb,2025-10-01 00:00:00+00:00,2025-10-01 14:00:00+00:00,15,0.296,0.287,0.287,0.287,0.009000000000000008,-0.002250000000000002,0.009080924999999967,True,1.2388605786304865,False,True,outside_p10_p90
3c4d4f78-2d0e-474a-b884-65a9daca18fb,2025-10-01 00:00:00+00:00,2025-10-01 15:00:00+00:00,16,0.29575,0.287,0.287,0.287,0.008750000000000036,-0.002250000000000002,0.0077836500000000065,True,1.413218734141441,False,True,outside_p10_p90
3c4d4f78-2d0e-474a-b884-65a9daca18fb,2025-10-01 00:00:00+00:00,2025-10-01 16:00:00+00:00,17,0.2975,0.287,0.287,0.287,0.01050000000000001,-0.0030000000000000027,0.009080925000000007,True,1.4866326943565773,False,True,outside_p10_p90
3c4d4f78-2d0e-474a-b884-65a9daca18fb,2025-10-01 00:00:00+00:00,2025-10-01 17:00:00+00:00,18,0.299,0.2872499999999999,0.2872499999999999,0.2872499999999999,0.011750000000000094,-0.0025000000000000022,0.009822224999999988,True,1.4507914449119332,False,True,outside_p10_p90
3c4d4f78-2d0e-474a-b884-65a9daca18fb,2025-10-01 00:00:00+00:00,2025-10-01 18:00:00+00:00,19,0.2977499999999999,0.2865,0.2865,0.2865,0.011249999999999927,-0.0022500000000000436,0.008895599999999863,True,1.5176042088223591,False,True,outside_p10_p90
3c4d4f78-2d0e-474a-b884-65a9daca18fb,2025-10-01 00:00:00+00:00,2025-10-01 19:00:00+00:00,20,0.29625,0.285,0.285,0.285,0.011250000000000038,-0.0030000000000000027,0.0077836500000000065,True,1.8307606328650476,False,True,outside_p10_p90
3c4d4f78-2d0e-474a-b884-65a9daca18fb,2025-10-01 00:00:00+00:00,2025-10-01 20:00:00+00:00,21,0.2957499999999999,0.2855,0.2855,0.2855,0.010249999999999926,-0.0025000000000000022,0.008339624999999925,True,1.5288457214802875,False,True,outside_p10_p90
3c4d4f78-2d0e-474a-b884-65a9daca18fb,2025-10-01 00:00:00+00:00,2025-10-01 21:00:00+00:00,22,0.295,0.2852499999999999,0.2852499999999999,0.2852499999999999,0.009750000000000092,-0.002375000000000002,0.007042350000000006,True,1.7217264123481626,False,True,outside_p10_p90
3c4d4f78-2d0e-474a-b884-65a9daca18fb,2025-10-01 00:00:00+00:00,2025-10-01 22:00:00+00:00,23,0.29475,0.2867499999999999,0.2867499999999999,0.2867499999999999,0.008000000000000118,-0.002125000000000002,0.0075983250000000065,True,1.3325305248196295,False,True,outside_p10_p90
3c4d4f78-2d0e-474a-b884-65a9daca18fb,2025-10-01 00:00:00+00:00,2025-10-01 23:00:00+00:00,24,0.2932499999999999,0.294,0.294,0.294,-0.0007500000000000839,-0.002375000000000002,0.008339625000000007,True,0.19485288607100643,False,True,outside_p10_p90
3c4d4f78-2d0e-474a-b884-65a9daca18fb,2025-10-02 00:00:00+00:00,2025-10-02 00:00:00+00:00,1,0.2927499999999999,0.29925,0.29925,0.29925,-0.006500000000000117,-0.0028750000000000026,0.009080924999999986,True,0.3991884086698348,False,True,outside_p10_p90
3c4d4f78-2d0e-474a-b884-65a9daca18fb,2025-10-02 00:00:00+00:00,2025-10-02 01:00:00+00:00,2,0.29225,0.3005,0.3005,0.3005,-0.00824999999999998,-0.0025000000000000022,0.008710274999999986,True,0.6601398922536873,False,True,outside_p10_p90
3c4d4f78-2d0e-474a-b884-65a9daca18fb,2025-10-02 00:00:00+00:00,2025-10-02 02:00:00+00:00,3,0.292,0.3,0.3,0.3,-0.008000000000000007,-0.0026249999999999885,0.009080924999999986,True,0.591900054234566,False,True,outside_p10_p90
3c4d4f78-2d0e-474a-b884-65a9daca18fb,2025-10-02 00:00:00+00:00,2025-10-02 03:00:00+00:00,4,0.2912499999999999,0.2992499999999999,0.2992499999999999,0.2992499999999999,-0.008000000000000007,-0.002500000000000044,0.008154300000000048,True,0.6744907594765867,False,True,outside_p10_p90
3c4d4f78-2d0e-474a-b884-65a9daca18fb,2025-10-02 00:00:00+00:00,2025-10-02 04:00:00+00:00,5,0.29075,0.2985,0.2985,0.2985,-0.007749999999999979,-0.002749999999999947,0.006857024999999985,True,0.7291791994341632,False,True,outside_p10_p90
3c4d4f78-2d0e-474a-b884-65a9daca18fb,2025-10-02 00:00:00+00:00,2025-10-02 05:00:00+00:00,6,0.29,0.298,0.298,0.298,-0.008000000000000007,-0.0027500000000000024,0.007042350000000006,True,0.745489786789921,False,True,outside_p10_p90
3c4d4f78-2d0e-474a-b884-65a9daca18fb,2025-10-02 00:00:00+00:00,2025-10-02 06:00:00+00:00,7,0.289,0.2975,0.2975,0.2975,-0.008500000000000008,-0.0025000000000000022,0.007227675000000006,True,0.8301424732019633,False,True,outside_p10_p90
3c4d4f78-2d0e-474a-b884-65a9daca18fb,2025-10-02 00:00:00+00:00,2025-10-02 07:00:00+00:00,8,0.2887499999999999,0.2972499999999999,0.2972499999999999,0.2972499999999999,-0.008500000000000008,-0.002875000000000044,0.007227675000000068,True,0.7782585686268282,False,True,outside_p10_p90
3c4d4f78-2d0e-474a-b884-65a9daca18fb,2025-10-02 00:00:00+00:00,2025-10-02 08:00:00+00:00,9,0.289,0.297,0.297,0.297,-0.008000000000000007,-0.0030000000000000027,0.006115725000000005,True,0.8175645569413276,False,True,outside_p10_p90
3c4d4f78-2d0e-474a-b884-65a9daca18fb,2025-10-02 00:00:00+00:00,2025-10-02 09:00:00+00:00,10,0.289,0.297,0.297,0.297,-0.008000000000000007,-0.0030000000000000027,0.007413000000000006,True,0.6744907594765952,False,True,outside_p10_p90
3c4d4f78-2d0e-474a-b884-65a9daca18fb,2025-10-02 00:00:00+00:00,2025-10-02 10:00:00+00:00,11,0.289,0.29725,0.29725,0.29725,-0.008250000000000035,-0.0030000000000000027,0.007413000000000006,True,0.7082152974504287,False,True,outside_p10_p90
3c4d4f78-2d0e-474a-b884-65a9daca18fb,2025-10-02 00:00:00+00:00,2025-10-02 11:00:00+00:00,12,0.2892499999999999,0.2972499999999999,0.2972499999999999,0.2972499999999999,-0.008000000000000007,-0.0027499999999999886,0.007783650000000027,True,0.6744907594765952,False,True,outside_p10_p90
3c4d4f78-2d0e-474a-b884-65a9daca18fb,2025-10-02 00:00:00+00:00,2025-10-02 12:00:00+00:00,13,0.289,0.297,0.297,0.297,-0.008000000000000007,-0.0027500000000000024,0.007227675000000006,True,0.7263746640517179,False,True,outside_p10_p90
3c4d4f78-2d0e-474a-b884-65a9daca18fb,2025-10-02 00:00:00+00:00,2025-10-02 13:00:00+00:00,14,0.288,0.2965,0.2965,0.2965,-0.008500000000000008,-0.0027500000000000024,0.009266249999999986,True,0.620531498718469,False,True,outside_p10_p90
3c4d4f78-2d0e-474a-b884-65a9daca18fb,2025-10-02 00:00:00+00:00,2025-10-02 14:00:00+00:00,15,0.2887499999999999,0.296,0.296,0.296,-0.00725000000000009,-0.002250000000000002,0.009080924999999967,True,0.5506047016135587,False,True,outside_p10_p90
3c4d4f78-2d0e-474a-b884-65a9daca18fb,2025-10-02 00:00:00+00:00,2025-10-02 15:00:00+00:00,16,0.2885,0.29575,0.29575,0.29575,-0.007250000000000034,-0.002250000000000002,0.0077836500000000065,True,0.6423721518824752,False,True,outside_p10_p90
3c4d4f78-2d0e-474a-b884-65a9daca18fb,2025-10-02 00:00:00+00:00,2025-10-02 16:00:00+00:00,17,0.29,0.2975,0.2975,0.2975,-0.007500000000000007,-0.0030000000000000027,0.009080925000000007,True,0.49554423145219245,False,True,outside_p10_p90
3c4d4f78-2d0e-474a-b884-65a9daca18fb,2025-10-02 00:00:00+00:00,2025-10-02 17:00:00+00:00,18,0.29025,0.299,0.299,0.299,-0.00874999999999998,-0.0025000000000000022,0.009822224999999988,True,0.6363120372420694,False,True,outside_p10_p90
3c4d4f78-2d0e-474a-b884-65a9daca18fb,2025-10-02 00:00:00+00:00,2025-10-02 18:00:00+00:00,19,0.2892499999999999,0.2977499999999999,0.2977499999999999,0.2977499999999999,-0.008500000000000008,-0.0022500000000000436,0.008895599999999863,True,0.70259454112146,False,True,outside_p10_p90
3c4d4f78-2d0e-474a-b884-65a9daca18fb,2025-10-02 00:00:00+00:00,2025-10-02 19:00:00+00:00,20,0.2885,0.29625,0.29625,0.29625,-0.007750000000000035,-0.0030000000000000027,0.0077836500000000065,True,0.6102535442883517,False,True,outside_p10_p90
3c4d4f78-2d0e-474a-b884-65a9daca18fb,2025-10-02 00:00:00+00:00,2025-10-02 20:00:00+00:00,21,0.288,0.2957499999999999,0.2957499999999999,0.2957499999999999,-0.007749999999999924,-0.0025000000000000022,0.008339624999999925,True,0.6295247088448184,False,True,outside_p10_p90
3c4d4f78-2d0e-474a-b884-65a9daca18fb,2025-10-02 00:00:00+00:00,2025-10-02 21:00:00+00:00,22,0.28975,0.295,0.295,0.295,-0.005249999999999977,-0.002375000000000002,0.007042350000000006,True,0.40824440705161946,False,True,outside_p10_p90
3c4d4f78-2d0e-474a-b884-65a9daca18fb,2025-10-02 00:00:00+00:00,2025-10-02 22:00:00+00:00,23,0.2895,0.29475,0.29475,0.29475,-0.005250000000000032,-0.002125000000000002,0.0075983250000000065,True,0.41127485333939096,False,True,outside_p10_p90
3c4d4f78-2d0e-474a-b884-65a9daca18fb,2025-10-02 00:00:00+00:00,2025-10-02 23:00:00+00:00,24,0.2895,0.2932499999999999,0.2932499999999999,0.2932499999999999,-0.00374999999999992,-0.002375000000000002,0.008339625000000007,True,0.16487551898315775,False,True,outside_p10_p90
3c4d4f78-2d0e-474a-b884-65a9daca18fb,2025-10-03 00:00:00+00:00,2025-10-03 00:00:00+00:00,1,0.289,0.2927499999999999,0.2927499999999999,0.2927499999999999,-0.00374999999999992,-0.0028750000000000026,0.009080924999999986,True,0.0963558227823618,False,True,outside_p10_p90
3c4d4f78-2d0e-474a-b884-65a9daca18fb,2025-10-03 00:00:00+00:00,2025-10-03 01:00:00+00:00,2,0.2902499999999999,0.29225,0.29225,0.29225,-0.002000000000000113,-0.0025000000000000022,0.008710274999999986,True,0.05740346889161252,False,True,outside_p10_p90
3c4d4f78-2d0e-474a-b884-65a9daca18fb,2025-10-03 00:00:00+00:00,2025-10-03 02:00:00+00:00,3,0.2937499999999999,0.292,0.292,0.292,0.0017499999999999183,-0.0026249999999999885,0.009080924999999986,True,0.48177911391184414,False,True,outside_p10_p90
3c4d4f78-2d0e-474a-b884-65a9daca18fb,2025-10-03 00:00:00+00:00,2025-10-03 03:00:00+00:00,4,0.2962499999999999,0.2912499999999999,0.2912499999999999,0.2912499999999999,0.0050000000000000044,-0.002500000000000044,0.008154300000000048,True,0.9197601265589939,False,True,outside_p10_p90
3c4d4f78-2d0e-474a-b884-65a9daca18fb,2025-10-03 00:00:00+00:00,2025-10-03 04:00:00+00:00,5,0.295,0.29075,0.29075,0.29075,0.004249999999999976,-0.002749999999999947,0.006857024999999985,True,1.0208508792078106,False,True,outside_p10_p90
3c4d4f78-2d0e-474a-b884-65a9daca18fb,2025-10-03 00:00:00+00:00,2025-10-03 05:00:00+00:00,6,0.29375,0.29,0.29,0.29,0.003750000000000031,-0.0027500000000000024,0.007042350000000006,True,0.9229873550732395,False,True,outside_p10_p90
3c4d4f78-2d0e-474a-b884-65a9daca18fb,2025-10-03 00:00:00+00:00,2025-10-03 06:00:00+00:00,7,0.2967499999999999,0.289,0.289,0.289,0.007749999999999924,-0.0025000000000000022,0.007227675000000006,True,1.4181600583866758,False,True,outside_p10_p90
3c4d4f78-2d0e-474a-b884-65a9daca18fb,2025-10-03 00:00:00+00:00,2025-10-03 07:00:00+00:00,8,0.2992499999999999,0.2887499999999999,0.2887499999999999,0.2887499999999999,0.01050000000000001,-0.002875000000000044,0.007227675000000068,True,1.8505259298460333,False,True,outside_p10_p90
3c4d4f78-2d0e-474a-b884-65a9daca18fb,2025-10-03 00:00:00+00:00,2025-10-03 08:00:00+00:00,9,0.29725,0.289,0.289,0.289,0.008250000000000035,-0.0030000000000000027,0.006115725000000005,True,1.8395202531179915,False,True,outside_p10_p90
3c4d4f78-2d0e-474a-b884-65a9daca18fb,2025-10-03 00:00:00+00:00,2025-10-03 09:00:00+00:00,10,0.2955,0.289,0.289,0.289,0.006500000000000006,-0.0030000000000000027,0.007413000000000006,True,1.2815324430055308,False,True,outside_p10_p90
3c4d4f78-2d0e-474a-b884-65a9daca18fb,2025-10-03 00:00:00+00:00,2025-10-03 10:00:00+00:00,11,0.296,0.289,0.289,0.289,0.007000000000000006,-0.0030000000000000027,0.007413000000000006,True,1.3489815189531904,False,True,outside_p10_p90
3c4d4f78-2d0e-474a-b884-65a9daca18fb,2025-10-03 00:00:00+00:00,2025-10-03 11:00:00+00:00,12,0.29875,0.2892499999999999,0.2892499999999999,0.2892499999999999,0.00950000000000012,-0.0027499999999999886,0.007783650000000027,True,1.5738117721120637,False,True,outside_p10_p90
3c4d4f78-2d0e-474a-b884-65a9daca18fb,2025-10-03 00:00:00+00:00,2025-10-03 12:00:00+00:00,13,0.3007499999999999,0.289,0.289,0.289,0.011749999999999927,-0.0027500000000000024,0.007227675000000006,True,2.0061776435714,False,True,outside_p10_p90
3c4d4f78-2d0e-474a-b884-65a9daca18fb,2025-10-03 00:00:00+00:00,2025-10-03 13:00:00+00:00,14,0.303,0.288,0.288,0.288,0.015000000000000013,-0.0027500000000000024,0.009266249999999986,True,1.9155537569135348,False,True,outside_p10_p90
3c4d4f78-2d0e-474a-b884-65a9daca18fb,2025-10-03 00:00:00+00:00,2025-10-03 14:00:00+00:00,15,0.3095,0.2887499999999999,0.2887499999999999,0.2887499999999999,0.0207500000000001,-0.002250000000000002,0.009080924999999967,True,2.532781627422337,False,True,outside_p10_p90
3c4d4f78-2d0e-474a-b884-65a9daca18fb,2025-10-03 00:00:00+00:00,2025-10-03 15:00:00+00:00,16,0.31975,0.2885,0.2885,0.2885,0.03125,-0.002250000000000002,0.0077836500000000065,True,4.3038934176125565,True,True,outside_p10_p90|large_residual
3c4d4f78-2d0e-474a-b884-65a9daca18fb,2025-10-03 00:00:00+00:00,2025-10-03 16:00:00+00:00,17,0.32525,0.29,0.29,0.29,0.035250000000000004,-0.0030000000000000027,0.009080925000000007,True,4.212125967343632,True,True,outside_p10_p90|large_residual
3c4d4f78-2d0e-474a-b884-65a9daca18fb,2025-10-03 00:00:00+00:00,2025-10-03 17:00:00+00:00,18,0.3265,0.29025,0.29025,0.29025,0.036250000000000004,-0.0025000000000000022,0.009822224999999988,True,3.9451346309008453,True,True,outside_p10_p90|large_residual
3c4d4f78-2d0e-474a-b884-65a9daca18fb,2025-10-03 00:00:00+00:00,2025-10-03 18:00:00+00:00,19,0.3295,0.2892499999999999,0.2892499999999999,0.2892499999999999,0.04025000000000012,-0.0022500000000000436,0.008895599999999863,True,4.777642879625974,True,True,outside_p10_p90|large_residual
3c4d4f78-2d0e-474a-b884-65a9daca18fb,2025-10-03 00:00:00+00:00,2025-10-03 19:00:00+00:00,20,0.33025,0.2885,0.2885,0.2885,0.04175000000000001,-0.0030000000000000027,0.0077836500000000065,True,5.749230759348118,True,True,outside_p10_p90|large_residual
3c4d4f78-2d0e-474a-b884-65a9daca18fb,2025-10-03 00:00:00+00:00,2025-10-03 20:00:00+00:00,21,0.3315,0.288,0.288,0.288,0.04350000000000004,-0.0025000000000000022,0.008339624999999925,True,5.515835544164211,True,True,outside_p10_p90|large_residual
3c4d4f78-2d0e-474a-b884-65a9daca18fb,2025-10-03 00:00:00+00:00,2025-10-03 21:00:00+00:00,22,0.335,0.28975,0.28975,0.28975,0.04525000000000001,-0.002375000000000002,0.007042350000000006,True,6.762657351594279,True,True,outside_p10_p90|large_residual
3c4d4f78-2d0e-474a-b884-65a9daca18fb,2025-10-03 00:00:00+00:00,2025-10-03 22:00:00+00:00,23,0.344,0.2895,0.2895,0.2895,0.05449999999999999,-0.002125000000000002,0.0075983250000000065,True,7.452300342509691,True,True,outside_p10_p90|large_residual
3c4d4f78-2d0e-474a-b884-65a9daca18fb,2025-10-03 00:00:00+00:00,2025-10-03 23:00:00+00:00,24,0.3525,0.2895,0.2895,0.2895,0.063,-0.002375000000000002,0.008339625000000007,True,7.839081493472422,True,True,outside_p10_p90|large_residual
3c4d4f78-2d0e-474a-b884-65a9daca18fb,2025-10-04 00:00:00+00:00,2025-10-04 00:00:00+00:00,1,0.3575,0.289,0.289,0.289,0.0685,-0.0028750000000000026,0.009080924999999986,True,7.859882115533397,True,True,outside_p10_p90|large_residual
3c4d4f78-2d0e-474a-b884-65a9daca18fb,2025-10-04 00:00:00+00:00,2025-10-04 01:00:00+00:00,2,0.3655,0.2902499999999999,0.2902499999999999,0.2902499999999999,0.0752500000000001,-0.0025000000000000022,0.008710274999999986,True,8.926239412647732,True,True,outside_p10_p90|large_residual
3c4d4f78-2d0e-474a-b884-65a9daca18fb,2025-10-04 00:00:00+00:00,2025-10-04 02:00:00+00:00,3,0.3774999999999999,0.2937499999999999,0.2937499999999999,0.2937499999999999,0.08374999999999999,-0.0026249999999999885,0.009080924999999986,True,9.511696220374038,True,True,outside_p10_p90|large_residual
3c4d4f78-2d0e-474a-b884-65a9daca18fb,2025-10-04 00:00:00+00:00,2025-10-04 03:00:00+00:00,4,0.399,0.2962499999999999,0.2962499999999999,0.2962499999999999,0.10275000000000012,-0.002500000000000044,0.008154300000000048,True,12.90730044271115,True,True,outside_p10_p90|large_residual
3c4d4f78-2d0e-474a-b884-65a9daca18fb,2025-10-04 00:00:00+00:00,2025-10-04 04:00:00+00:00,5,0.42425,0.295,0.295,0.295,0.12925000000000003,-0.002749999999999947,0.006857024999999985,True,19.25033086506178,True,True,outside_p10_p90|large_residual
3c4d4f78-2d0e-474a-b884-65a9daca18fb,2025-10-04 00:00:00+00:00,2025-10-04 05:00:00+00:00,6,0.481,0.29375,0.29375,0.29375,0.18724999999999997,-0.0027500000000000024,0.007042350000000006,True,26.979630379063778,True,True,outside_p10_p90|large_residual
3c4d4f78-2d0e-474a-b884-65a9daca18fb,2025-10-04 00:00:00+00:00,2025-10-04 06:00:00+00:00,7,0.5635,0.2967499999999999,0.2967499999999999,0.2967499999999999,0.2667500000000001,-0.0025000000000000022,0.007227675000000006,True,37.25264348493808,True,True,outside_p10_p90|large_residual
3c4d4f78-2d0e-474a-b884-65a9daca18fb,2025-10-04 00:00:00+00:00,2025-10-04 07:00:00+00:00,8,0.58525,0.2992499999999999,0.2992499999999999,0.2992499999999999,0.28600000000000014,-0.002875000000000044,0.007227675000000068,True,39.967901157702514,True,True,outside_p10_p90|large_residual
3c4d4f78-2d0e-474a-b884-65a9daca18fb,2025-10-04 00:00:00+00:00,2025-10-04 08:00:00+00:00,9,0.57325,0.29725,0.29725,0.29725,0.276,-0.0030000000000000027,0.006115725000000005,True,45.62010227732604,True,True,outside_p10_p90|large_residual
3c4d4f78-2d0e-474a-b884-65a9daca18fb,2025-10-04 00:00:00+00:00,2025-10-04 09:00:00+00:00,10,0.5547500000000001,0.2955,0.2955,0.2955,0.2592500000000001,-0.0030000000000000027,0.007413000000000006,True,35.3770403345474,True,True,outside_p10_p90|large_residual
3c4d4f78-2d0e-474a-b884-65a9daca18fb,2025-10-04 00:00:00+00:00,2025-10-04 10:00:00+00:00,11,0.53425,0.296,0.296,0.296,0.23825000000000002,-0.0030000000000000027,0.007413000000000006,True,32.54417914474569,True,True,outside_p10_p90|large_residual
3c4d4f78-2d0e-474a-b884-65a9daca18fb,2025-10-04 00:00:00+00:00,2025-10-04 11:00:00+00:00,12,0.51525,0.29875,0.29875,0.29875,0.21649999999999997,-0.0027499999999999886,0.007783650000000027,True,28.168018860046274,True,True,outside_p10_p90|large_residual
3c4d4f78-2d0e-474a-b884-65a9daca18fb,2025-10-04 00:00:00+00:00,2025-10-04 12:00:00+00:00,13,0.50625,0.3007499999999999,0.3007499999999999,0.3007499999999999,0.20550000000000007,-0.0027500000000000024,0.007227675000000006,True,28.81286167405146,True,True,outside_p10_p90|large_residual
3c4d4f78-2d0e-474a-b884-65a9daca18fb,2025-10-04 00:00:00+00:00,2025-10-04 13:00:00+00:00,14,0.4995,0.303,0.303,0.303,0.1965,-0.0027500000000000024,0.009266249999999986,True,21.502765412113888,True,True,outside_p10_p90|large_residual
3c4d4f78-2d0e-474a-b884-65a9daca18fb,2025-10-04 00:00:00+00:00,2025-10-04 14:00:00+00:00,15,0.4944999999999999,0.3095,0.3095,0.3095,0.1849999999999999,-0.002250000000000002,0.009080924999999967,True,20.6201460754274,True,True,outside_p10_p90|large_residual
3c4d4f78-2d0e-474a-b884-65a9daca18fb,2025-10-04 00:00:00+00:00,2025-10-04 15:00:00+00:00,16,0.48675,0.31975,0.31975,0.31975,0.16700000000000004,-0.002250000000000002,0.0077836500000000065,True,21.74429734122165,True,True,outside_p10_p90|large_residual
3c4d4f78-2d0e-474a-b884-65a9daca18fb,2025-10-04 00:00:00+00:00,2025-10-04 16:00:00+00:00,17,0.4805,0.32525,0.32525,0.32525,0.15525,-0.0030000000000000027,0.009080925000000007,True,17.426638806068752,True,True,outside_p10_p90|large_residual
3c4d4f78-2d0e-474a-b884-65a9daca18fb,2025-10-04 00:00:00+00:00,2025-10-04 17:00:00+00:00,18,0.4742499999999999,0.3265,0.3265,0.3265,0.14774999999999988,-0.0025000000000000022,0.009822224999999988,True,15.296941375299392,True,True,outside_p10_p90|large_residual
3c4d4f78-2d0e-474a-b884-65a9daca18fb,2025-10-04 00:00:00+00:00,2025-10-04 18:00:00+00:00,19,0.4665,0.3295,0.3295,0.3295,0.137,-0.0022500000000000436,0.008895599999999863,True,15.653806376186225,True,True,outside_p10_p90|large_residual
3c4d4f78-2d0e-474a-b884-65a9daca18fb,2025-10-04 00:00:00+00:00,2025-10-04 19:00:00+00:00,20,0.46075,0.33025,0.33025,0.33025,0.1305,-0.0030000000000000027,0.0077836500000000065,True,17.15133645526198,True,True,outside_p10_p90|large_residual
3c4d4f78-2d0e-474a-b884-65a9daca18fb,2025-10-04 00:00:00+00:00,2025-10-04 20:00:00+00:00,21,0.452,0.3315,0.3315,0.3315,0.1205,-0.0025000000000000022,0.008339624999999925,True,14.74886460722168,True,True,outside_p10_p90|large_residual
3c4d4f78-2d0e-474a-b884-65a9daca18fb,2025-10-04 00:00:00+00:00,2025-10-04 21:00:00+00:00,22,0.4465,0.335,0.335,0.335,0.11149999999999999,-0.002375000000000002,0.007042350000000006,True,16.170028470609935,True,True,outside_p10_p90|large_residual
3c4d4f78-2d0e-474a-b884-65a9daca18fb,2025-10-04 00:00:00+00:00,2025-10-04 22:00:00+00:00,23,0.43975,0.344,0.344,0.344,0.09575,-0.002125000000000002,0.0075983250000000065,True,12.8811284065896,True,True,outside_p10_p90|large_residual
3c4d4f78-2d0e-474a-b884-65a9daca18fb,2025-10-04 00:00:00+00:00,2025-10-04 23:00:00+00:00,24,0.43175,0.3525,0.3525,0.3525,0.07925000000000004,-0.002375000000000002,0.008339625000000007,True,9.78761035418259,True,True,outside_p10_p90|large_residual
3c4d4f78-2d0e-474a-b884-65a9daca18fb,2025-10-05 00:00:00+00:00,2025-10-05 00:00:00+00:00,1,0.4242499999999999,0.3575,0.3575,0.3575,0.06674999999999992,-0.0028750000000000026,0.009080924999999986,True,7.667170469968646,True,True,outside_p10_p90|large_residual
3c4d4f78-2d0e-474a-b884-65a9daca18fb,2025-10-05 00:00:00+00:00,2025-10-05 01:00:00+00:00,2,0.41875,0.3655,0.3655,0.3655,0.05325000000000002,-0.0025000000000000022,0.008710274999999986,True,6.400486781416213,True,True,outside_p10_p90|large_residual
3c4d4f78-2d0e-474a-b884-65a9daca18fb,2025-10-05 00:00:00+00:00,2025-10-05 02:00:00+00:00,3,0.4137499999999999,0.3774999999999999,0.3774999999999999,0.3774999999999999,0.036250000000000004,-0.0026249999999999885,0.009080924999999986,True,4.280951555045334,True,True,outside_p10_p90|large_residual
3c4d4f78-2d0e-474a-b884-65a9daca18fb,2025-10-05 00:00:00+00:00,2025-10-05 03:00:00+00:00,4,0.4095,0.399,0.399,0.399,0.010499999999999954,-0.002500000000000044,0.008154300000000048,True,1.5942508860355789,False,True,outside_p10_p90
3c4d4f78-2d0e-474a-b884-65a9daca18fb,2025-10-05 00:00:00+00:00,2025-10-05 04:00:00+00:00,5,0.40475,0.42425,0.42425,0.42425,-0.019500000000000017,-0.002749999999999947,0.006857024999999985,True,2.442750318104441,False,True,outside_p10_p90
3c4d4f78-2d0e-474a-b884-65a9daca18fb,2025-10-05 00:00:00+00:00,2025-10-05 05:00:00+00:00,6,0.40125,0.481,0.481,0.481,-0.07974999999999999,-0.0027500000000000024,0.007042350000000006,True,10.933850206252163,True,True,outside_p10_p90|large_residual
3c4d4f78-2d0e-474a-b884-65a9daca18fb,2025-10-05 00:00:00+00:00,2025-10-05 06:00:00+00:00,7,0.39775,0.5635,0.5635,0.5635,-0.16575,-0.0025000000000000022,0.007227675000000006,True,22.58679312503673,True,True,outside_p10_p90|large_residual
3c4d4f78-2d0e-474a-b884-65a9daca18fb,2025-10-05 00:00:00+00:00,2025-10-05 07:00:00+00:00,8,0.3945000000000001,0.58525,0.58525,0.58525,-0.19074999999999998,-0.002875000000000044,0.007227675000000068,True,25.99383619213622,True,True,outside_p10_p90|large_residual
3c4d4f78-2d0e-474a-b884-65a9daca18fb,2025-10-05 00:00:00+00:00,2025-10-05 08:00:00+00:00,9,0.393,0.57325,0.57325,0.57325,-0.18025000000000002,-0.0030000000000000027,0.006115725000000005,True,28.982663543570037,True,True,outside_p10_p90|large_residual
3c4d4f78-2d0e-474a-b884-65a9daca18fb,2025-10-05 00:00:00+00:00,2025-10-05 09:00:00+00:00,10,0.392,0.5547500000000001,0.5547500000000001,0.5547500000000001,-0.16275000000000006,-0.0030000000000000027,0.007413000000000006,True,21.549979765277204,True,True,outside_p10_p90|large_residual
3c4d4f78-2d0e-474a-b884-65a9daca18fb,2025-10-05 00:00:00+00:00,2025-10-05 10:00:00+00:00,11,0.39225,0.53425,0.53425,0.53425,-0.14200000000000002,-0.0030000000000000027,0.007413000000000006,True,18.75084311344933,True,True,outside_p10_p90|large_residual
3c4d4f78-2d0e-474a-b884-65a9daca18fb,2025-10-05 00:00:00+00:00,2025-10-05 11:00:00+00:00,12,0.39125,0.51525,0.51525,0.51525,-0.124,-0.0027499999999999886,0.007783650000000027,True,15.577524683149882,True,True,outside_p10_p90|large_residual
3c4d4f78-2d0e-474a-b884-65a9daca18fb,2025-10-05 00:00:00+00:00,2025-10-05 12:00:00+00:00,13,0.388,0.50625,0.50625,0.50625,-0.11824999999999997,-0.0027500000000000024,0.007227675000000006,True,15.980242609137774,True,True,outside_p10_p90|large_residual
3c4d4f78-2d0e-474a-b884-65a9daca18fb,2025-10-05 00:00:00+00:00,2025-10-05 13:00:00+00:00,14,0.387,0.4995,0.4995,0.4995,-0.11249999999999999,-0.0027500000000000024,0.009266249999999986,True,11.844057736409027,True,True,outside_p10_p90|large_residual
3c4d4f78-2d0e-474a-b884-65a9daca18fb,2025-10-05 00:00:00+00:00,2025-10-05 14:00:00+00:00,15,0.386,0.4944999999999999,0.4944999999999999,0.4944999999999999,-0.10849999999999987,-0.002250000000000002,0.009080924999999967,True,11.700349909287903,True,True,outside_p10_p90|large_residual
3c4d4f78-2d0e-474a-b884-65a9daca18fb,2025-10-05 00:00:00+00:00,2025-10-05 15:00:00+00:00,16,0.38575,0.48675,0.48675,0.48675,-0.10100000000000003,-0.002250000000000002,0.0077836500000000065,True,12.686849999678808,True,True,outside_p10_p90|large_residual
3c4d4f78-2d0e-474a-b884-65a9daca18fb,2025-10-05 00:00:00+00:00,2025-10-05 16:00:00+00:00,17,0.38425,0.4805,0.4805,0.4805,-0.09625,-0.0030000000000000027,0.009080925000000007,True,10.268777685092646,True,True,outside_p10_p90|large_residual
3c4d4f78-2d0e-474a-b884-65a9daca18fb,2025-10-05 00:00:00+00:00,2025-10-05 17:00:00+00:00,18,0.38175,0.4742499999999999,0.4742499999999999,0.4742499999999999,-0.09249999999999992,-0.0025000000000000022,0.009822224999999988,True,9.162893336285823,True,True,outside_p10_p90|large_residual
3c4d4f78-2d0e-474a-b884-65a9daca18fb,2025-10-05 00:00:00+00:00,2025-10-05 18:00:00+00:00,19,0.38,0.4665,0.4665,0.4665,-0.08650000000000002,-0.0022500000000000436,0.008895599999999863,True,9.470974414317334,True,True,outside_p10_p90|large_residual
3c4d4f78-2d0e-474a-b884-65a9daca18fb,2025-10-05 00:00:00+00:00,2025-10-05 19:00:00+00:00,20,0.38075,0.46075,0.46075,0.46075,-0.08000000000000002,-0.0030000000000000027,0.0077836500000000065,True,9.892531138990055,True,True,outside_p10_p90|large_residual
3c4d4f78-2d0e-474a-b884-65a9daca18fb,2025-10-05 00:00:00+00:00,2025-10-05 20:00:00+00:00,21,0.381,0.452,0.452,0.452,-0.07100000000000001,-0.0025000000000000022,0.008339624999999925,True,8.213798582070611,True,True,outside_p10_p90|large_residual
3c4d4f78-2d0e-474a-b884-65a9daca18fb,2025-10-05 00:00:00+00:00,2025-10-05 21:00:00+00:00,22,0.38025,0.4465,0.4465,0.4465,-0.06625000000000003,-0.002375000000000002,0.007042350000000006,True,9.070125739277367,True,True,outside_p10_p90|large_residual
3c4d4f78-2d0e-474a-b884-65a9daca18fb,2025-10-05 00:00:00+00:00,2025-10-05 22:00:00+00:00,23,0.3785,0.43975,0.43975,0.43975,-0.06124999999999997,-0.002125000000000002,0.0075983250000000065,True,7.781320225181197,True,True,outside_p10_p90|large_residual
3c4d4f78-2d0e-474a-b884-65a9daca18fb,2025-10-05 00:00:00+00:00,2025-10-05 23:00:00+00:00,24,0.37725,0.43175,0.43175,0.43175,-0.05450000000000005,-0.002375000000000002,0.008339625000000007,True,6.250281037816449,True,True,outside_p10_p90|large_residual
3c4d4f78-2d0e-474a-b884-65a9daca18fb,2025-10-06 00:00:00+00:00,2025-10-06 00:00:00+00:00,1,0.37625,0.4242499999999999,0.4242499999999999,0.4242499999999999,-0.04799999999999993,-0.0028750000000000026,0.009080924999999986,True,4.969207432062262,True,True,outside_p10_p90|large_residual
3c4d4f78-2d0e-474a-b884-65a9daca18fb,2025-10-06 00:00:00+00:00,2025-10-06 01:00:00+00:00,2,0.37475,0.41875,0.41875,0.41875,-0.043999999999999984,-0.0025000000000000022,0.008710274999999986,True,4.764487918004891,True,True,outside_p10_p90|large_residual
3c4d4f78-2d0e-474a-b884-65a9daca18fb,2025-10-06 00:00:00+00:00,2025-10-06 02:00:00+00:00,3,0.374,0.4137499999999999,0.4137499999999999,0.4137499999999999,-0.039749999999999897,-0.0026249999999999885,0.009080924999999986,True,4.088239909480583,True,True,outside_p10_p90|large_residual
3c4d4f78-2d0e-474a-b884-65a9daca18fb,2025-10-06 00:00:00+00:00,2025-10-06 03:00:00+00:00,4,0.372,0.4095,0.4095,0.4095,-0.03749999999999998,-0.002500000000000044,0.008154300000000048,True,4.292213923941936,True,True,outside_p10_p90|large_residual
3c4d4f78-2d0e-474a-b884-65a9daca18fb,2025-10-06 00:00:00+00:00,2025-10-06 04:00:00+00:00,5,0.371,0.40475,0.40475,0.40475,-0.03375,-0.002749999999999947,0.006857024999999985,True,4.520911036491791,True,True,outside_p10_p90|large_residual
3c4d4f78-2d0e-474a-b884-65a9daca18fb,2025-10-06 00:00:00+00:00,2025-10-06 05:00:00+00:00,6,0.3705,0.40125,0.40125,0.40125,-0.03075,-0.0027500000000000024,0.007042350000000006,True,3.9759455295462414,True,True,outside_p10_p90|large_residual
3c4d4f78-2d0e-474a-b884-65a9daca18fb,2025-10-06 00:00:00+00:00,2025-10-06 06:00:00+00:00,7,0.3697499999999999,0.39775,0.39775,0.39775,-0.02800000000000008,-0.0025000000000000022,0.007227675000000006,True,3.5281055111083517,True,True,outside_p10_p90|large_residual
3c4d4f78-2d0e-474a-b884-65a9daca18fb,2025-10-06 00:00:00+00:00,2025-10-06 07:00:00+00:00,8,0.369,0.3945000000000001,0.3945000000000001,0.3945000000000001,-0.025500000000000078,-0.002875000000000044,0.007227675000000068,True,3.130328909365712,False,True,outside_p10_p90
3c4d4f78-2d0e-474a-b884-65a9daca18fb,2025-10-06 00:00:00+00:00,2025-10-06 08:00:00+00:00,9,0.3674999999999999,0.393,0.393,0.393,-0.025500000000000134,-0.0030000000000000027,0.006115725000000005,True,3.679040506235992,True,True,outside_p10_p90|large_residual
3c4d4f78-2d0e-474a-b884-65a9daca18fb,2025-10-06 00:00:00+00:00,2025-10-06 09:00:00+00:00,10,0.36975,0.392,0.392,0.392,-0.022249999999999992,-0.0030000000000000027,0.007413000000000006,True,2.596789423984888,False,True,outside_p10_p90
3c4d4f78-2d0e-474a-b884-65a9daca18fb,2025-10-06 00:00:00+00:00,2025-10-06 10:00:00+00:00,11,0.3697499999999999,0.39225,0.39225,0.39225,-0.022500000000000075,-0.0030000000000000027,0.007413000000000006,True,2.6305139619587288,False,True,outside_p10_p90
3c4d4f78-2d0e-474a-b884-65a9daca18fb,2025-10-06 00:00:00+00:00,2025-10-06 11:00:00+00:00,12,0.36925,0.39125,0.39125,0.39125,-0.021999999999999964,-0.0027499999999999886,0.007783650000000027,True,2.473132784747504,False,True,outside_p10_p90
3c4d4f78-2d0e-474a-b884-65a9daca18fb,2025-10-06 00:00:00+00:00,2025-10-06 12:00:00+00:00,13,0.368,0.388,0.388,0.388,-0.020000000000000018,-0.0027500000000000024,0.007227675000000006,True,2.3866596104556446,False,True,outside_p10_p90
3c4d4f78-2d0e-474a-b884-65a9daca18fb,2025-10-06 00:00:00+00:00,2025-10-06 13:00:00+00:00,14,0.368,0.387,0.387,0.387,-0.019000000000000017,-0.0027500000000000024,0.009266249999999986,True,1.7536759746391517,False,True,outside_p10_p90
3c4d4f78-2d0e-474a-b884-65a9daca18fb,2025-10-06 00:00:00+00:00,2025-10-06 14:00:00+00:00,15,0.3682499999999999,0.386,0.386,0.386,-0.0177500000000001,-0.002250000000000002,0.009080924999999967,True,1.706874575002013,False,True,outside_p10_p90
3c4d4f78-2d0e-474a-b884-65a9daca18fb,2025-10-06 00:00:00+00:00,2025-10-06 15:00:00+00:00,16,0.36775,0.38575,0.38575,0.38575,-0.01799999999999996,-0.002250000000000002,0.0077836500000000065,True,2.0234722784297783,False,True,outside_p10_p90
3c4d4f78-2d0e-474a-b884-65a9daca18fb,2025-10-06 00:00:00+00:00,2025-10-06 16:00:00+00:00,17,0.367,0.38425,0.38425,0.38425,-0.017249999999999988,-0.0030000000000000027,0.009080925000000007,True,1.5692233995986062,False,True,outside_p10_p90
3c4d4f78-2d0e-474a-b884-65a9daca18fb,2025-10-06 00:00:00+00:00,2025-10-06 17:00:00+00:00,18,0.36675,0.38175,0.38175,0.38175,-0.014999999999999958,-0.0025000000000000022,0.009822224999999988,True,1.2726240744841388,False,True,outside_p10_p90
3c4d4f78-2d0e-474a-b884-65a9daca18fb,2025-10-06 00:00:00+00:00,2025-10-06 18:00:00+00:00,19,0.3642499999999999,0.38,0.38,0.38,-0.015750000000000097,-0.0022500000000000436,0.008895599999999863,True,1.5176042088223685,False,True,outside_p10_p90
3c4d4f78-2d0e-474a-b884-65a9daca18fb,2025-10-06 00:00:00+00:00,2025-10-06 19:00:00+00:00,20,0.3615,0.38075,0.38075,0.38075,-0.01924999999999999,-0.0030000000000000027,0.0077836500000000065,True,2.0877094936180294,False,True,outside_p10_p90
3c4d4f78-2d0e-474a-b884-65a9daca18fb,2025-10-06 00:00:00+00:00,2025-10-06 20:00:00+00:00,21,0.359,0.381,0.381,0.381,-0.02200000000000002,-0.0025000000000000022,0.008339624999999925,True,2.3382346328522194,False,True,outside_p10_p90
3c4d4f78-2d0e-474a-b884-65a9daca18fb,2025-10-06 00:00:00+00:00,2025-10-06 21:00:00+00:00,22,0.3592499999999999,0.38025,0.38025,0.38025,-0.021000000000000074,-0.002375000000000002,0.007042350000000006,True,2.6447137674213943,False,True,outside_p10_p90
3c4d4f78-2d0e-474a-b884-65a9daca18fb,2025-10-06 00:00:00+00:00,2025-10-06 22:00:00+00:00,23,0.35875,0.3785,0.3785,0.3785,-0.01974999999999999,-0.002125000000000002,0.0075983250000000065,True,2.3195901728341406,False,True,outside_p10_p90
3c4d4f78-2d0e-474a-b884-65a9daca18fb,2025-10-06 00:00:00+00:00,2025-10-06 23:00:00+00:00,24,0.35675,0.37725,0.37725,0.37725,-0.020499999999999963,-0.002375000000000002,0.008339625000000007,True,2.1733591138690223,False,True,outside_p10_p90
3c4d4f78-2d0e-474a-b884-65a9daca18fb,2025-10-07 00:00:00+00:00,2025-10-07 00:00:00+00:00,1,0.35475,0.37625,0.37625,0.37625,-0.021499999999999964,-0.0028750000000000026,0.009080924999999986,True,2.0510025135104617,False,True,outside_p10_p90
3c4d4f78-2d0e-474a-b884-65a9daca18fb,2025-10-07 00:00:00+00:00,2025-10-07 01:00:00+00:00,2,0.35275,0.37475,0.37475,0.37475,-0.02200000000000002,-0.0025000000000000022,0.008710274999999986,True,2.238735286773385,False,True,outside_p10_p90
3c4d4f78-2d0e-474a-b884-65a9daca18fb,2025-10-07 00:00:00+00:00,2025-10-07 02:00:00+00:00,3,0.3512499999999999,0.374,0.374,0.374,-0.022750000000000103,-0.0026249999999999885,0.009080924999999986,True,2.216183923994543,False,True,outside_p10_p90
3c4d4f78-2d0e-474a-b884-65a9daca18fb,2025-10-07 00:00:00+00:00,2025-10-07 03:00:00+00:00,4,0.3502499999999999,0.372,0.372,0.372,-0.021750000000000103,-0.002500000000000044,0.008154300000000048,True,2.360717658168076,False,True,outside_p10_p90
3c4d4f78-2d0e-474a-b884-65a9daca18fb,2025-10-07 00:00:00+00:00,2025-10-07 04:00:00+00:00,5,0.34925,0.371,0.371,0.371,-0.02174999999999999,-0.002749999999999947,0.006857024999999985,True,2.770880957849809,False,True,outside_p10_p90
3c4d4f78-2d0e-474a-b884-65a9daca18fb,2025-10-07 00:00:00+00:00,2025-10-07 05:00:00+00:00,6,0.349,0.3705,0.3705,0.3705,-0.02150000000000002,-0.0027500000000000024,0.007042350000000006,True,2.6624635242497177,False,True,outside_p10_p90
3c4d4f78-2d0e-474a-b884-65a9daca18fb,2025-10-07 00:00:00+00:00,2025-10-07 06:00:00+00:00,7,0.348,0.3697499999999999,0.3697499999999999,0.3697499999999999,-0.021749999999999936,-0.0025000000000000022,0.007227675000000006,True,2.663373768189621,False,True,outside_p10_p90
3c4d4f78-2d0e-474a-b884-65a9daca18fb,2025-10-07 00:00:00+00:00,2025-10-07 07:00:00+00:00,8,0.348,0.369,0.369,0.369,-0.02100000000000002,-0.002875000000000044,0.007227675000000068,True,2.507722054464237,False,True,outside_p10_p90
3c4d4f78-2d0e-474a-b884-65a9daca18fb,2025-10-07 00:00:00+00:00,2025-10-07 08:00:00+00:00,9,0.348,0.3674999999999999,0.3674999999999999,0.3674999999999999,-0.019499999999999906,-0.0030000000000000027,0.006115725000000005,True,2.6979630379063626,False,True,outside_p10_p90
3c4d4f78-2d0e-474a-b884-65a9daca18fb,2025-10-07 00:00:00+00:00,2025-10-07 09:00:00+00:00,10,0.348,0.36975,0.36975,0.36975,-0.021750000000000047,-0.0030000000000000027,0.007413000000000006,True,2.529340348037236,False,True,outside_p10_p90
3c4d4f78-2d0e-474a-b884-65a9daca18fb,2025-10-07 00:00:00+00:00,2025-10-07 10:00:00+00:00,11,0.3492499999999999,0.3697499999999999,0.3697499999999999,0.3697499999999999,-0.020500000000000018,-0.0030000000000000027,0.007413000000000006,True,2.3607176581680833,False,True,outside_p10_p90
3c4d4f78-2d0e-474a-b884-65a9daca18fb,2025-10-07 00:00:00+00:00,2025-10-07 11:00:00+00:00,12,0.35,0.36925,0.36925,0.36925,-0.019250000000000045,-0.0027499999999999886,0.007783650000000027,True,2.119828101212156,False,True,outside_p10_p90
3c4d4f78-2d0e-474a-b884-65a9daca18fb,2025-10-07 00:00:00+00:00,2025-10-07 12:00:00+00:00,13,0.35,0.368,0.368,0.368,-0.018000000000000016,-0.0027500000000000024,0.007227675000000006,True,2.109945452721657,False,True,outside_p10_p90
3c4d4f78-2d0e-474a-b884-65a9daca18fb,2025-10-07 00:00:00+00:00,2025-10-07 13:00:00+00:00,14,0.34925,0.368,0.368,0.368,-0.01874999999999999,-0.0027500000000000024,0.009266249999999986,True,1.7266963442600847,False,True,outside_p10_p90
3c4d4f78-2d0e-474a-b884-65a9daca18fb,2025-10-07 00:00:00+00:00,2025-10-07 14:00:00+00:00,15,0.35,0.3682499999999999,0.3682499999999999,0.3682499999999999,-0.018249999999999933,-0.002250000000000002,0.009080924999999967,True,1.7619350451633493,False,True,outside_p10_p90
3c4d4f78-2d0e-474a-b884-65a9daca18fb,2025-10-07 00:00:00+00:00,2025-10-07 15:00:00+00:00,16,0.35075,0.36775,0.36775,0.36775,-0.017000000000000015,-0.002250000000000002,0.0077836500000000065,True,1.8949978480532912,False,True,outside_p10_p90
3c4d4f78-2d0e-474a-b884-65a9daca18fb,2025-10-07 00:00:00+00:00,2025-10-07 16:00:00+00:00,17,0.3495,0.367,0.367,0.367,-0.017500000000000016,-0.0030000000000000027,0.009080925000000007,True,1.5967536346792868,False,True,outside_p10_p90
3c4d4f78-2d0e-474a-b884-65a9daca18fb,2025-10-07 00:00:00+00:00,2025-10-07 17:00:00+00:00,18,0.3484999999999999,0.36675,0.36675,0.36675,-0.0182500000000001,-0.0025000000000000022,0.009822224999999988,True,1.6035063338500306,False,True,outside_p10_p90
3c4d4f78-2d0e-474a-b884-65a9daca18fb,2025-10-07 00:00:00+00:00,2025-10-07 18:00:00+00:00,19,0.34775,0.3642499999999999,0.3642499999999999,0.3642499999999999,-0.016499999999999904,-0.0022500000000000436,0.008895599999999863,True,1.6019155537569225,False,True,outside_p10_p90
3c4d4f78-2d0e-474a-b884-65a9daca18fb,2025-10-07 00:00:00+00:00,2025-10-07 19:00:00+00:00,20,0.3472499999999999,0.3615,0.3615,0.3615,-0.014250000000000096,-0.0030000000000000027,0.0077836500000000065,True,1.445337341735572,False,True,outside_p10_p90
3c4d4f78-2d0e-474a-b884-65a9daca18fb,2025-10-07 00:00:00+00:00,2025-10-07 20:00:00+00:00,21,0.3472499999999999,0.359,0.359,0.359,-0.011750000000000094,-0.0025000000000000022,0.008339624999999925,True,1.1091625822504219,False,True,outside_p10_p90
3c4d4f78-2d0e-474a-b884-65a9daca18fb,2025-10-07 00:00:00+00:00,2025-10-07 21:00:00+00:00,22,0.3465,0.3592499999999999,0.3592499999999999,0.3592499999999999,-0.012749999999999928,-0.002375000000000002,0.007042350000000006,True,1.4732298167514988,False,True,outside_p10_p90
3c4d4f78-2d0e-474a-b884-65a9daca18fb,2025-10-07 00:00:00+00:00,2025-10-07 22:00:00+00:00,23,0.3455,0.35875,0.35875,0.35875,-0.01325000000000004,-0.002125000000000002,0.0075983250000000065,True,1.4641384778882225,False,True,outside_p10_p90
3c4d4f78-2d0e-474a-b884-65a9daca18fb,2025-10-07 00:00:00+00:00,2025-10-07 23:00:00+00:00,24,0.34525,0.35675,0.35675,0.35675,-0.01150000000000001,-0.002375000000000002,0.008339625000000007,True,1.0941738987064766,False,True,outside_p10_p90
3c4d4f78-2d0e-474a-b884-65a9daca18fb,2025-10-08 00:00:00+00:00,2025-10-08 00:00:00+00:00,1,0.346,0.35475,0.35475,0.35475,-0.008750000000000036,-0.0028750000000000026,0.009080924999999986,True,0.6469605243959224,False,True,outside_p10_p90
3c4d4f78-2d0e-474a-b884-65a9daca18fb,2025-10-08 00:00:00+00:00,2025-10-08 01:00:00+00:00,2,0.3457499999999999,0.35275,0.35275,0.35275,-0.007000000000000117,-0.0025000000000000022,0.008710274999999986,True,0.5166312200246401,False,True,outside_p10_p90
3c4d4f78-2d0e-474a-b884-65a9daca18fb,2025-10-08 00:00:00+00:00,2025-10-08 02:00:00+00:00,3,0.3434999999999999,0.3512499999999999,0.3512499999999999,0.3512499999999999,-0.007749999999999979,-0.0026249999999999885,0.009080924999999986,True,0.5643698191538856,False,True,outside_p10_p90
3c4d4f78-2d0e-474a-b884-65a9daca18fb,2025-10-08 00:00:00+00:00,2025-10-08 03:00:00+00:00,4,0.343,0.3502499999999999,0.3502499999999999,0.3502499999999999,-0.007249999999999868,-0.002500000000000044,0.008154300000000048,True,0.5825147468206707,False,True,outside_p10_p90
3c4d4f78-2d0e-474a-b884-65a9daca18fb,2025-10-08 00:00:00+00:00,2025-10-08 04:00:00+00:00,5,0.342,0.34925,0.34925,0.34925,-0.007249999999999979,-0.002749999999999947,0.006857024999999985,True,0.6562612794907473,False,True,outside_p10_p90
3c4d4f78-2d0e-474a-b884-65a9daca18fb,2025-10-08 00:00:00+00:00,2025-10-08 05:00:00+00:00,6,0.341,0.349,0.349,0.349,-0.007999999999999952,-0.0027500000000000024,0.007042350000000006,True,0.7454897867899131,False,True,outside_p10_p90
3c4d4f78-2d0e-474a-b884-65a9daca18fb,2025-10-08 00:00:00+00:00,2025-10-08 06:00:00+00:00,7,0.3405,0.348,0.348,0.348,-0.007499999999999951,-0.0025000000000000022,0.007227675000000006,True,0.6917853943349618,False,True,outside_p10_p90
3c4d4f78-2d0e-474a-b884-65a9daca18fb,2025-10-08 00:00:00+00:00,2025-10-08 07:00:00+00:00,8,0.3395,0.348,0.348,0.348,-0.008499999999999952,-0.002875000000000044,0.007227675000000068,True,0.7782585686268205,False,True,outside_p10_p90
3c4d4f78-2d0e-474a-b884-65a9daca18fb,2025-10-08 00:00:00+00:00,2025-10-08 08:00:00+00:00,9,0.339,0.348,0.348,0.348,-0.008999999999999952,-0.0030000000000000027,0.006115725000000005,True,0.981077468329584,False,True,outside_p10_p90
3c4d4f78-2d0e-474a-b884-65a9daca18fb,2025-10-08 00:00:00+00:00,2025-10-08 09:00:00+00:00,10,0.33925,0.348,0.348,0.348,-0.00874999999999998,-0.0030000000000000027,0.007413000000000006,True,0.7756643733980807,False,True,outside_p10_p90
3c4d4f78-2d0e-474a-b884-65a9daca18fb,2025-10-08 00:00:00+00:00,2025-10-08 10:00:00+00:00,11,0.33775,0.3492499999999999,0.3492499999999999,0.3492499999999999,-0.0114999999999999,-0.0030000000000000027,0.007413000000000006,True,1.1466342911101968,False,True,outside_p10_p90
3c4d4f78-2d0e-474a-b884-65a9daca18fb,2025-10-08 00:00:00+00:00,2025-10-08 11:00:00+00:00,12,0.33775,0.35,0.35,0.35,-0.012249999999999983,-0.0027499999999999886,0.007783650000000027,True,1.220507088576691,False,True,outside_p10_p90
3c4d4f78-2d0e-474a-b884-65a9daca18fb,2025-10-08 00:00:00+00:00,2025-10-08 12:00:00+00:00,13,0.33775,0.35,0.35,0.35,-0.012249999999999983,-0.0027500000000000024,0.007227675000000006,True,1.3143922492364382,False,True,outside_p10_p90
3c4d4f78-2d0e-474a-b884-65a9daca18fb,2025-10-08 00:00:00+00:00,2025-10-08 13:00:00+00:00,14,0.3375,0.34925,0.34925,0.34925,-0.011749999999999983,-0.0027500000000000024,0.009266249999999986,True,0.9712666936462964,False,True,outside_p10_p90
3c4d4f78-2d0e-474a-b884-65a9daca18fb,2025-10-08 00:00:00+00:00,2025-10-08 14:00:00+00:00,15,0.338,0.35,0.35,0.35,-0.011999999999999955,-0.002250000000000002,0.009080924999999967,True,1.0736791681464155,False,True,outside_p10_p90
3c4d4f78-2d0e-474a-b884-65a9daca18fb,2025-10-08 00:00:00+00:00,2025-10-08 15:00:00+00:00,16,0.33825,0.35075,0.35075,0.35075,-0.012500000000000011,-0.002250000000000002,0.0077836500000000065,True,1.3168629113590669,False,True,outside_p10_p90
3c4d4f78-2d0e-474a-b884-65a9daca18fb,2025-10-08 00:00:00+00:00,2025-10-08 16:00:00+00:00,17,0.34,0.3495,0.3495,0.3495,-0.009499999999999953,-0.0030000000000000027,0.009080925000000007,True,0.7157861120976051,False,True,outside_p10_p90
3c4d4f78-2d0e-474a-b884-65a9daca18fb,2025-10-08 00:00:00+00:00,2025-10-08 17:00:00+00:00,18,0.339,0.3484999999999999,0.3484999999999999,0.3484999999999999,-0.009499999999999897,-0.0025000000000000022,0.009822224999999988,True,0.7126694817111096,False,True,outside_p10_p90
3c4d4f78-2d0e-474a-b884-65a9daca18fb,2025-10-08 00:00:00+00:00,2025-10-08 18:00:00+00:00,19,0.338,0.34775,0.34775,0.34775,-0.009749999999999981,-0.0022500000000000436,0.008895599999999863,True,0.8431134493457499,False,True,outside_p10_p90
3c4d4f78-2d0e-474a-b884-65a9daca18fb,2025-10-08 00:00:00+00:00,2025-10-08 19:00:00+00:00,20,0.33725,0.3472499999999999,0.3472499999999999,0.3472499999999999,-0.009999999999999898,-0.0030000000000000027,0.0077836500000000065,True,0.8993210126354461,False,True,outside_p10_p90
3c4d4f78-2d0e-474a-b884-65a9daca18fb,2025-10-08 00:00:00+00:00,2025-10-08 20:00:00+00:00,21,0.337,0.3472499999999999,0.3472499999999999,0.3472499999999999,-0.01024999999999987,-0.0025000000000000022,0.008339624999999925,True,0.9292983797233014,False,True,outside_p10_p90
3c4d4f78-2d0e-474a-b884-65a9daca18fb,2025-10-08 00:00:00+00:00,2025-10-08 21:00:00+00:00,22,0.337,0.3465,0.3465,0.3465,-0.009499999999999953,-0.002375000000000002,0.007042350000000006,True,1.011736139214885,False,True,outside_p10_p90
3c4d4f78-2d0e-474a-b884-65a9daca18fb,2025-10-08 00:00:00+00:00,2025-10-08 22:00:00+00:00,23,0.335,0.3455,0.3455,0.3455,-0.010499999999999954,-0.002125000000000002,0.0075983250000000065,True,1.1022166069495507,False,True,outside_p10_p90
3c4d4f78-2d0e-474a-b884-65a9daca18fb,2025-10-08 00:00:00+00:00,2025-10-08 23:00:00+00:00,24,0.335,0.34525,0.34525,0.34525,-0.010249999999999981,-0.002375000000000002,0.008339625000000007,True,0.94428706326723,False,True,outside_p10_p90
3c4d4f78-2d0e-474a-b884-65a9daca18fb,2025-10-09 00:00:00+00:00,2025-10-09 00:00:00+00:00,1,0.33525,0.346,0.346,0.346,-0.010749999999999982,-0.0028750000000000026,0.009080924999999986,True,0.8672024050413357,False,True,outside_p10_p90
3c4d4f78-2d0e-474a-b884-65a9daca18fb,2025-10-09 00:00:00+00:00,2025-10-09 01:00:00+00:00,2,0.33425,0.3457499999999999,0.3457499999999999,0.3457499999999999,-0.0114999999999999,-0.0025000000000000022,0.008710274999999986,True,1.033262440049242,False,True,outside_p10_p90
3c4d4f78-2d0e-474a-b884-65a9daca18fb,2025-10-09 00:00:00+00:00,2025-10-09 02:00:00+00:00,3,0.33225,0.3434999999999999,0.3434999999999999,0.3434999999999999,-0.011249999999999927,-0.0026249999999999885,0.009080924999999986,True,0.9497931102833633,False,True,outside_p10_p90
3c4d4f78-2d0e-474a-b884-65a9daca18fb,2025-10-09 00:00:00+00:00,2025-10-09 03:00:00+00:00,4,0.3315,0.343,0.343,0.343,-0.01150000000000001,-0.002500000000000044,0.008154300000000048,True,1.1037121518707815,False,True,outside_p10_p90
3c4d4f78-2d0e-474a-b884-65a9daca18fb,2025-10-09 00:00:00+00:00,2025-10-09 04:00:00+00:00,5,0.331,0.342,0.342,0.342,-0.01100000000000001,-0.002749999999999947,0.006857024999999985,True,1.2031456790663706,False,True,outside_p10_p90
3c4d4f78-2d0e-474a-b884-65a9daca18fb,2025-10-09 00:00:00+00:00,2025-10-09 05:00:00+00:00,6,0.33,0.341,0.341,0.341,-0.01100000000000001,-0.0027500000000000024,0.007042350000000006,True,1.1714839506698758,False,True,outside_p10_p90
3c4d4f78-2d0e-474a-b884-65a9daca18fb,2025-10-09 00:00:00+00:00,2025-10-09 06:00:00+00:00,7,0.33,0.3405,0.3405,0.3405,-0.01050000000000001,-0.0025000000000000022,0.007227675000000006,True,1.106856630935951,False,True,outside_p10_p90
3c4d4f78-2d0e-474a-b884-65a9daca18fb,2025-10-09 00:00:00+00:00,2025-10-09 07:00:00+00:00,8,0.3295,0.3395,0.3395,0.3395,-0.010000000000000009,-0.002875000000000044,0.007227675000000068,True,0.9857941869273172,False,True,outside_p10_p90
3c4d4f78-2d0e-474a-b884-65a9daca18fb,2025-10-09 00:00:00+00:00,2025-10-09 08:00:00+00:00,9,0.3295,0.339,0.339,0.339,-0.009500000000000008,-0.0030000000000000027,0.006115725000000005,True,1.062833924023726,False,True,outside_p10_p90
3c4d4f78-2d0e-474a-b884-65a9daca18fb,2025-10-09 00:00:00+00:00,2025-10-09 09:00:00+00:00,10,0.3295,0.33925,0.33925,0.33925,-0.009749999999999981,-0.0030000000000000027,0.007413000000000006,True,0.9105625252933998,False,True,outside_p10_p90
3c4d4f78-2d0e-474a-b884-65a9daca18fb,2025-10-09 00:00:00+00:00,2025-10-09 10:00:00+00:00,11,0.32925,0.33775,0.33775,0.33775,-0.008500000000000008,-0.0030000000000000027,0.007413000000000006,True,0.7419398354242547,False,True,outside_p10_p90
3c4d4f78-2d0e-474a-b884-65a9daca18fb,2025-10-09 00:00:00+00:00,2025-10-09 11:00:00+00:00,12,0.33,0.33775,0.33775,0.33775,-0.007749999999999979,-0.0027499999999999886,0.007783650000000027,True,0.6423721518824681,False,True,outside_p10_p90
3c4d4f78-2d0e-474a-b884-65a9daca18fb,2025-10-09 00:00:00+00:00,2025-10-09 12:00:00+00:00,13,0.3295,0.33775,0.33775,0.33775,-0.00824999999999998,-0.0027500000000000024,0.007227675000000006,True,0.7609639337684625,False,True,outside_p10_p90
3c4d4f78-2d0e-474a-b884-65a9daca18fb,2025-10-09 00:00:00+00:00,2025-10-09 13:00:00+00:00,14,0.32925,0.3375,0.3375,0.3375,-0.008250000000000035,-0.0027500000000000024,0.009266249999999986,True,0.5935518683394081,False,True,outside_p10_p90
3c4d4f78-2d0e-474a-b884-65a9daca18fb,2025-10-09 00:00:00+00:00,2025-10-09 14:00:00+00:00,15,0.3295,0.338,0.338,0.338,-0.008500000000000008,-0.002250000000000002,0.009080924999999967,True,0.6882558770169369,False,True,outside_p10_p90
3c4d4f78-2d0e-474a-b884-65a9daca18fb,2025-10-09 00:00:00+00:00,2025-10-09 15:00:00+00:00,16,0.32975,0.33825,0.33825,0.33825,-0.008500000000000008,-0.002250000000000002,0.0077836500000000065,True,0.8029651898530895,False,True,outside_p10_p90
3c4d4f78-2d0e-474a-b884-65a9daca18fb,2025-10-09 00:00:00+00:00,2025-10-09 16:00:00+00:00,17,0.33025,0.34,0.34,0.34,-0.009750000000000036,-0.0030000000000000027,0.009080925000000007,True,0.7433163471782916,False,True,outside_p10_p90
3c4d4f78-2d0e-474a-b884-65a9daca18fb,2025-10-09 00:00:00+00:00,2025-10-09 17:00:00+00:00,18,0.32875,0.339,0.339,0.339,-0.010250000000000037,-0.0025000000000000022,0.009822224999999988,True,0.7890269261801724,False,True,outside_p10_p90
3c4d4f78-2d0e-474a-b884-65a9daca18fb,2025-10-09 00:00:00+00:00,2025-10-09 18:00:00+00:00,19,0.32775,0.338,0.338,0.338,-0.010250000000000037,-0.0022500000000000436,0.008895599999999863,True,0.8993210126354734,False,True,outside_p10_p90
3c4d4f78-2d0e-474a-b884-65a9daca18fb,2025-10-09 00:00:00+00:00,2025-10-09 19:00:00+00:00,20,0.32725,0.33725,0.33725,0.33725,-0.010000000000000009,-0.0030000000000000027,0.0077836500000000065,True,0.8993210126354603,False,True,outside_p10_p90
3c4d4f78-2d0e-474a-b884-65a9daca18fb,2025-10-09 00:00:00+00:00,2025-10-09 20:00:00+00:00,21,0.327,0.337,0.337,0.337,-0.010000000000000009,-0.0025000000000000022,0.008339624999999925,True,0.899321012635469,False,True,outside_p10_p90
3c4d4f78-2d0e-474a-b884-65a9daca18fb,2025-10-09 00:00:00+00:00,2025-10-09 21:00:00+00:00,22,0.327,0.337,0.337,0.337,-0.010000000000000009,-0.002375000000000002,0.007042350000000006,True,1.0827351665282186,False,True,outside_p10_p90
3c4d4f78-2d0e-474a-b884-65a9daca18fb,2025-10-09 00:00:00+00:00,2025-10-09 22:00:00+00:00,23,0.32625,0.335,0.335,0.335,-0.008750000000000036,-0.002125000000000002,0.0075983250000000065,True,0.8719026890795047,False,True,outside_p10_p90
3c4d4f78-2d0e-474a-b884-65a9daca18fb,2025-10-09 00:00:00+00:00,2025-10-09 23:00:00+00:00,24,0.32575,0.335,0.335,0.335,-0.009250000000000036,-0.002375000000000002,0.008339625000000007,True,0.824377594915842,False,True,outside_p10_p90
3c4d4f78-2d0e-474a-b884-65a9daca18fb,2025-10-10 00:00:00+00:00,2025-10-10 00:00:00+00:00,1,0.324,0.33525,0.33525,0.33525,-0.011249999999999982,-0.0028750000000000026,0.009080924999999986,True,0.9222628752026906,False,True,outside_p10_p90
3c4d4f78-2d0e-474a-b884-65a9daca18fb,2025-10-10 00:00:00+00:00,2025-10-10 01:00:00+00:00,2,0.3235,0.33425,0.33425,0.33425,-0.010749999999999982,-0.0025000000000000022,0.008710274999999986,True,0.9471572367118136,False,True,outside_p10_p90
3c4d4f78-2d0e-474a-b884-65a9daca18fb,2025-10-10 00:00:00+00:00,2025-10-10 02:00:00+00:00,3,0.323,0.33225,0.33225,0.33225,-0.00924999999999998,-0.0026249999999999885,0.009080924999999986,True,0.72955122963795,False,True,outside_p10_p90
3c4d4f78-2d0e-474a-b884-65a9daca18fb,2025-10-10 00:00:00+00:00,2025-10-10 03:00:00+00:00,4,0.323,0.3315,0.3315,0.3315,-0.008500000000000008,-0.002500000000000044,0.008154300000000048,True,0.7358081012471859,False,True,outside_p10_p90
3c4d4f78-2d0e-474a-b884-65a9daca18fb,2025-10-10 00:00:00+00:00,2025-10-10 04:00:00+00:00,5,0.32175,0.331,0.331,0.331,-0.009250000000000036,-0.002749999999999947,0.006857024999999985,True,0.947932959264419,False,True,outside_p10_p90
3c4d4f78-2d0e-474a-b884-65a9daca18fb,2025-10-10 00:00:00+00:00,2025-10-10 05:00:00+00:00,6,0.32175,0.33,0.33,0.33,-0.008250000000000035,-0.0027500000000000024,0.007042350000000006,True,0.7809893004465879,False,True,outside_p10_p90
3c4d4f78-2d0e-474a-b884-65a9daca18fb,2025-10-10 00:00:00+00:00,2025-10-10 06:00:00+00:00,7,0.32525,0.33,0.33,0.33,-0.004750000000000032,-0.0025000000000000022,0.007227675000000006,True,0.3113034274507401,False,True,outside_p10_p90
3c4d4f78-2d0e-474a-b884-65a9daca18fb,2025-10-10 00:00:00+00:00,2025-10-10 07:00:00+00:00,8,0.3245,0.3295,0.3295,0.3295,-0.0050000000000000044,-0.002875000000000044,0.007227675000000068,True,0.29400879259235374,False,True,outside_p10_p90
3c4d4f78-2d0e-474a-b884-65a9daca18fb,2025-10-10 00:00:00+00:00,2025-10-10 08:00:00+00:00,9,0.3215,0.3295,0.3295,0.3295,-0.008000000000000007,-0.0030000000000000027,0.006115725000000005,True,0.8175645569413276,False,True,outside_p10_p90
3c4d4f78-2d0e-474a-b884-65a9daca18fb,2025-10-10 00:00:00+00:00,2025-10-10 09:00:00+00:00,10,0.31975,0.3295,0.3295,0.3295,-0.009750000000000036,-0.0030000000000000027,0.007413000000000006,True,0.9105625252934072,False,True,outside_p10_p90
3c4d4f78-2d0e-474a-b884-65a9daca18fb,2025-10-10 00:00:00+00:00,2025-10-10 10:00:00+00:00,11,0.3195,0.32925,0.32925,0.32925,-0.009749999999999981,-0.0030000000000000027,0.007413000000000006,True,0.9105625252933998,False,True,outside_p10_p90
3c4d4f78-2d0e-474a-b884-65a9daca18fb,2025-10-10 00:00:00+00:00,2025-10-10 11:00:00+00:00,12,0.31975,0.33,0.33,0.33,-0.010250000000000037,-0.0027499999999999886,0.007783650000000027,True,0.9635582278237103,False,True,outside_p10_p90
3c4d4f78-2d0e-474a-b884-65a9daca18fb,2025-10-10 00:00:00+00:00,2025-10-10 12:00:00+00:00,13,0.31925,0.3295,0.3295,0.3295,-0.010250000000000037,-0.0027500000000000024,0.007227675000000006,True,1.037678091502458,False,True,outside_p10_p90
3c4d4f78-2d0e-474a-b884-65a9daca18fb,2025-10-10 00:00:00+00:00,2025-10-10 13:00:00+00:00,14,0.31925,0.32925,0.32925,0.32925,-0.010000000000000009,-0.0027500000000000024,0.009266249999999986,True,0.7824092809928522,False,True,outside_p10_p90
3c4d4f78-2d0e-474a-b884-65a9daca18fb,2025-10-10 00:00:00+00:00,2025-10-10 14:00:00+00:00,15,0.31975,0.3295,0.3295,0.3295,-0.009750000000000036,-0.002250000000000002,0.009080924999999967,True,0.8259070524203274,False,True,outside_p10_p90
3c4d4f78-2d0e-474a-b884-65a9daca18fb,2025-10-10 00:00:00+00:00,2025-10-10 15:00:00+00:00,16,0.3195,0.32975,0.32975,0.32975,-0.010249999999999981,-0.002250000000000002,0.0077836500000000065,True,1.0277954430119511,False,True,outside_p10_p90
3c4d4f78-2d0e-474a-b884-65a9daca18fb,2025-10-10 00:00:00+00:00,2025-10-10 16:00:00+00:00,17,0.319,0.33025,0.33025,0.33025,-0.011249999999999982,-0.0030000000000000027,0.009080925000000007,True,0.9084977576623497,False,True,outside_p10_p90
3c4d4f78-2d0e-474a-b884-65a9daca18fb,2025-10-10 00:00:00+00:00,2025-10-10 17:00:00+00:00,18,0.318,0.32875,0.32875,0.32875,-0.010749999999999982,-0.0025000000000000022,0.009822224999999988,True,0.8399318891595325,False,True,outside_p10_p90
3c4d4f78-2d0e-474a-b884-65a9daca18fb,2025-10-10 00:00:00+00:00,2025-10-10 18:00:00+00:00,19,0.31825,0.32775,0.32775,0.32775,-0.009500000000000008,-0.0022500000000000436,0.008895599999999863,True,0.8150096677008944,False,True,outside_p10_p90
3c4d4f78-2d0e-474a-b884-65a9daca18fb,2025-10-10 00:00:00+00:00,2025-10-10 19:00:00+00:00,20,0.318,0.32725,0.32725,0.32725,-0.00924999999999998,-0.0030000000000000027,0.0077836500000000065,True,0.802965189853086,False,True,outside_p10_p90
3c4d4f78-2d0e-474a-b884-65a9daca18fb,2025-10-10 00:00:00+00:00,2025-10-10 20:00:00+00:00,21,0.3175,0.327,0.327,0.327,-0.009500000000000008,-0.0025000000000000022,0.008339624999999925,True,0.8393662784597712,False,True,outside_p10_p90
3c4d4f78-2d0e-474a-b884-65a9daca18fb,2025-10-10 00:00:00+00:00,2025-10-10 21:00:00+00:00,22,0.317,0.327,0.327,0.327,-0.010000000000000009,-0.002375000000000002,0.007042350000000006,True,1.0827351665282186,False,True,outside_p10_p90
3c4d4f78-2d0e-474a-b884-65a9daca18fb,2025-10-10 00:00:00+00:00,2025-10-10 22:00:00+00:00,23,0.31525,0.32625,0.32625,0.32625,-0.01100000000000001,-0.002125000000000002,0.0075983250000000065,True,1.16802058348386,False,True,outside_p10_p90
3c4d4f78-2d0e-474a-b884-65a9daca18fb,2025-10-10 00:00:00+00:00,2025-10-10 23:00:00+00:00,24,0.314,0.32575,0.32575,0.32575,-0.011749999999999983,-0.002375000000000002,0.008339625000000007,True,1.124151265794322,False,True,outside_p10_p90
3c4d4f78-2d0e-474a-b884-65a9daca18fb,2025-10-11 00:00:00+00:00,2025-10-11 00:00:00+00:00,1,0.31475,0.324,0.324,0.324,-0.009250000000000036,-0.0028750000000000026,0.009080924999999986,True,0.7020209945572773,False,True,outside_p10_p90
3c4d4f78-2d0e-474a-b884-65a9daca18fb,2025-10-11 00:00:00+00:00,2025-10-11 01:00:00+00:00,2,0.31525,0.3235,0.3235,0.3235,-0.008250000000000035,-0.0025000000000000022,0.008710274999999986,True,0.6601398922536937,False,True,outside_p10_p90
3c4d4f78-2d0e-474a-b884-65a9daca18fb,2025-10-11 00:00:00+00:00,2025-10-11 02:00:00+00:00,3,0.3145,0.323,0.323,0.323,-0.008500000000000008,-0.0026249999999999885,0.009080924999999986,True,0.6469605243959209,False,True,outside_p10_p90
3c4d4f78-2d0e-474a-b884-65a9daca18fb,2025-10-11 00:00:00+00:00,2025-10-11 03:00:00+00:00,4,0.314,0.323,0.323,0.323,-0.009000000000000008,-0.002500000000000044,0.008154300000000048,True,0.7971254430177852,False,True,outside_p10_p90
3c4d4f78-2d0e-474a-b884-65a9daca18fb,2025-10-11 00:00:00+00:00,2025-10-11 04:00:00+00:00,5,0.3135,0.32175,0.32175,0.32175,-0.00824999999999998,-0.002749999999999947,0.006857024999999985,True,0.8020971193775791,False,True,outside_p10_p90
3c4d4f78-2d0e-474a-b884-65a9daca18fb,2025-10-11 00:00:00+00:00,2025-10-11 05:00:00+00:00,6,0.31275,0.32175,0.32175,0.32175,-0.009000000000000008,-0.0027500000000000024,0.007042350000000006,True,0.8874878414165726,False,True,outside_p10_p90
3c4d4f78-2d0e-474a-b884-65a9daca18fb,2025-10-11 00:00:00+00:00,2025-10-11 06:00:00+00:00,7,0.3117499999999999,0.32525,0.32525,0.32525,-0.013500000000000068,-0.0025000000000000022,0.007227675000000006,True,1.5219278675369403,False,True,outside_p10_p90
3c4d4f78-2d0e-474a-b884-65a9daca18fb,2025-10-11 00:00:00+00:00,2025-10-11 07:00:00+00:00,8,0.3117499999999999,0.3245,0.3245,0.3245,-0.012750000000000095,-0.002875000000000044,0.007227675000000068,True,1.3662761538115586,False,True,outside_p10_p90
3c4d4f78-2d0e-474a-b884-65a9daca18fb,2025-10-11 00:00:00+00:00,2025-10-11 08:00:00+00:00,9,0.311,0.3215,0.3215,0.3215,-0.01050000000000001,-0.0030000000000000027,0.006115725000000005,True,1.2263468354119913,False,True,outside_p10_p90
3c4d4f78-2d0e-474a-b884-65a9daca18fb,2025-10-11 00:00:00+00:00,2025-10-11 09:00:00+00:00,10,0.3107499999999999,0.31975,0.31975,0.31975,-0.009000000000000064,-0.0030000000000000027,0.007413000000000006,True,0.8093889113719217,False,True,outside_p10_p90
3c4d4f78-2d0e-474a-b884-65a9daca18fb,2025-10-11 00:00:00+00:00,2025-10-11 10:00:00+00:00,11,0.3107499999999999,0.3195,0.3195,0.3195,-0.008750000000000091,-0.0030000000000000027,0.007413000000000006,True,0.7756643733980957,False,True,outside_p10_p90
3c4d4f78-2d0e-474a-b884-65a9daca18fb,2025-10-11 00:00:00+00:00,2025-10-11 11:00:00+00:00,12,0.311,0.31975,0.31975,0.31975,-0.00874999999999998,-0.0027499999999999886,0.007783650000000027,True,0.7708465822589621,False,True,outside_p10_p90
3c4d4f78-2d0e-474a-b884-65a9daca18fb,2025-10-11 00:00:00+00:00,2025-10-11 12:00:00+00:00,13,0.311,0.31925,0.31925,0.31925,-0.00824999999999998,-0.0027500000000000024,0.007227675000000006,True,0.7609639337684625,False,True,outside_p10_p90
3c4d4f78-2d0e-474a-b884-65a9daca18fb,2025-10-11 00:00:00+00:00,2025-10-11 13:00:00+00:00,14,0.311,0.31925,0.31925,0.31925,-0.00824999999999998,-0.0027500000000000024,0.009266249999999986,True,0.5935518683394022,False,True,outside_p10_p90
3c4d4f78-2d0e-474a-b884-65a9daca18fb,2025-10-11 00:00:00+00:00,2025-10-11 14:00:00+00:00,15,0.3107499999999999,0.31975,0.31975,0.31975,-0.009000000000000064,-0.002250000000000002,0.009080924999999967,True,0.743316347178298,False,True,outside_p10_p90
3c4d4f78-2d0e-474a-b884-65a9daca18fb,2025-10-11 00:00:00+00:00,2025-10-11 15:00:00+00:00,16,0.3112499999999999,0.3195,0.3195,0.3195,-0.00825000000000009,-0.002250000000000002,0.0077836500000000065,True,0.7708465822589766,False,True,outside_p10_p90
3c4d4f78-2d0e-474a-b884-65a9daca18fb,2025-10-11 00:00:00+00:00,2025-10-11 16:00:00+00:00,17,0.3105,0.319,0.319,0.319,-0.008500000000000008,-0.0030000000000000027,0.009080925000000007,True,0.6056651717749019,False,True,outside_p10_p90
3c4d4f78-2d0e-474a-b884-65a9daca18fb,2025-10-11 00:00:00+00:00,2025-10-11 17:00:00+00:00,18,0.3092499999999999,0.318,0.318,0.318,-0.008750000000000091,-0.0025000000000000022,0.009822224999999988,True,0.6363120372420807,False,True,outside_p10_p90
3c4d4f78-2d0e-474a-b884-65a9daca18fb,2025-10-11 00:00:00+00:00,2025-10-11 18:00:00+00:00,19,0.309,0.31825,0.31825,0.31825,-0.00924999999999998,-0.0022500000000000436,0.008895599999999863,True,0.7869058860560327,False,True,outside_p10_p90
3c4d4f78-2d0e-474a-b884-65a9daca18fb,2025-10-11 00:00:00+00:00,2025-10-11 19:00:00+00:00,20,0.30875,0.318,0.318,0.318,-0.00924999999999998,-0.0030000000000000027,0.0077836500000000065,True,0.802965189853086,False,True,outside_p10_p90
3c4d4f78-2d0e-474a-b884-65a9daca18fb,2025-10-11 00:00:00+00:00,2025-10-11 20:00:00+00:00,21,0.3085,0.3175,0.3175,0.3175,-0.009000000000000008,-0.0025000000000000022,0.008339624999999925,True,0.7794115442840732,False,True,outside_p10_p90
3c4d4f78-2d0e-474a-b884-65a9daca18fb,2025-10-11 00:00:00+00:00,2025-10-11 21:00:00+00:00,22,0.3077499999999999,0.317,0.317,0.317,-0.009250000000000091,-0.002375000000000002,0.007042350000000006,True,0.9762366255582416,False,True,outside_p10_p90
3c4d4f78-2d0e-474a-b884-65a9daca18fb,2025-10-11 00:00:00+00:00,2025-10-11 22:00:00+00:00,23,0.307,0.31525,0.31525,0.31525,-0.00824999999999998,-0.002125000000000002,0.0075983250000000065,True,0.8060987125451955,False,True,outside_p10_p90
3c4d4f78-2d0e-474a-b884-65a9daca18fb,2025-10-11 00:00:00+00:00,2025-10-11 23:00:00+00:00,24,0.3067499999999999,0.314,0.314,0.314,-0.00725000000000009,-0.002375000000000002,0.008339625000000007,True,0.5845586582130592,False,True,outside_p10_p90
3c4d4f78-2d0e-474a-b884-65a9daca18fb,2025-10-12 00:00:00+00:00,2025-10-12 00:00:00+00:00,1,0.3067499999999999,0.31475,0.31475,0.31475,-0.008000000000000063,-0.0028750000000000026,0.009080924999999986,True,0.5643698191538932,False,True,outside_p10_p90
3c4d4f78-2d0e-474a-b884-65a9daca18fb,2025-10-12 00:00:00+00:00,2025-10-12 01:00:00+00:00,2,0.307,0.31525,0.31525,0.31525,-0.00824999999999998,-0.0025000000000000022,0.008710274999999986,True,0.6601398922536873,False,True,outside_p10_p90
3c4d4f78-2d0e-474a-b884-65a9daca18fb,2025-10-12 00:00:00+00:00,2025-10-12 02:00:00+00:00,3,0.307,0.3145,0.3145,0.3145,-0.007500000000000007,-0.0026249999999999885,0.009080924999999986,True,0.5368395840732112,False,True,outside_p10_p90
3c4d4f78-2d0e-474a-b884-65a9daca18fb,2025-10-12 00:00:00+00:00,2025-10-12 03:00:00+00:00,4,0.3057499999999999,0.314,0.314,0.314,-0.00825000000000009,-0.002500000000000044,0.008154300000000048,True,0.7051494303618965,False,True,outside_p10_p90
3c4d4f78-2d0e-474a-b884-65a9daca18fb,2025-10-12 00:00:00+00:00,2025-10-12 04:00:00+00:00,5,0.305,0.3135,0.3135,0.3135,-0.008500000000000008,-0.002749999999999947,0.006857024999999985,True,0.8385560793492911,False,True,outside_p10_p90
3c4d4f78-2d0e-474a-b884-65a9daca18fb,2025-10-12 00:00:00+00:00,2025-10-12 05:00:00+00:00,6,0.3035,0.31275,0.31275,0.31275,-0.00924999999999998,-0.0027500000000000024,0.007042350000000006,True,0.9229873550732316,False,True,outside_p10_p90
3c4d4f78-2d0e-474a-b884-65a9daca18fb,2025-10-12 00:00:00+00:00,2025-10-12 06:00:00+00:00,7,0.303,0.3117499999999999,0.3117499999999999,0.3117499999999999,-0.008749999999999925,-0.0025000000000000022,0.007227675000000006,True,0.8647317429187003,False,True,outside_p10_p90
3c4d4f78-2d0e-474a-b884-65a9daca18fb,2025-10-12 00:00:00+00:00,2025-10-12 07:00:00+00:00,8,0.30225,0.3117499999999999,0.3117499999999999,0.3117499999999999,-0.009499999999999897,-0.002875000000000044,0.007227675000000068,True,0.9166156474938055,False,True,outside_p10_p90
3c4d4f78-2d0e-474a-b884-65a9daca18fb,2025-10-12 00:00:00+00:00,2025-10-12 08:00:00+00:00,9,0.3017499999999999,0.311,0.311,0.311,-0.009250000000000091,-0.0030000000000000027,0.006115725000000005,True,1.0219556961766731,False,True,outside_p10_p90
3c4d4f78-2d0e-474a-b884-65a9daca18fb,2025-10-12 00:00:00+00:00,2025-10-12 09:00:00+00:00,10,0.3015,0.3107499999999999,0.3107499999999999,0.3107499999999999,-0.009249999999999925,-0.0030000000000000027,0.007413000000000006,True,0.8431134493457327,False,True,outside_p10_p90
3c4d4f78-2d0e-474a-b884-65a9daca18fb,2025-10-12 00:00:00+00:00,2025-10-12 10:00:00+00:00,11,0.3015,0.3107499999999999,0.3107499999999999,0.3107499999999999,-0.009249999999999925,-0.0030000000000000027,0.007413000000000006,True,0.8431134493457327,False,True,outside_p10_p90
3c4d4f78-2d0e-474a-b884-65a9daca18fb,2025-10-12 00:00:00+00:00,2025-10-12 11:00:00+00:00,12,0.3025,0.311,0.311,0.311,-0.008500000000000008,-0.0027499999999999886,0.007783650000000027,True,0.7387279746648422,False,True,outside_p10_p90
3c4d4f78-2d0e-474a-b884-65a9daca18fb,2025-10-12 00:00:00+00:00,2025-10-12 12:00:00+00:00,13,0.303,0.311,0.311,0.311,-0.008000000000000007,-0.0027500000000000024,0.007227675000000006,True,0.7263746640517179,False,True,outside_p10_p90
3c4d4f78-2d0e-474a-b884-65a9daca18fb,2025-10-12 00:00:00+00:00,2025-10-12 13:00:00+00:00,14,0.303,0.311,0.311,0.311,-0.008000000000000007,-0.0027500000000000024,0.009266249999999986,True,0.5665722379603413,False,True,outside_p10_p90
3c4d4f78-2d0e-474a-b884-65a9daca18fb,2025-10-12 00:00:00+00:00,2025-10-12 14:00:00+00:00,15,0.3027499999999999,0.3107499999999999,0.3107499999999999,0.3107499999999999,-0.008000000000000007,-0.002250000000000002,0.009080924999999967,True,0.633195406855582,False,True,outside_p10_p90
3c4d4f78-2d0e-474a-b884-65a9daca18fb,2025-10-12 00:00:00+00:00,2025-10-12 15:00:00+00:00,16,0.3027499999999999,0.3112499999999999,0.3112499999999999,0.3112499999999999,-0.008500000000000008,-0.002250000000000002,0.0077836500000000065,True,0.8029651898530895,False,True,outside_p10_p90
3c4d4f78-2d0e-474a-b884-65a9daca18fb,2025-10-12 00:00:00+00:00,2025-10-12 16:00:00+00:00,17,0.30225,0.3105,0.3105,0.3105,-0.00824999999999998,-0.0030000000000000027,0.009080925000000007,True,0.5781349366942214,False,True,outside_p10_p90
3c4d4f78-2d0e-474a-b884-65a9daca18fb,2025-10-12 00:00:00+00:00,2025-10-12 17:00:00+00:00,18,0.3012499999999999,0.3092499999999999,0.3092499999999999,0.3092499999999999,-0.008000000000000007,-0.0025000000000000022,0.009822224999999988,True,0.5599545927730236,False,True,outside_p10_p90
3c4d4f78-2d0e-474a-b884-65a9daca18fb,2025-10-12 00:00:00+00:00,2025-10-12 18:00:00+00:00,19,0.301,0.309,0.309,0.309,-0.008000000000000007,-0.0022500000000000436,0.008895599999999863,True,0.6463869778317429,False,True,outside_p10_p90
3c4d4f78-2d0e-474a-b884-65a9daca18fb,2025-10-12 00:00:00+00:00,2025-10-12 19:00:00+00:00,20,0.301,0.30875,0.30875,0.30875,-0.007750000000000035,-0.0030000000000000027,0.0077836500000000065,True,0.6102535442883517,False,True,outside_p10_p90
3c4d4f78-2d0e-474a-b884-65a9daca18fb,2025-10-12 00:00:00+00:00,2025-10-12 20:00:00+00:00,21,0.3017499999999999,0.3085,0.3085,0.3085,-0.006750000000000089,-0.0025000000000000022,0.008339624999999925,True,0.5096152404934424,False,True,outside_p10_p90
3c4d4f78-2d0e-474a-b884-65a9daca18fb,2025-10-12 00:00:00+00:00,2025-10-12 21:00:00+00:00,22,0.301,0.3077499999999999,0.3077499999999999,0.3077499999999999,-0.006749999999999923,-0.002375000000000002,0.007042350000000006,True,0.621241488991589,False,True,outside_p10_p90
3c4d4f78-2d0e-474a-b884-65a9daca18fb,2025-10-12 00:00:00+00:00,2025-10-12 22:00:00+00:00,23,0.301,0.307,0.307,0.307,-0.006000000000000005,-0.002125000000000002,0.0075983250000000065,True,0.5099808181408403,False,True,outside_p10_p90
3c4d4f78-2d0e-474a-b884-65a9daca18fb,2025-10-12 00:00:00+00:00,2025-10-12 23:00:00+00:00,24,0.3005,0.3067499999999999,0.3067499999999999,0.3067499999999999,-0.006249999999999922,-0.002375000000000002,0.008339625000000007,True,0.4646491898616445,False,True,outside_p10_p90
3c4d4f78-2d0e-474a-b884-65a9daca18fb,2025-10-13 00:00:00+00:00,2025-10-13 00:00:00+00:00,1,0.3002499999999999,0.3067499999999999,0.3067499999999999,0.3067499999999999,-0.006500000000000006,-0.0028750000000000026,0.009080924999999986,True,0.3991884086698226,False,True,outside_p10_p90
3c4d4f78-2d0e-474a-b884-65a9daca18fb,2025-10-13 00:00:00+00:00,2025-10-13 01:00:00+00:00,2,0.301,0.307,0.307,0.307,-0.006000000000000005,-0.0025000000000000022,0.008710274999999986,True,0.40182428224137684,False,True,outside_p10_p90
3c4d4f78-2d0e-474a-b884-65a9daca18fb,2025-10-13 00:00:00+00:00,2025-10-13 02:00:00+00:00,3,0.30075,0.307,0.307,0.307,-0.006249999999999978,-0.0026249999999999885,0.009080924999999986,True,0.3991884086698211,False,True,outside_p10_p90
3c4d4f78-2d0e-474a-b884-65a9daca18fb,2025-10-13 00:00:00+00:00,2025-10-13 03:00:00+00:00,4,0.2992499999999999,0.3057499999999999,0.3057499999999999,0.3057499999999999,-0.006500000000000006,-0.002500000000000044,0.008154300000000048,True,0.49053873416478894,False,True,outside_p10_p90
3c4d4f78-2d0e-474a-b884-65a9daca18fb,2025-10-13 00:00:00+00:00,2025-10-13 04:00:00+00:00,5,0.299,0.305,0.305,0.305,-0.006000000000000005,-0.002749999999999947,0.006857024999999985,True,0.47396647963221156,False,True,outside_p10_p90
3c4d4f78-2d0e-474a-b884-65a9daca18fb,2025-10-13 00:00:00+00:00,2025-10-13 05:00:00+00:00,6,0.298,0.3035,0.3035,0.3035,-0.005500000000000005,-0.0027500000000000024,0.007042350000000006,True,0.39049465022329194,False,True,outside_p10_p90
3c4d4f78-2d0e-474a-b884-65a9daca18fb,2025-10-13 00:00:00+00:00,2025-10-13 06:00:00+00:00,7,0.2975,0.303,0.303,0.303,-0.005500000000000005,-0.0025000000000000022,0.007227675000000006,True,0.41507123660098166,False,True,outside_p10_p90
3c4d4f78-2d0e-474a-b884-65a9daca18fb,2025-10-13 00:00:00+00:00,2025-10-13 07:00:00+00:00,8,0.296,0.30225,0.30225,0.30225,-0.006250000000000033,-0.002875000000000044,0.007227675000000068,True,0.46695514117609843,False,True,outside_p10_p90
3c4d4f78-2d0e-474a-b884-65a9daca18fb,2025-10-13 00:00:00+00:00,2025-10-13 08:00:00+00:00,9,0.296,0.3017499999999999,0.3017499999999999,0.3017499999999999,-0.005749999999999922,-0.0030000000000000027,0.006115725000000005,True,0.44966050631771654,False,True,outside_p10_p90
3c4d4f78-2d0e-474a-b884-65a9daca18fb,2025-10-13 00:00:00+00:00,2025-10-13 09:00:00+00:00,10,0.296,0.3015,0.3015,0.3015,-0.005500000000000005,-0.0030000000000000027,0.007413000000000006,True,0.3372453797382976,False,True,outside_p10_p90
3c4d4f78-2d0e-474a-b884-65a9daca18fb,2025-10-13 00:00:00+00:00,2025-10-13 10:00:00+00:00,11,0.296,0.3015,0.3015,0.3015,-0.005500000000000005,-0.0030000000000000027,0.007413000000000006,True,0.3372453797382976,False,True,outside_p10_p90
3c4d4f78-2d0e-474a-b884-65a9daca18fb,2025-10-13 00:00:00+00:00,2025-10-13 11:00:00+00:00,12,0.296,0.3025,0.3025,0.3025,-0.006500000000000006,-0.0027499999999999886,0.007783650000000027,True,0.4817791139118542,False,True,outside_p10_p90
3c4d4f78-2d0e-474a-b884-65a9daca18fb,2025-10-13 00:00:00+00:00,2025-10-13 12:00:00+00:00,13,0.296,0.303,0.303,0.303,-0.007000000000000006,-0.0027500000000000024,0.007227675000000006,True,0.588017585184724,False,True,outside_p10_p90
3c4d4f78-2d0e-474a-b884-65a9daca18fb,2025-10-13 00:00:00+00:00,2025-10-13 13:00:00+00:00,14,0.296,0.303,0.303,0.303,-0.007000000000000006,-0.0027500000000000024,0.009266249999999986,True,0.4586537164440858,False,True,outside_p10_p90
3c4d4f78-2d0e-474a-b884-65a9daca18fb,2025-10-13 00:00:00+00:00,2025-10-13 14:00:00+00:00,15,0.295,0.3027499999999999,0.3027499999999999,0.3027499999999999,-0.007749999999999924,-0.002250000000000002,0.009080924999999967,True,0.6056651717748953,False,True,outside_p10_p90
3c4d4f78-2d0e-474a-b884-65a9daca18fb,2025-10-13 00:00:00+00:00,2025-10-13 15:00:00+00:00,16,0.29575,0.3027499999999999,0.3027499999999999,0.3027499999999999,-0.006999999999999895,-0.002250000000000002,0.0077836500000000065,True,0.6102535442883338,False,True,outside_p10_p90
3c4d4f78-2d0e-474a-b884-65a9daca18fb,2025-10-13 00:00:00+00:00,2025-10-13 16:00:00+00:00,17,0.2975,0.30225,0.30225,0.30225,-0.004750000000000032,-0.0030000000000000027,0.009080925000000007,True,0.19271164556474454,False,True,outside_p10_p90
3c4d4f78-2d0e-474a-b884-65a9daca18fb,2025-10-13 00:00:00+00:00,2025-10-13 17:00:00+00:00,18,0.2985,0.3012499999999999,0.3012499999999999,0.3012499999999999,-0.002749999999999919,-0.0025000000000000022,0.009822224999999988,True,0.02545248148967441,False,True,outside_p10_p90
3c4d4f78-2d0e-474a-b884-65a9daca18fb,2025-10-13 00:00:00+00:00,2025-10-13 18:00:00+00:00,19,0.2972499999999999,0.301,0.301,0.301,-0.0037500000000000866,-0.0022500000000000436,0.008895599999999863,True,0.1686226898691562,False,True,outside_p10_p90
3c4d4f78-2d0e-474a-b884-65a9daca18fb,2025-10-13 00:00:00+00:00,2025-10-13 19:00:00+00:00,20,0.297,0.301,0.301,0.301,-0.0040000000000000036,-0.0030000000000000027,0.0077836500000000065,True,0.12847443037649434,False,True,outside_p10_p90
3c4d4f78-2d0e-474a-b884-65a9daca18fb,2025-10-13 00:00:00+00:00,2025-10-13 20:00:00+00:00,21,0.2965,0.3017499999999999,0.3017499999999999,0.3017499999999999,-0.005249999999999921,-0.0025000000000000022,0.008339624999999925,True,0.3297510379663287,False,True,outside_p10_p90
3c4d4f78-2d0e-474a-b884-65a9daca18fb,2025-10-13 00:00:00+00:00,2025-10-13 21:00:00+00:00,22,0.295,0.301,0.301,0.301,-0.006000000000000005,-0.002375000000000002,0.007042350000000006,True,0.5147429480216121,False,True,outside_p10_p90
3c4d4f78-2d0e-474a-b884-65a9daca18fb,2025-10-13 00:00:00+00:00,2025-10-13 22:00:00+00:00,23,0.294,0.301,0.301,0.301,-0.007000000000000006,-0.002125000000000002,0.0075983250000000065,True,0.6415887712094442,False,True,outside_p10_p90
3c4d4f78-2d0e-474a-b884-65a9daca18fb,2025-10-13 00:00:00+00:00,2025-10-13 23:00:00+00:00,24,0.2932499999999999,0.3005,0.3005,0.3005,-0.00725000000000009,-0.002375000000000002,0.008339625000000007,True,0.5845586582130592,False,True,outside_p10_p90
3c4d4f78-2d0e-474a-b884-65a9daca18fb,2025-10-14 00:00:00+00:00,2025-10-14 00:00:00+00:00,1,0.2932499999999999,0.3002499999999999,0.3002499999999999,0.3002499999999999,-0.007000000000000006,-0.0028750000000000026,0.009080924999999986,True,0.4542488788311774,False,True,outside_p10_p90
3c4d4f78-2d0e-474a-b884-65a9daca18fb,2025-10-14 00:00:00+00:00,2025-10-14 01:00:00+00:00,2,0.2935,0.301,0.301,0.301,-0.007500000000000007,-0.0025000000000000022,0.008710274999999986,True,0.5740346889162526,False,True,outside_p10_p90
3c4d4f78-2d0e-474a-b884-65a9daca18fb,2025-10-14 00:00:00+00:00,2025-10-14 02:00:00+00:00,3,0.29275,0.30075,0.30075,0.30075,-0.008000000000000007,-0.0026249999999999885,0.009080924999999986,True,0.591900054234566,False,True,outside_p10_p90
3c4d4f78-2d0e-474a-b884-65a9daca18fb,2025-10-14 00:00:00+00:00,2025-10-14 03:00:00+00:00,4,0.292,0.2992499999999999,0.2992499999999999,0.2992499999999999,-0.007249999999999923,-0.002500000000000044,0.008154300000000048,True,0.5825147468206776,False,True,outside_p10_p90
3c4d4f78-2d0e-474a-b884-65a9daca18fb,2025-10-14 00:00:00+00:00,2025-10-14 04:00:00+00:00,5,0.291,0.299,0.299,0.299,-0.008000000000000007,-0.002749999999999947,0.006857024999999985,True,0.7656381594058752,False,True,outside_p10_p90
3c4d4f78-2d0e-474a-b884-65a9daca18fb,2025-10-14 00:00:00+00:00,2025-10-14 05:00:00+00:00,6,0.291,0.298,0.298,0.298,-0.007000000000000006,-0.0027500000000000024,0.007042350000000006,True,0.6034917321632693,False,True,outside_p10_p90
3c4d4f78-2d0e-474a-b884-65a9daca18fb,2025-10-14 00:00:00+00:00,2025-10-14 06:00:00+00:00,7,0.29025,0.2975,0.2975,0.2975,-0.007249999999999979,-0.0025000000000000022,0.007227675000000006,True,0.6571961246182171,False,True,outside_p10_p90
3c4d4f78-2d0e-474a-b884-65a9daca18fb,2025-10-14 00:00:00+00:00,2025-10-14 07:00:00+00:00,8,0.29,0.296,0.296,0.296,-0.006000000000000005,-0.002875000000000044,0.007227675000000068,True,0.43236587145934646,False,True,outside_p10_p90
3c4d4f78-2d0e-474a-b884-65a9daca18fb,2025-10-14 00:00:00+00:00,2025-10-14 08:00:00+00:00,9,0.29,0.296,0.296,0.296,-0.006000000000000005,-0.0030000000000000027,0.006115725000000005,True,0.49053873416479654,False,True,outside_p10_p90
3c4d4f78-2d0e-474a-b884-65a9daca18fb,2025-10-14 00:00:00+00:00,2025-10-14 09:00:00+00:00,10,0.29,0.296,0.296,0.296,-0.006000000000000005,-0.0030000000000000027,0.007413000000000006,True,0.40469445568595713,False,True,outside_p10_p90
3c4d4f78-2d0e-474a-b884-65a9daca18fb,2025-10-14 00:00:00+00:00,2025-10-14 10:00:00+00:00,11,0.2907499999999999,0.296,0.296,0.296,-0.005250000000000088,-0.0030000000000000027,0.007413000000000006,True,0.3035208417644791,False,True,outside_p10_p90
3c4d4f78-2d0e-474a-b884-65a9daca18fb,2025-10-14 00:00:00+00:00,2025-10-14 11:00:00+00:00,12,0.2905,0.296,0.296,0.296,-0.005500000000000005,-0.0027499999999999886,0.007783650000000027,True,0.3533046835353602,False,True,outside_p10_p90
3c4d4f78-2d0e-474a-b884-65a9daca18fb,2025-10-14 00:00:00+00:00,2025-10-14 12:00:00+00:00,13,0.29,0.296,0.296,0.296,-0.006000000000000005,-0.0027500000000000024,0.007227675000000006,True,0.44966050631773014,False,True,outside_p10_p90
3c4d4f78-2d0e-474a-b884-65a9daca18fb,2025-10-14 00:00:00+00:00,2025-10-14 13:00:00+00:00,14,0.2892499999999999,0.296,0.296,0.296,-0.006750000000000089,-0.0027500000000000024,0.009266249999999986,True,0.43167408606503094,False,True,outside_p10_p90
3c4d4f78-2d0e-474a-b884-65a9daca18fb,2025-10-14 00:00:00+00:00,2025-10-14 14:00:00+00:00,15,0.289,0.295,0.295,0.295,-0.006000000000000005,-0.002250000000000002,0.009080924999999967,True,0.4129535262101622,False,True,outside_p10_p90
3c4d4f78-2d0e-474a-b884-65a9daca18fb,2025-10-14 00:00:00+00:00,2025-10-14 15:00:00+00:00,16,0.2885,0.29575,0.29575,0.29575,-0.007250000000000034,-0.002250000000000002,0.0077836500000000065,True,0.6423721518824752,False,True,outside_p10_p90
3c4d4f78-2d0e-474a-b884-65a9daca18fb,2025-10-14 00:00:00+00:00,2025-10-14 16:00:00+00:00,17,0.289,0.2975,0.2975,0.2975,-0.008500000000000008,-0.0030000000000000027,0.009080925000000007,True,0.6056651717749019,False,True,outside_p10_p90
3c4d4f78-2d0e-474a-b884-65a9daca18fb,2025-10-14 00:00:00+00:00,2025-10-14 17:00:00+00:00,18,0.28825,0.2985,0.2985,0.2985,-0.010249999999999981,-0.0025000000000000022,0.009822224999999988,True,0.7890269261801668,False,True,outside_p10_p90
3c4d4f78-2d0e-474a-b884-65a9daca18fb,2025-10-14 00:00:00+00:00,2025-10-14 18:00:00+00:00,19,0.287,0.2972499999999999,0.2972499999999999,0.2972499999999999,-0.010249999999999926,-0.0022500000000000436,0.008895599999999863,True,0.8993210126354608,False,True,outside_p10_p90
3c4d4f78-2d0e-474a-b884-65a9daca18fb,2025-10-14 00:00:00+00:00,2025-10-14 19:00:00+00:00,20,0.287,0.297,0.297,0.297,-0.010000000000000009,-0.0030000000000000027,0.0077836500000000065,True,0.8993210126354603,False,True,outside_p10_p90
3c4d4f78-2d0e-474a-b884-65a9daca18fb,2025-10-14 00:00:00+00:00,2025-10-14 20:00:00+00:00,21,0.287,0.2965,0.2965,0.2965,-0.009500000000000008,-0.0025000000000000022,0.008339624999999925,True,0.8393662784597712,False,True,outside_p10_p90
3c4d4f78-2d0e-474a-b884-65a9daca18fb,2025-10-14 00:00:00+00:00,2025-10-14 21:00:00+00:00,22,0.287,0.295,0.295,0.295,-0.008000000000000007,-0.002375000000000002,0.007042350000000006,True,0.7987390572749153,False,True,outside_p10_p90
3c4d4f78-2d0e-474a-b884-65a9daca18fb,2025-10-14 00:00:00+00:00,2025-10-14 22:00:00+00:00,23,0.287,0.294,0.294,0.294,-0.007000000000000006,-0.002125000000000002,0.0075983250000000065,True,0.6415887712094442,False,True,outside_p10_p90
3c4d4f78-2d0e-474a-b884-65a9daca18fb,2025-10-14 00:00:00+00:00,2025-10-14 23:00:00+00:00,24,0.2895,0.2932499999999999,0.2932499999999999,0.2932499999999999,-0.00374999999999992,-0.002375000000000002,0.008339625000000007,True,0.16487551898315775,False,True,outside_p10_p90
3c4d4f78-2d0e-474a-b884-65a9daca18fb,2025-10-15 00:00:00+00:00,2025-10-15 00:00:00+00:00,1,0.29625,0.2932499999999999,0.2932499999999999,0.2932499999999999,0.0030000000000001137,-0.0028750000000000026,0.009080924999999986,True,0.6469605243959315,False,True,outside_p10_p90
3c4d4f78-2d0e-474a-b884-65a9daca18fb,2025-10-15 00:00:00+00:00,2025-10-15 01:00:00+00:00,2,0.29925,0.2935,0.2935,0.2935,0.005750000000000033,-0.0025000000000000022,0.008710274999999986,True,0.9471572367118201,False,True,outside_p10_p90
3c4d4f78-2d0e-474a-b884-65a9daca18fb,2025-10-15 00:00:00+00:00,2025-10-15 02:00:00+00:00,3,0.299,0.29275,0.29275,0.29275,0.006249999999999978,-0.0026249999999999885,0.009080924999999986,True,0.9773233453640439,False,True,outside_p10_p90
3c4d4f78-2d0e-474a-b884-65a9daca18fb,2025-10-15 00:00:00+00:00,2025-10-15 03:00:00+00:00,4,0.299,0.292,0.292,0.292,0.007000000000000006,-0.002500000000000044,0.008154300000000048,True,1.165029493641391,False,True,outside_p10_p90
3c4d4f78-2d0e-474a-b884-65a9daca18fb,2025-10-15 00:00:00+00:00,2025-10-15 04:00:00+00:00,5,0.29875,0.291,0.291,0.291,0.007750000000000035,-0.002749999999999947,0.006857024999999985,True,1.5312763188117302,False,True,outside_p10_p90
3c4d4f78-2d0e-474a-b884-65a9daca18fb,2025-10-15 00:00:00+00:00,2025-10-15 05:00:00+00:00,6,0.29825,0.291,0.291,0.291,0.007250000000000034,-0.0027500000000000024,0.007042350000000006,True,1.41998054626652,False,True,outside_p10_p90
3c4d4f78-2d0e-474a-b884-65a9daca18fb,2025-10-15 00:00:00+00:00,2025-10-15 06:00:00+00:00,7,0.29825,0.29025,0.29025,0.29025,0.008000000000000007,-0.0025000000000000022,0.007227675000000006,True,1.4527493281034358,False,True,outside_p10_p90
3c4d4f78-2d0e-474a-b884-65a9daca18fb,2025-10-15 00:00:00+00:00,2025-10-15 07:00:00+00:00,8,0.298,0.29,0.29,0.29,0.008000000000000007,-0.002875000000000044,0.007227675000000068,True,1.5046332326785514,False,True,outside_p10_p90
3c4d4f78-2d0e-474a-b884-65a9daca18fb,2025-10-15 00:00:00+00:00,2025-10-15 08:00:00+00:00,9,0.298,0.29,0.29,0.29,0.008000000000000007,-0.0030000000000000027,0.006115725000000005,True,1.7986420252709205,False,True,outside_p10_p90
3c4d4f78-2d0e-474a-b884-65a9daca18fb,2025-10-15 00:00:00+00:00,2025-10-15 09:00:00+00:00,10,0.2972499999999999,0.29,0.29,0.29,0.007249999999999923,-0.0030000000000000027,0.007413000000000006,True,1.3827060569270089,False,True,outside_p10_p90
3c4d4f78-2d0e-474a-b884-65a9daca18fb,2025-10-15 00:00:00+00:00,2025-10-15 10:00:00+00:00,11,0.298,0.2907499999999999,0.2907499999999999,0.2907499999999999,0.00725000000000009,-0.0030000000000000027,0.007413000000000006,True,1.3827060569270313,False,True,outside_p10_p90
3c4d4f78-2d0e-474a-b884-65a9daca18fb,2025-10-15 00:00:00+00:00,2025-10-15 11:00:00+00:00,12,0.2975,0.2905,0.2905,0.2905,0.007000000000000006,-0.0027499999999999886,0.007783650000000027,True,1.2526256961708144,False,True,outside_p10_p90
3c4d4f78-2d0e-474a-b884-65a9daca18fb,2025-10-15 00:00:00+00:00,2025-10-15 12:00:00+00:00,13,0.2952499999999999,0.29,0.29,0.29,0.005249999999999921,-0.0027500000000000024,0.007227675000000006,True,1.1068566309359396,False,True,outside_p10_p90
3c4d4f78-2d0e-474a-b884-65a9daca18fb,2025-10-15 00:00:00+00:00,2025-10-15 13:00:00+00:00,14,0.2952499999999999,0.2892499999999999,0.2892499999999999,0.2892499999999999,0.006000000000000005,-0.0027500000000000024,0.009266249999999986,True,0.9442870632672354,False,True,outside_p10_p90
3c4d4f78-2d0e-474a-b884-65a9daca18fb,2025-10-15 00:00:00+00:00,2025-10-15 14:00:00+00:00,15,0.2962499999999999,0.289,0.289,0.289,0.007249999999999923,-0.002250000000000002,0.009080924999999967,True,1.046148933065735,False,True,outside_p10_p90
3c4d4f78-2d0e-474a-b884-65a9daca18fb,2025-10-15 00:00:00+00:00,2025-10-15 15:00:00+00:00,16,0.297,0.2885,0.2885,0.2885,0.008500000000000008,-0.002250000000000002,0.0077836500000000065,True,1.381100126547314,False,True,outside_p10_p90
3c4d4f78-2d0e-474a-b884-65a9daca18fb,2025-10-15 00:00:00+00:00,2025-10-15 16:00:00+00:00,17,0.2972499999999999,0.289,0.289,0.289,0.008249999999999924,-0.0030000000000000027,0.009080925000000007,True,1.2388605786304718,False,True,outside_p10_p90
3c4d4f78-2d0e-474a-b884-65a9daca18fb,2025-10-15 00:00:00+00:00,2025-10-15 17:00:00+00:00,18,0.2977499999999999,0.28825,0.28825,0.28825,0.009499999999999897,-0.0025000000000000022,0.009822224999999988,True,1.2217191115047674,False,True,outside_p10_p90
3c4d4f78-2d0e-474a-b884-65a9daca18fb,2025-10-15 00:00:00+00:00,2025-10-15 18:00:00+00:00,19,0.297,0.287,0.287,0.287,0.010000000000000009,-0.0022500000000000436,0.008895599999999863,True,1.3770853005980757,False,True,outside_p10_p90
3c4d4f78-2d0e-474a-b884-65a9daca18fb,2025-10-15 00:00:00+00:00,2025-10-15 19:00:00+00:00,20,0.296,0.287,0.287,0.287,0.009000000000000008,-0.0030000000000000027,0.0077836500000000065,True,1.541693164517932,False,True,outside_p10_p90
3c4d4f78-2d0e-474a-b884-65a9daca18fb,2025-10-15 00:00:00+00:00,2025-10-15 20:00:00+00:00,21,0.2965,0.287,0.287,0.287,0.009500000000000008,-0.0025000000000000022,0.008339624999999925,True,1.4389136202167505,False,True,outside_p10_p90
3c4d4f78-2d0e-474a-b884-65a9daca18fb,2025-10-15 00:00:00+00:00,2025-10-15 21:00:00+00:00,22,0.297,0.287,0.287,0.287,0.010000000000000009,-0.002375000000000002,0.007042350000000006,True,1.7572259260048138,False,True,outside_p10_p90
3c4d4f78-2d0e-474a-b884-65a9daca18fb,2025-10-15 00:00:00+00:00,2025-10-15 22:00:00+00:00,23,0.297,0.287,0.287,0.287,0.010000000000000009,-0.002125000000000002,0.0075983250000000065,True,1.5957464309568228,False,True,outside_p10_p90
3c4d4f78-2d0e-474a-b884-65a9daca18fb,2025-10-15 00:00:00+00:00,2025-10-15 23:00:00+00:00,24,0.297,0.2895,0.2895,0.2895,0.007500000000000007,-0.002375000000000002,0.008339625000000007,True,1.1841059999700227,False,True,outside_p10_p90
3c4d4f78-2d0e-474a-b884-65a9daca18fb,2025-10-16 00:00:00+00:00,2025-10-16 00:00:00+00:00,1,0.297,0.29625,0.29625,0.29625,0.0007499999999999729,-0.0028750000000000026,0.009080924999999986,True,0.3991884086698195,False,True,outside_p10_p90
3c4d4f78-2d0e-474a-b884-65a9daca18fb,2025-10-16 00:00:00+00:00,2025-10-16 01:00:00+00:00,2,0.2957499999999999,0.29925,0.29925,0.29925,-0.003500000000000114,-0.0025000000000000022,0.008710274999999986,True,0.11480693778326327,False,True,outside_p10_p90
3c4d4f78-2d0e-474a-b884-65a9daca18fb,2025-10-16 00:00:00+00:00,2025-10-16 02:00:00+00:00,3,0.295,0.299,0.299,0.299,-0.0040000000000000036,-0.0026249999999999885,0.009080924999999986,True,0.15141629294372733,False,True,outside_p10_p90
3c4d4f78-2d0e-474a-b884-65a9daca18fb,2025-10-16 00:00:00+00:00,2025-10-16 03:00:00+00:00,4,0.29425,0.299,0.299,0.299,-0.0047499999999999765,-0.002500000000000044,0.008154300000000048,True,0.2759280379676881,False,True,outside_p10_p90
3c4d4f78-2d0e-474a-b884-65a9daca18fb,2025-10-16 00:00:00+00:00,2025-10-16 04:00:00+00:00,5,0.294,0.29875,0.29875,0.29875,-0.004750000000000032,-0.002749999999999947,0.006857024999999985,True,0.2916716797736758,False,True,outside_p10_p90
3c4d4f78-2d0e-474a-b884-65a9daca18fb,2025-10-16 00:00:00+00:00,2025-10-16 05:00:00+00:00,6,0.2935,0.29825,0.29825,0.29825,-0.004750000000000032,-0.0027500000000000024,0.007042350000000006,True,0.28399610925330715,False,True,outside_p10_p90
3c4d4f78-2d0e-474a-b884-65a9daca18fb,2025-10-16 00:00:00+00:00,2025-10-16 06:00:00+00:00,7,0.29575,0.29825,0.29825,0.29825,-0.0025000000000000022,-0.0025000000000000022,0.007227675000000006,True,0.0,False,True,outside_p10_p90
3c4d4f78-2d0e-474a-b884-65a9daca18fb,2025-10-16 00:00:00+00:00,2025-10-16 07:00:00+00:00,8,0.299,0.298,0.298,0.298,0.0010000000000000009,-0.002875000000000044,0.007227675000000068,True,0.5361336806096025,False,True,outside_p10_p90
3c4d4f78-2d0e-474a-b884-65a9daca18fb,2025-10-16 00:00:00+00:00,2025-10-16 08:00:00+00:00,9,0.297,0.298,0.298,0.298,-0.0010000000000000009,-0.0030000000000000027,0.006115725000000005,True,0.327025822776531,False,True,outside_p10_p90
3c4d4f78-2d0e-474a-b884-65a9daca18fb,2025-10-16 00:00:00+00:00,2025-10-16 09:00:00+00:00,10,0.2945,0.2972499999999999,0.2972499999999999,0.2972499999999999,-0.002749999999999919,-0.0030000000000000027,0.007413000000000006,True,0.03372453797384099,False,True,outside_p10_p90
3c4d4f78-2d0e-474a-b884-65a9daca18fb,2025-10-16 00:00:00+00:00,2025-10-16 10:00:00+00:00,11,0.293,0.298,0.298,0.298,-0.0050000000000000044,-0.0030000000000000027,0.007413000000000006,True,0.26979630379063807,False,True,outside_p10_p90
3c4d4f78-2d0e-474a-b884-65a9daca18fb,2025-10-16 00:00:00+00:00,2025-10-16 11:00:00+00:00,12,0.293,0.2975,0.2975,0.2975,-0.004500000000000004,-0.0027499999999999886,0.007783650000000027,True,0.22483025315886626,False,True,outside_p10_p90
3c4d4f78-2d0e-474a-b884-65a9daca18fb,2025-10-16 00:00:00+00:00,2025-10-16 12:00:00+00:00,13,0.2925,0.2952499999999999,0.2952499999999999,0.2952499999999999,-0.002749999999999919,-0.0027500000000000024,0.007227675000000006,True,1.1520541093351136e-14,False,True,outside_p10_p90
3c4d4f78-2d0e-474a-b884-65a9daca18fb,2025-10-16 00:00:00+00:00,2025-10-16 13:00:00+00:00,14,0.2917499999999999,0.2952499999999999,0.2952499999999999,0.2952499999999999,-0.003500000000000003,-0.0027500000000000024,0.009266249999999986,True,0.08093889113719162,False,True,outside_p10_p90
3c4d4f78-2d0e-474a-b884-65a9daca18fb,2025-10-16 00:00:00+00:00,2025-10-16 14:00:00+00:00,15,0.29175,0.2962499999999999,0.2962499999999999,0.2962499999999999,-0.004499999999999893,-0.002250000000000002,0.009080924999999967,True,0.24777211572608507,False,True,outside_p10_p90
3c4d4f78-2d0e-474a-b884-65a9daca18fb,2025-10-16 00:00:00+00:00,2025-10-16 15:00:00+00:00,16,0.292,0.297,0.297,0.297,-0.0050000000000000044,-0.002250000000000002,0.0077836500000000065,True,0.3533046835353594,False,True,outside_p10_p90
3c4d4f78-2d0e-474a-b884-65a9daca18fb,2025-10-16 00:00:00+00:00,2025-10-16 16:00:00+00:00,17,0.2922499999999999,0.2972499999999999,0.2972499999999999,0.2972499999999999,-0.0050000000000000044,-0.0030000000000000027,0.009080925000000007,True,0.22024188064541886,False,True,outside_p10_p90
3c4d4f78-2d0e-474a-b884-65a9daca18fb,2025-10-16 00:00:00+00:00,2025-10-16 17:00:00+00:00,18,0.29275,0.2977499999999999,0.2977499999999999,0.2977499999999999,-0.004999999999999893,-0.0025000000000000022,0.009822224999999988,True,0.2545248148968176,False,True,outside_p10_p90
3c4d4f78-2d0e-474a-b884-65a9daca18fb,2025-10-16 00:00:00+00:00,2025-10-16 18:00:00+00:00,19,0.292,0.297,0.297,0.297,-0.0050000000000000044,-0.0022500000000000436,0.008895599999999863,True,0.30914159809343983,False,True,outside_p10_p90
3c4d4f78-2d0e-474a-b884-65a9daca18fb,2025-10-16 00:00:00+00:00,2025-10-16 19:00:00+00:00,20,0.2915,0.296,0.296,0.296,-0.004500000000000004,-0.0030000000000000027,0.0077836500000000065,True,0.1927116455647415,False,True,outside_p10_p90
3c4d4f78-2d0e-474a-b884-65a9daca18fb,2025-10-16 00:00:00+00:00,2025-10-16 20:00:00+00:00,21,0.2912499999999999,0.2965,0.2965,0.2965,-0.005250000000000088,-0.0025000000000000022,0.008339624999999925,True,0.32975103796634864,False,True,outside_p10_p90
3c4d4f78-2d0e-474a-b884-65a9daca18fb,2025-10-16 00:00:00+00:00,2025-10-16 21:00:00+00:00,22,0.2897499999999999,0.297,0.297,0.297,-0.00725000000000009,-0.002375000000000002,0.007042350000000006,True,0.6922405163049384,False,True,outside_p10_p90
3c4d4f78-2d0e-474a-b884-65a9daca18fb,2025-10-16 00:00:00+00:00,2025-10-16 22:00:00+00:00,23,0.28925,0.297,0.297,0.297,-0.007749999999999979,-0.002125000000000002,0.0075983250000000065,True,0.7402947360108935,False,True,outside_p10_p90
3c4d4f78-2d0e-474a-b884-65a9daca18fb,2025-10-16 00:00:00+00:00,2025-10-16 23:00:00+00:00,24,0.2892499999999999,0.297,0.297,0.297,-0.00775000000000009,-0.002375000000000002,0.008339625000000007,True,0.6445133923887565,False,True,outside_p10_p90
8496ce69-482c-406a-a2f0-ac418ef8f099,2025-10-01 00:00:00+00:00,2025-10-01 00:00:00+00:00,1,4.4705,4.4855,4.4855,4.4855,-0.01499999999999968,0.0007500000000000284,0.017605875000000448,True,0.8945877441478659,False,True,outside_p10_p90
8496ce69-482c-406a-a2f0-ac418ef8f099,2025-10-01 00:00:00+00:00,2025-10-01 01:00:00+00:00,2,4.46775,4.48875,4.48875,4.48875,-0.020999999999999908,0.0011250000000000426,0.01927380000000051,True,1.1479313887245568,False,True,outside_p10_p90
8496ce69-482c-406a-a2f0-ac418ef8f099,2025-10-01 00:00:00+00:00,2025-10-01 02:00:00+00:00,3,4.46075,4.482749999999999,4.482749999999999,4.482749999999999,-0.021999999999999353,0.001000000000000334,0.020200424999999668,True,1.1385899059054483,False,True,outside_p10_p90
8496ce69-482c-406a-a2f0-ac418ef8f099,2025-10-01 00:00:00+00:00,2025-10-01 03:00:00+00:00,4,4.4615,4.4822500000000005,4.4822500000000005,4.4822500000000005,-0.02075000000000049,-8.881784197001252e-16,0.022980299999997796,True,0.9029473070413176,False,True,outside_p10_p90
8496ce69-482c-406a-a2f0-ac418ef8f099,2025-10-01 00:00:00+00:00,2025-10-01 04:00:00+00:00,5,4.46,4.48025,4.48025,4.48025,-0.02024999999999988,0.0026250000000000995,0.025204199999999857,True,0.9075868307663052,False,True,outside_p10_p90
8496ce69-482c-406a-a2f0-ac418ef8f099,2025-10-01 00:00:00+00:00,2025-10-01 05:00:00+00:00,6,4.455,4.4775,4.4775,4.4775,-0.022499999999999964,0.00012500000000015277,0.023165625000000658,True,0.9766626197220871,False,True,outside_p10_p90
8496ce69-482c-406a-a2f0-ac418ef8f099,2025-10-01 00:00:00+00:00,2025-10-01 06:00:00+00:00,7,4.457,4.474499999999999,4.474499999999999,4.474499999999999,-0.017499999999999183,-0.0007500000000004725,0.025204199999999857,True,0.664571777719539,False,True,outside_p10_p90
8496ce69-482c-406a-a2f0-ac418ef8f099,2025-10-01 00:00:00+00:00,2025-10-01 07:00:00+00:00,8,4.4495000000000005,4.4799999999999995,4.4799999999999995,4.4799999999999995,-0.030499999999999083,-0.0015000000000000568,0.018903150000000056,True,1.5341358450839644,False,True,outside_p10_p90
8496ce69-482c-406a-a2f0-ac418ef8f099,2025-10-01 00:00:00+00:00,2025-10-01 08:00:00+00:00,9,4.44875,4.47375,4.47375,4.47375,-0.024999999999999467,-0.0018750000000005151,0.02112704999999948,True,1.0945683377470834,False,True,outside_p10_p90
8496ce69-482c-406a-a2f0-ac418ef8f099,2025-10-01 00:00:00+00:00,2025-10-01 09:00:00+00:00,10,4.4510000000000005,4.46925,4.46925,4.46925,-0.01824999999999921,0.00012500000000015277,0.02168302500000082,True,0.8474371080602762,False,True,outside_p10_p90
8496ce69-482c-406a-a2f0-ac418ef8f099,2025-10-01 00:00:00+00:00,2025-10-01 10:00:00+00:00,11,4.44825,4.4655,4.4655,4.4655,-0.017249999999999766,-0.0016250000000002096,0.017791200000001332,True,0.8782431764017259,False,True,outside_p10_p90
8496ce69-482c-406a-a2f0-ac418ef8f099,2025-10-01 00:00:00+00:00,2025-10-01 11:00:00+00:00,12,4.4405,4.46575,4.46575,4.46575,-0.025249999999999773,-0.0012500000000001954,0.02075639999999969,True,1.1562698733884458,False,True,outside_p10_p90
8496ce69-482c-406a-a2f0-ac418ef8f099,2025-10-01 00:00:00+00:00,2025-10-01 12:00:00+00:00,13,4.436,4.46975,4.46975,4.46975,-0.03375000000000039,0.0017499999999994742,0.015937949999999725,True,2.2273880894343674,False,True,outside_p10_p90
8496ce69-482c-406a-a2f0-ac418ef8f099,2025-10-01 00:00:00+00:00,2025-10-01 13:00:00+00:00,14,4.427250000000001,4.470000000000001,4.470000000000001,4.470000000000001,-0.042749999999999844,-0.0011250000000000426,0.017420550000000878,True,2.389419392613764,False,True,outside_p10_p90
8496ce69-482c-406a-a2f0-ac418ef8f099,2025-10-01 00:00:00+00:00,2025-10-01 14:00:00+00:00,15,4.420999999999999,4.461,4.461,4.461,-0.040000000000000924,-0.0021249999999999325,0.01871782499999983,True,2.023472278429857,False,True,outside_p10_p90
8496ce69-482c-406a-a2f0-ac418ef8f099,2025-10-01 00:00:00+00:00,2025-10-01 15:00:00+00:00,16,4.42925,4.469,4.469,4.469,-0.03975000000000062,-0.0011250000000004867,0.01630859999999886,True,2.3683823258895815,False,True,outside_p10_p90
8496ce69-482c-406a-a2f0-ac418ef8f099,2025-10-01 00:00:00+00:00,2025-10-01 16:00:00+00:00,17,4.44625,4.46775,4.46775,4.46775,-0.02149999999999963,-0.002249999999999641,0.018903150000000056,True,1.0183487937195617,False,True,outside_p10_p90
8496ce69-482c-406a-a2f0-ac418ef8f099,2025-10-01 00:00:00+00:00,2025-10-01 17:00:00+00:00,18,4.45175,4.46875,4.46875,4.46875,-0.017000000000000348,-0.0016250000000006537,0.015011324999999909,True,1.0242267088348156,False,True,outside_p10_p90
8496ce69-482c-406a-a2f0-ac418ef8f099,2025-10-01 00:00:00+00:00,2025-10-01 18:00:00+00:00,19,4.45725,4.47125,4.47125,4.47125,-0.014000000000000234,-0.0016250000000002096,0.017605875000000448,True,0.702890370401909,False,True,outside_p10_p90
8496ce69-482c-406a-a2f0-ac418ef8f099,2025-10-01 00:00:00+00:00,2025-10-01 19:00:00+00:00,20,4.462,4.468500000000001,4.468500000000001,4.468500000000001,-0.0065000000000008384,-0.0012500000000001954,0.017420550000000878,True,0.3013682116810536,False,True,outside_p10_p90
8496ce69-482c-406a-a2f0-ac418ef8f099,2025-10-01 00:00:00+00:00,2025-10-01 20:00:00+00:00,21,4.47075,4.4745,4.4745,4.4745,-0.003750000000000142,-0.00025000000000030553,0.01908847500000094,True,0.18335671131400827,False,True,outside_p10_p90
8496ce69-482c-406a-a2f0-ac418ef8f099,2025-10-01 00:00:00+00:00,2025-10-01 21:00:00+00:00,22,4.47625,4.4725,4.4725,4.4725,0.003750000000000142,-0.0007499999999995843,0.019644449999999647,True,0.22907233340713573,False,True,outside_p10_p90
8496ce69-482c-406a-a2f0-ac418ef8f099,2025-10-01 00:00:00+00:00,2025-10-01 22:00:00+00:00,23,4.4775,4.47675,4.47675,4.47675,0.0007500000000000284,-0.0009999999999998899,0.020941724999999915,True,0.0835652268378047,False,True,outside_p10_p90
8496ce69-482c-406a-a2f0-ac418ef8f099,2025-10-01 00:00:00+00:00,2025-10-01 23:00:00+00:00,24,4.47475,4.469250000000001,4.469250000000001,4.469250000000001,0.005499999999999616,0.0,0.021497699999999936,True,0.25584132256007075,False,True,outside_p10_p90
8496ce69-482c-406a-a2f0-ac418ef8f099,2025-10-02 00:00:00+00:00,2025-10-02 00:00:00+00:00,1,4.477500000000001,4.4705,4.4705,4.4705,0.007000000000000561,0.0007500000000000284,0.017605875000000448,True,0.35499513656665027,False,True,outside_p10_p90
8496ce69-482c-406a-a2f0-ac418ef8f099,2025-10-02 00:00:00+00:00,2025-10-02 01:00:00+00:00,2,4.476500000000001,4.46775,4.46775,4.46775,0.008750000000000924,0.0011250000000000426,0.01927380000000051,True,0.39561477238534587,False,True,outside_p10_p90
8496ce69-482c-406a-a2f0-ac418ef8f099,2025-10-02 00:00:00+00:00,2025-10-02 02:00:00+00:00,3,4.475,4.46075,4.46075,4.46075,0.014249999999999652,0.001000000000000334,0.020200424999999668,True,0.6559267936194182,False,True,outside_p10_p90
8496ce69-482c-406a-a2f0-ac418ef8f099,2025-10-02 00:00:00+00:00,2025-10-02 03:00:00+00:00,4,4.47275,4.4615,4.4615,4.4615,0.011249999999999538,-8.881784197001252e-16,0.022980299999997796,True,0.48954974478146523,False,True,outside_p10_p90
8496ce69-482c-406a-a2f0-ac418ef8f099,2025-10-02 00:00:00+00:00,2025-10-02 04:00:00+00:00,5,4.4697499999999994,4.46,4.46,4.46,0.009749999999999481,0.0026250000000000995,0.025204199999999857,True,0.28269098007472654,False,True,outside_p10_p90
8496ce69-482c-406a-a2f0-ac418ef8f099,2025-10-02 00:00:00+00:00,2025-10-02 05:00:00+00:00,6,4.46925,4.455,4.455,4.455,0.014249999999999652,0.00012500000000015277,0.023165625000000658,True,0.6097396465668031,False,True,outside_p10_p90
8496ce69-482c-406a-a2f0-ac418ef8f099,2025-10-02 00:00:00+00:00,2025-10-02 06:00:00+00:00,7,4.47175,4.457,4.457,4.457,0.014750000000000263,-0.0007500000000004725,0.025204199999999857,True,0.6149768689345754,False,True,outside_p10_p90
8496ce69-482c-406a-a2f0-ac418ef8f099,2025-10-02 00:00:00+00:00,2025-10-02 07:00:00+00:00,8,4.467,4.4495000000000005,4.4495000000000005,4.4495000000000005,0.017499999999999183,-0.0015000000000000568,0.018903150000000056,True,1.005123484710177,False,True,outside_p10_p90
8496ce69-482c-406a-a2f0-ac418ef8f099,2025-10-02 00:00:00+00:00,2025-10-02 08:00:00+00:00,9,4.4685,4.44875,4.44875,4.44875,0.019749999999999268,-0.0018750000000005151,0.02112704999999948,True,1.0235693104337953,False,True,outside_p10_p90
8496ce69-482c-406a-a2f0-ac418ef8f099,2025-10-02 00:00:00+00:00,2025-10-02 09:00:00+00:00,10,4.47,4.4510000000000005,4.4510000000000005,4.4510000000000005,0.01899999999999924,0.00012500000000015277,0.02168302500000082,True,0.8704966212047615,False,True,outside_p10_p90
8496ce69-482c-406a-a2f0-ac418ef8f099,2025-10-02 00:00:00+00:00,2025-10-02 10:00:00+00:00,11,4.47575,4.44825,4.44825,4.44825,0.027499999999999858,-0.0016250000000002096,0.017791200000001332,True,1.6370452808128675,False,True,outside_p10_p90
8496ce69-482c-406a-a2f0-ac418ef8f099,2025-10-02 00:00:00+00:00,2025-10-02 11:00:00+00:00,12,4.470000000000001,4.4405,4.4405,4.4405,0.029500000000000526,-0.0012500000000001954,0.02075639999999969,True,1.481470775279007,False,True,outside_p10_p90
8496ce69-482c-406a-a2f0-ac418ef8f099,2025-10-02 00:00:00+00:00,2025-10-02 12:00:00+00:00,13,4.4685,4.436,4.436,4.436,0.03249999999999975,0.0017499999999994742,0.015937949999999725,True,1.9293572887354276,False,True,outside_p10_p90
8496ce69-482c-406a-a2f0-ac418ef8f099,2025-10-02 00:00:00+00:00,2025-10-02 13:00:00+00:00,14,4.4795,4.427250000000001,4.427250000000001,4.427250000000001,0.05224999999999902,-0.0011250000000000426,0.017420550000000878,True,3.0639101520902825,False,True,outside_p10_p90
8496ce69-482c-406a-a2f0-ac418ef8f099,2025-10-02 00:00:00+00:00,2025-10-02 14:00:00+00:00,15,4.4805,4.420999999999999,4.420999999999999,4.420999999999999,0.059500000000000774,-0.0021249999999999325,0.01871782499999983,True,3.2923162814056264,False,True,outside_p10_p90
8496ce69-482c-406a-a2f0-ac418ef8f099,2025-10-02 00:00:00+00:00,2025-10-02 15:00:00+00:00,16,4.475,4.42925,4.42925,4.42925,0.04574999999999996,-0.0011250000000004867,0.01630859999999886,True,2.874250395497082,False,True,outside_p10_p90
8496ce69-482c-406a-a2f0-ac418ef8f099,2025-10-02 00:00:00+00:00,2025-10-02 16:00:00+00:00,17,4.471,4.44625,4.44625,4.44625,0.02475000000000005,-0.002249999999999641,0.018903150000000056,True,1.4283333730092398,False,True,outside_p10_p90
8496ce69-482c-406a-a2f0-ac418ef8f099,2025-10-02 00:00:00+00:00,2025-10-02 17:00:00+00:00,18,4.46975,4.45175,4.45175,4.45175,0.018000000000000682,-0.0016250000000006537,0.015011324999999909,True,1.3073462868868309,False,True,outside_p10_p90
8496ce69-482c-406a-a2f0-ac418ef8f099,2025-10-02 00:00:00+00:00,2025-10-02 18:00:00+00:00,19,4.47025,4.45725,4.45725,4.45725,0.0129999999999999,-0.0016250000000002096,0.017605875000000448,True,0.8306886195658971,False,True,outside_p10_p90
8496ce69-482c-406a-a2f0-ac418ef8f099,2025-10-02 00:00:00+00:00,2025-10-02 19:00:00+00:00,20,4.472,4.462,4.462,4.462,0.010000000000000675,-0.0012500000000001954,0.017420550000000878,True,0.6457890250308,False,True,outside_p10_p90
8496ce69-482c-406a-a2f0-ac418ef8f099,2025-10-02 00:00:00+00:00,2025-10-02 20:00:00+00:00,21,4.4715,4.47075,4.47075,4.47075,0.0007500000000000284,-0.00025000000000030553,0.01908847500000094,True,0.052387631804022304,False,True,outside_p10_p90
8496ce69-482c-406a-a2f0-ac418ef8f099,2025-10-02 00:00:00+00:00,2025-10-02 21:00:00+00:00,22,4.47425,4.47625,4.47625,4.47625,-0.002000000000000668,-0.0007499999999995843,0.019644449999999647,True,0.0636312037242634,False,True,outside_p10_p90
8496ce69-482c-406a-a2f0-ac418ef8f099,2025-10-02 00:00:00+00:00,2025-10-02 22:00:00+00:00,23,4.477,4.4775,4.4775,4.4775,-0.0004999999999997229,-0.0009999999999998899,0.020941724999999915,True,0.023875779096524715,False,True,outside_p10_p90
8496ce69-482c-406a-a2f0-ac418ef8f099,2025-10-02 00:00:00+00:00,2025-10-02 23:00:00+00:00,24,4.48375,4.47475,4.47475,4.47475,0.008999999999999453,0.0,0.021497699999999936,True,0.41864943691648315,False,True,outside_p10_p90
8496ce69-482c-406a-a2f0-ac418ef8f099,2025-10-03 00:00:00+00:00,2025-10-03 00:00:00+00:00,1,4.4775,4.477500000000001,4.477500000000001,4.477500000000001,-8.881784197001252e-16,0.0007500000000000284,0.017605875000000448,True,0.042599416388046464,False,True,outside_p10_p90
8496ce69-482c-406a-a2f0-ac418ef8f099,2025-10-03 00:00:00+00:00,2025-10-03 01:00:00+00:00,2,4.47575,4.476500000000001,4.476500000000001,4.476500000000001,-0.0007500000000009166,0.0011250000000000426,0.01927380000000051,True,0.09728232107840226,False,True,outside_p10_p90
8496ce69-482c-406a-a2f0-ac418ef8f099,2025-10-03 00:00:00+00:00,2025-10-03 02:00:00+00:00,3,4.48,4.475,4.475,4.475,0.005000000000000782,0.001000000000000334,0.020200424999999668,True,0.19801563580966802,False,True,outside_p10_p90
8496ce69-482c-406a-a2f0-ac418ef8f099,2025-10-03 00:00:00+00:00,2025-10-03 03:00:00+00:00,4,4.47525,4.47275,4.47275,4.47275,0.002500000000000391,-8.881784197001252e-16,0.022980299999997796,True,0.10878883217371048,False,True,outside_p10_p90
8496ce69-482c-406a-a2f0-ac418ef8f099,2025-10-03 00:00:00+00:00,2025-10-03 04:00:00+00:00,5,4.473,4.4697499999999994,4.4697499999999994,4.4697499999999994,0.0032500000000004192,0.0026250000000000995,0.025204199999999857,True,0.024797454392534706,False,True,outside_p10_p90
8496ce69-482c-406a-a2f0-ac418ef8f099,2025-10-03 00:00:00+00:00,2025-10-03 05:00:00+00:00,6,4.472,4.46925,4.46925,4.46925,0.0027500000000006963,0.00012500000000015277,0.023165625000000658,True,0.11331444759208824,False,True,outside_p10_p90
8496ce69-482c-406a-a2f0-ac418ef8f099,2025-10-03 00:00:00+00:00,2025-10-03 06:00:00+00:00,7,4.471,4.47175,4.47175,4.47175,-0.0007500000000000284,-0.0007500000000004725,0.025204199999999857,True,1.761965108394891e-14,False,True,outside_p10_p90
8496ce69-482c-406a-a2f0-ac418ef8f099,2025-10-03 00:00:00+00:00,2025-10-03 07:00:00+00:00,8,4.47175,4.467,4.467,4.467,0.004750000000000476,-0.0015000000000000568,0.018903150000000056,True,0.3306327252336523,False,True,outside_p10_p90
8496ce69-482c-406a-a2f0-ac418ef8f099,2025-10-03 00:00:00+00:00,2025-10-03 08:00:00+00:00,9,4.46725,4.4685,4.4685,4.4685,-0.0012499999999997513,-0.0018750000000005151,0.02112704999999948,True,0.029582928047255968,False,True,outside_p10_p90
8496ce69-482c-406a-a2f0-ac418ef8f099,2025-10-03 00:00:00+00:00,2025-10-03 09:00:00+00:00,10,4.46525,4.47,4.47,4.47,-0.004749999999999588,0.00012500000000015277,0.02168302500000082,True,0.22483025315884458,False,True,outside_p10_p90
8496ce69-482c-406a-a2f0-ac418ef8f099,2025-10-03 00:00:00+00:00,2025-10-03 10:00:00+00:00,11,4.46475,4.47575,4.47575,4.47575,-0.010999999999999233,-0.0016250000000002096,0.017791200000001332,True,0.5269459058409957,False,True,outside_p10_p90
8496ce69-482c-406a-a2f0-ac418ef8f099,2025-10-03 00:00:00+00:00,2025-10-03 11:00:00+00:00,12,4.4670000000000005,4.470000000000001,4.470000000000001,4.470000000000001,-0.0030000000000001137,-0.0012500000000001954,0.02075639999999969,True,0.08431134493457172,False,True,outside_p10_p90
8496ce69-482c-406a-a2f0-ac418ef8f099,2025-10-03 00:00:00+00:00,2025-10-03 12:00:00+00:00,13,4.47075,4.4685,4.4685,4.4685,0.0022500000000000853,0.0017499999999994742,0.015937949999999725,True,0.031371663231508425,False,True,outside_p10_p90
8496ce69-482c-406a-a2f0-ac418ef8f099,2025-10-03 00:00:00+00:00,2025-10-03 13:00:00+00:00,14,4.464,4.4795,4.4795,4.4795,-0.015499999999999403,-0.0011250000000000426,0.017420550000000878,True,0.8251748653170329,False,True,outside_p10_p90
8496ce69-482c-406a-a2f0-ac418ef8f099,2025-10-03 00:00:00+00:00,2025-10-03 14:00:00+00:00,15,4.4695,4.4805,4.4805,4.4805,-0.01100000000000012,-0.0021249999999999325,0.01871782499999983,True,0.4741469695330664,False,True,outside_p10_p90
8496ce69-482c-406a-a2f0-ac418ef8f099,2025-10-03 00:00:00+00:00,2025-10-03 15:00:00+00:00,16,4.470249999999999,4.475,4.475,4.475,-0.004750000000000476,-0.0011250000000004867,0.01630859999999886,True,0.22227536391843827,False,True,outside_p10_p90
8496ce69-482c-406a-a2f0-ac418ef8f099,2025-10-03 00:00:00+00:00,2025-10-03 16:00:00+00:00,17,4.47625,4.471,4.471,4.471,0.005250000000000199,-0.002249999999999641,0.018903150000000056,True,0.39675927028034047,False,True,outside_p10_p90
8496ce69-482c-406a-a2f0-ac418ef8f099,2025-10-03 00:00:00+00:00,2025-10-03 17:00:00+00:00,18,4.476500000000001,4.46975,4.46975,4.46975,0.006750000000000256,-0.0016250000000006537,0.015011324999999909,True,0.557912109690581,False,True,outside_p10_p90
8496ce69-482c-406a-a2f0-ac418ef8f099,2025-10-03 00:00:00+00:00,2025-10-03 18:00:00+00:00,19,4.47625,4.47025,4.47025,4.47025,0.006000000000000227,-0.0016250000000002096,0.017605875000000448,True,0.43309406661130123,False,True,outside_p10_p90
8496ce69-482c-406a-a2f0-ac418ef8f099,2025-10-03 00:00:00+00:00,2025-10-03 19:00:00+00:00,20,4.4725,4.472,4.472,4.472,0.0004999999999997229,-0.0012500000000001954,0.017420550000000878,True,0.1004560705603342,False,True,outside_p10_p90
8496ce69-482c-406a-a2f0-ac418ef8f099,2025-10-03 00:00:00+00:00,2025-10-03 20:00:00+00:00,21,4.47625,4.4715,4.4715,4.4715,0.004750000000000476,-0.00025000000000030553,0.01908847500000094,True,0.261938159020065,False,True,outside_p10_p90
8496ce69-482c-406a-a2f0-ac418ef8f099,2025-10-03 00:00:00+00:00,2025-10-03 21:00:00+00:00,22,4.479,4.47425,4.47425,4.47425,0.004750000000000476,-0.0007499999999995843,0.019644449999999647,True,0.2799772963865193,False,True,outside_p10_p90
8496ce69-482c-406a-a2f0-ac418ef8f099,2025-10-03 00:00:00+00:00,2025-10-03 22:00:00+00:00,23,4.48025,4.477,4.477,4.477,0.003249999999999531,-0.0009999999999998899,0.020941724999999915,True,0.20294412232036466,False,True,outside_p10_p90
8496ce69-482c-406a-a2f0-ac418ef8f099,2025-10-03 00:00:00+00:00,2025-10-03 23:00:00+00:00,24,4.4915,4.48375,4.48375,4.48375,0.00775000000000059,0.0,0.021497699999999936,True,0.3605036817892432,False,True,outside_p10_p90
8496ce69-482c-406a-a2f0-ac418ef8f099,2025-10-04 00:00:00+00:00,2025-10-04 00:00:00+00:00,1,4.49575,4.4775,4.4775,4.4775,0.0182500000000001,0.0007500000000000284,0.017605875000000448,True,0.99398638238654,False,True,outside_p10_p90
8496ce69-482c-406a-a2f0-ac418ef8f099,2025-10-04 00:00:00+00:00,2025-10-04 01:00:00+00:00,2,4.5032499999999995,4.47575,4.47575,4.47575,0.027499999999999858,0.0011250000000000426,0.01927380000000051,True,1.3684379831688156,False,True,outside_p10_p90
8496ce69-482c-406a-a2f0-ac418ef8f099,2025-10-04 00:00:00+00:00,2025-10-04 02:00:00+00:00,3,4.50075,4.48,4.48,4.48,0.020749999999999602,0.001000000000000334,0.020200424999999668,True,0.9777022018100903,False,True,outside_p10_p90
8496ce69-482c-406a-a2f0-ac418ef8f099,2025-10-04 00:00:00+00:00,2025-10-04 03:00:00+00:00,4,4.50225,4.47525,4.47525,4.47525,0.027000000000000135,-8.881784197001252e-16,0.022980299999997796,True,1.1749193874755166,False,True,outside_p10_p90
8496ce69-482c-406a-a2f0-ac418ef8f099,2025-10-04 00:00:00+00:00,2025-10-04 04:00:00+00:00,5,4.51,4.473,4.473,4.473,0.03699999999999992,0.0026250000000000995,0.025204199999999857,True,1.3638599915887042,False,True,outside_p10_p90
8496ce69-482c-406a-a2f0-ac418ef8f099,2025-10-04 00:00:00+00:00,2025-10-04 05:00:00+00:00,6,4.5127500000000005,4.472,4.472,4.472,0.040750000000000064,0.00012500000000015277,0.023165625000000658,True,1.7536759746390937,False,True,outside_p10_p90
8496ce69-482c-406a-a2f0-ac418ef8f099,2025-10-04 00:00:00+00:00,2025-10-04 06:00:00+00:00,7,4.513249999999999,4.471,4.471,4.471,0.04224999999999923,-0.0007500000000004725,0.025204199999999857,True,1.7060648622055035,False,True,outside_p10_p90
8496ce69-482c-406a-a2f0-ac418ef8f099,2025-10-04 00:00:00+00:00,2025-10-04 07:00:00+00:00,8,4.51275,4.47175,4.47175,4.47175,0.04099999999999948,-0.0015000000000000568,0.018903150000000056,True,2.2483025315886196,False,True,outside_p10_p90
8496ce69-482c-406a-a2f0-ac418ef8f099,2025-10-04 00:00:00+00:00,2025-10-04 08:00:00+00:00,9,4.5145,4.46725,4.46725,4.46725,0.047250000000000014,-0.0018750000000005151,0.02112704999999948,True,2.3252181445115023,False,True,outside_p10_p90
8496ce69-482c-406a-a2f0-ac418ef8f099,2025-10-04 00:00:00+00:00,2025-10-04 09:00:00+00:00,10,4.50425,4.46525,4.46525,4.46525,0.0389999999999997,0.00012500000000015277,0.02168302500000082,True,1.7928771469847071,False,True,outside_p10_p90
8496ce69-482c-406a-a2f0-ac418ef8f099,2025-10-04 00:00:00+00:00,2025-10-04 10:00:00+00:00,11,4.502,4.46475,4.46475,4.46475,0.03724999999999934,-0.0016250000000002096,0.017791200000001332,True,2.185069022887531,False,True,outside_p10_p90
8496ce69-482c-406a-a2f0-ac418ef8f099,2025-10-04 00:00:00+00:00,2025-10-04 11:00:00+00:00,12,4.503,4.4670000000000005,4.4670000000000005,4.4670000000000005,0.03599999999999959,-0.0012500000000001954,0.02075639999999969,True,1.7946271993216714,False,True,outside_p10_p90
8496ce69-482c-406a-a2f0-ac418ef8f099,2025-10-04 00:00:00+00:00,2025-10-04 12:00:00+00:00,13,4.506,4.47075,4.47075,4.47075,0.03525000000000045,0.0017499999999994742,0.015937949999999725,True,2.1019014365085567,False,True,outside_p10_p90
8496ce69-482c-406a-a2f0-ac418ef8f099,2025-10-04 00:00:00+00:00,2025-10-04 13:00:00+00:00,14,4.50675,4.464,4.464,4.464,0.042749999999999844,-0.0011250000000000426,0.017420550000000878,True,2.5185771976199187,False,True,outside_p10_p90
8496ce69-482c-406a-a2f0-ac418ef8f099,2025-10-04 00:00:00+00:00,2025-10-04 14:00:00+00:00,15,4.5025,4.4695,4.4695,4.4695,0.03300000000000036,-0.0021249999999999325,0.01871782499999983,True,1.8765534991378867,False,True,outside_p10_p90
8496ce69-482c-406a-a2f0-ac418ef8f099,2025-10-04 00:00:00+00:00,2025-10-04 15:00:00+00:00,16,4.496,4.470249999999999,4.470249999999999,4.470249999999999,0.025750000000001272,-0.0011250000000004867,0.01630859999999886,True,1.647903560085086,False,True,outside_p10_p90
8496ce69-482c-406a-a2f0-ac418ef8f099,2025-10-04 00:00:00+00:00,2025-10-04 16:00:00+00:00,17,4.49225,4.47625,4.47625,4.47625,0.016000000000000014,-0.002249999999999641,0.018903150000000056,True,0.9654475576821642,False,True,outside_p10_p90
8496ce69-482c-406a-a2f0-ac418ef8f099,2025-10-04 00:00:00+00:00,2025-10-04 17:00:00+00:00,18,4.49525,4.476500000000001,4.476500000000001,4.476500000000001,0.018749999999999822,-0.0016250000000006537,0.015011324999999909,True,1.3573085653665216,False,True,outside_p10_p90
8496ce69-482c-406a-a2f0-ac418ef8f099,2025-10-04 00:00:00+00:00,2025-10-04 18:00:00+00:00,19,4.49325,4.47625,4.47625,4.47625,0.01699999999999946,-0.0016250000000002096,0.017605875000000448,True,1.057885506968509,False,True,outside_p10_p90
8496ce69-482c-406a-a2f0-ac418ef8f099,2025-10-04 00:00:00+00:00,2025-10-04 19:00:00+00:00,20,4.4967500000000005,4.4725,4.4725,4.4725,0.024250000000000327,-0.0012500000000001954,0.017420550000000878,True,1.4637884567363968,False,True,outside_p10_p90
8496ce69-482c-406a-a2f0-ac418ef8f099,2025-10-04 00:00:00+00:00,2025-10-04 20:00:00+00:00,21,4.50175,4.47625,4.47625,4.47625,0.025500000000000078,-0.00025000000000030553,0.01908847500000094,True,1.348981518953144,False,True,outside_p10_p90
8496ce69-482c-406a-a2f0-ac418ef8f099,2025-10-04 00:00:00+00:00,2025-10-04 21:00:00+00:00,22,4.50475,4.479,4.479,4.479,0.025749999999999496,-0.0007499999999995843,0.019644449999999647,True,1.3489815189531678,False,True,outside_p10_p90
8496ce69-482c-406a-a2f0-ac418ef8f099,2025-10-04 00:00:00+00:00,2025-10-04 22:00:00+00:00,23,4.51225,4.48025,4.48025,4.48025,0.03200000000000003,-0.0009999999999998899,0.020941724999999915,True,1.575801420370101,False,True,outside_p10_p90
8496ce69-482c-406a-a2f0-ac418ef8f099,2025-10-04 00:00:00+00:00,2025-10-04 23:00:00+00:00,24,4.51225,4.4915,4.4915,4.4915,0.020749999999999602,0.0,0.021497699999999936,True,0.965219535113043,False,True,outside_p10_p90
8496ce69-482c-406a-a2f0-ac418ef8f099,2025-10-05 00:00:00+00:00,2025-10-05 00:00:00+00:00,1,4.5127500000000005,4.49575,4.49575,4.49575,0.017000000000000348,0.0007500000000000284,0.017605875000000448,True,0.9229873550732302,False,True,outside_p10_p90
8496ce69-482c-406a-a2f0-ac418ef8f099,2025-10-05 00:00:00+00:00,2025-10-05 01:00:00+00:00,2,4.5155,4.5032499999999995,4.5032499999999995,4.5032499999999995,0.01225000000000076,0.0011250000000000426,0.01927380000000051,True,0.5772084383982621,False,True,outside_p10_p90
8496ce69-482c-406a-a2f0-ac418ef8f099,2025-10-05 00:00:00+00:00,2025-10-05 02:00:00+00:00,3,4.502249999999999,4.50075,4.50075,4.50075,0.0014999999999991687,0.001000000000000334,0.020200424999999668,True,0.024751954476148048,False,True,outside_p10_p90
8496ce69-482c-406a-a2f0-ac418ef8f099,2025-10-05 00:00:00+00:00,2025-10-05 03:00:00+00:00,4,4.5,4.50225,4.50225,4.50225,-0.0022500000000000853,-8.881784197001252e-16,0.022980299999997796,True,0.09790994895625439,False,True,outside_p10_p90
8496ce69-482c-406a-a2f0-ac418ef8f099,2025-10-05 00:00:00+00:00,2025-10-05 04:00:00+00:00,5,4.49525,4.51,4.51,4.51,-0.014749999999999375,0.0026250000000000995,0.025204199999999857,True,0.6893692321120913,False,True,outside_p10_p90
8496ce69-482c-406a-a2f0-ac418ef8f099,2025-10-05 00:00:00+00:00,2025-10-05 05:00:00+00:00,6,4.489000000000001,4.5127500000000005,4.5127500000000005,4.5127500000000005,-0.023749999999999716,0.00012500000000015277,0.023165625000000658,True,1.0306218804802025,False,True,outside_p10_p90
8496ce69-482c-406a-a2f0-ac418ef8f099,2025-10-05 00:00:00+00:00,2025-10-05 06:00:00+00:00,7,4.49125,4.513249999999999,4.513249999999999,4.513249999999999,-0.021999999999999353,-0.0007500000000004725,0.025204199999999857,True,0.8431134493457043,False,True,outside_p10_p90
8496ce69-482c-406a-a2f0-ac418ef8f099,2025-10-05 00:00:00+00:00,2025-10-05 07:00:00+00:00,8,4.48925,4.51275,4.51275,4.51275,-0.02349999999999941,-0.0015000000000000568,0.018903150000000056,True,1.1638271928223227,False,True,outside_p10_p90
8496ce69-482c-406a-a2f0-ac418ef8f099,2025-10-05 00:00:00+00:00,2025-10-05 08:00:00+00:00,9,4.4975000000000005,4.5145,4.5145,4.5145,-0.01699999999999946,-0.0018750000000005151,0.02112704999999948,True,0.7159068587426696,False,True,outside_p10_p90
8496ce69-482c-406a-a2f0-ac418ef8f099,2025-10-05 00:00:00+00:00,2025-10-05 09:00:00+00:00,10,4.49475,4.50425,4.50425,4.50425,-0.009500000000000064,0.00012500000000015277,0.02168302500000082,True,0.44389562803159854,False,True,outside_p10_p90
8496ce69-482c-406a-a2f0-ac418ef8f099,2025-10-05 00:00:00+00:00,2025-10-05 10:00:00+00:00,11,4.49275,4.502,4.502,4.502,-0.009249999999999758,-0.0016250000000002096,0.017791200000001332,True,0.42858267008402906,False,True,outside_p10_p90
8496ce69-482c-406a-a2f0-ac418ef8f099,2025-10-05 00:00:00+00:00,2025-10-05 11:00:00+00:00,12,4.4925,4.503,4.503,4.503,-0.010500000000000398,-0.0012500000000001954,0.02075639999999969,True,0.4456456803684811,False,True,outside_p10_p90
8496ce69-482c-406a-a2f0-ac418ef8f099,2025-10-05 00:00:00+00:00,2025-10-05 12:00:00+00:00,13,4.495,4.506,4.506,4.506,-0.01100000000000012,0.0017499999999994742,0.015937949999999725,True,0.7999774124024617,False,True,outside_p10_p90
8496ce69-482c-406a-a2f0-ac418ef8f099,2025-10-05 00:00:00+00:00,2025-10-05 13:00:00+00:00,14,4.505,4.50675,4.50675,4.50675,-0.0017500000000003624,-0.0011250000000000426,0.017420550000000878,True,0.03587716805728225,False,True,outside_p10_p90
8496ce69-482c-406a-a2f0-ac418ef8f099,2025-10-05 00:00:00+00:00,2025-10-05 14:00:00+00:00,15,4.5055000000000005,4.5025,4.5025,4.5025,0.0030000000000001137,-0.0021249999999999325,0.01871782499999983,True,0.2738031795895139,False,True,outside_p10_p90
8496ce69-482c-406a-a2f0-ac418ef8f099,2025-10-05 00:00:00+00:00,2025-10-05 15:00:00+00:00,16,4.50425,4.496,4.496,4.496,0.008249999999999424,-0.0011250000000004867,0.01630859999999886,True,0.5748500790994056,False,True,outside_p10_p90
8496ce69-482c-406a-a2f0-ac418ef8f099,2025-10-05 00:00:00+00:00,2025-10-05 16:00:00+00:00,17,4.4985,4.49225,4.49225,4.49225,0.006249999999999645,-0.002249999999999641,0.018903150000000056,True,0.449660506317691,False,True,outside_p10_p90
8496ce69-482c-406a-a2f0-ac418ef8f099,2025-10-05 00:00:00+00:00,2025-10-05 17:00:00+00:00,18,4.496,4.49525,4.49525,4.49525,0.0007500000000000284,-0.0016250000000006537,0.015011324999999909,True,0.15821388185258106,False,True,outside_p10_p90
8496ce69-482c-406a-a2f0-ac418ef8f099,2025-10-05 00:00:00+00:00,2025-10-05 18:00:00+00:00,19,4.49625,4.49325,4.49325,4.49325,0.0030000000000001137,-0.0016250000000002096,0.017605875000000448,True,0.2626964010593172,False,True,outside_p10_p90
8496ce69-482c-406a-a2f0-ac418ef8f099,2025-10-05 00:00:00+00:00,2025-10-05 19:00:00+00:00,20,4.49525,4.4967500000000005,4.4967500000000005,4.4967500000000005,-0.0015000000000000568,-0.0012500000000001954,0.017420550000000878,True,0.014350867222897603,False,True,outside_p10_p90
8496ce69-482c-406a-a2f0-ac418ef8f099,2025-10-05 00:00:00+00:00,2025-10-05 20:00:00+00:00,21,4.499,4.50175,4.50175,4.50175,-0.0027500000000006963,-0.00025000000000030553,0.01908847500000094,True,0.1309690795100325,False,True,outside_p10_p90
8496ce69-482c-406a-a2f0-ac418ef8f099,2025-10-05 00:00:00+00:00,2025-10-05 21:00:00+00:00,22,4.503,4.50475,4.50475,4.50475,-0.0017499999999994742,-0.0007499999999995843,0.019644449999999647,True,0.05090496297936098,False,True,outside_p10_p90
8496ce69-482c-406a-a2f0-ac418ef8f099,2025-10-05 00:00:00+00:00,2025-10-05 22:00:00+00:00,23,4.499,4.51225,4.51225,4.51225,-0.013250000000000206,-0.0009999999999998899,0.020941724999999915,True,0.5849565878646752,False,True,outside_p10_p90
8496ce69-482c-406a-a2f0-ac418ef8f099,2025-10-05 00:00:00+00:00,2025-10-05 23:00:00+00:00,24,4.49775,4.51225,4.51225,4.51225,-0.014499999999999957,0.0,0.021497699999999936,True,0.6744907594765952,False,True,outside_p10_p90
8496ce69-482c-406a-a2f0-ac418ef8f099,2025-10-06 00:00:00+00:00,2025-10-06 00:00:00+00:00,1,4.498,4.5127500000000005,4.5127500000000005,4.5127500000000005,-0.014750000000000263,0.0007500000000000284,0.017605875000000448,True,0.8803879386852341,False,True,outside_p10_p90
8496ce69-482c-406a-a2f0-ac418ef8f099,2025-10-06 00:00:00+00:00,2025-10-06 01:00:00+00:00,2,4.5,4.5155,4.5155,4.5155,-0.015500000000000291,0.0011250000000000426,0.01927380000000051,True,0.8625699135614094,False,True,outside_p10_p90
8496ce69-482c-406a-a2f0-ac418ef8f099,2025-10-06 00:00:00+00:00,2025-10-06 02:00:00+00:00,3,4.5035,4.502249999999999,4.502249999999999,4.502249999999999,0.0012500000000006395,0.001000000000000334,0.020200424999999668,True,0.012375977238117992,False,True,outside_p10_p90
8496ce69-482c-406a-a2f0-ac418ef8f099,2025-10-06 00:00:00+00:00,2025-10-06 03:00:00+00:00,4,4.503,4.5,4.5,4.5,0.0030000000000001137,-8.881784197001252e-16,0.022980299999997796,True,0.13054659860842938,False,True,outside_p10_p90
8496ce69-482c-406a-a2f0-ac418ef8f099,2025-10-06 00:00:00+00:00,2025-10-06 04:00:00+00:00,5,4.5047500000000005,4.49525,4.49525,4.49525,0.009500000000000064,0.0026250000000000995,0.025204199999999857,True,0.27277199831774085,False,True,outside_p10_p90
8496ce69-482c-406a-a2f0-ac418ef8f099,2025-10-06 00:00:00+00:00,2025-10-06 05:00:00+00:00,6,4.50625,4.489000000000001,4.489000000000001,4.489000000000001,0.017249999999998877,0.00012500000000015277,0.023165625000000658,True,0.7392418723862723,False,True,outside_p10_p90
8496ce69-482c-406a-a2f0-ac418ef8f099,2025-10-06 00:00:00+00:00,2025-10-06 06:00:00+00:00,7,4.5115,4.49125,4.49125,4.49125,0.02024999999999988,-0.0007500000000004725,0.025204199999999857,True,0.8331944675887539,False,True,outside_p10_p90
8496ce69-482c-406a-a2f0-ac418ef8f099,2025-10-06 00:00:00+00:00,2025-10-06 07:00:00+00:00,8,4.51225,4.48925,4.48925,4.48925,0.022999999999999687,-0.0015000000000000568,0.018903150000000056,True,1.296080282915793,False,True,outside_p10_p90
8496ce69-482c-406a-a2f0-ac418ef8f099,2025-10-06 00:00:00+00:00,2025-10-06 08:00:00+00:00,9,4.50925,4.4975000000000005,4.4975000000000005,4.4975000000000005,0.011749999999999261,-0.0018750000000005151,0.02112704999999948,True,0.6449078314293814,False,True,outside_p10_p90
8496ce69-482c-406a-a2f0-ac418ef8f099,2025-10-06 00:00:00+00:00,2025-10-06 09:00:00+00:00,10,4.51825,4.49475,4.49475,4.49475,0.0235000000000003,0.00012500000000015277,0.02168302500000082,True,1.0780322395052933,False,True,outside_p10_p90
8496ce69-482c-406a-a2f0-ac418ef8f099,2025-10-06 00:00:00+00:00,2025-10-06 10:00:00+00:00,11,4.529749999999999,4.49275,4.49275,4.49275,0.036999999999999034,-0.0016250000000002096,0.017791200000001332,True,2.1710171320650855,False,True,outside_p10_p90
8496ce69-482c-406a-a2f0-ac418ef8f099,2025-10-06 00:00:00+00:00,2025-10-06 11:00:00+00:00,12,4.53525,4.4925,4.4925,4.4925,0.042749999999999844,-0.0012500000000001954,0.02075639999999969,True,2.11982810121219,False,True,outside_p10_p90
8496ce69-482c-406a-a2f0-ac418ef8f099,2025-10-06 00:00:00+00:00,2025-10-06 12:00:00+00:00,13,4.529249999999999,4.495,4.495,4.495,0.034249999999999226,0.0017499999999994742,0.015937949999999725,True,2.03915811004554,False,True,outside_p10_p90
8496ce69-482c-406a-a2f0-ac418ef8f099,2025-10-06 00:00:00+00:00,2025-10-06 13:00:00+00:00,14,4.519,4.505,4.505,4.505,0.014000000000000234,-0.0011250000000000426,0.017420550000000878,True,0.8682274669858021,False,True,outside_p10_p90
8496ce69-482c-406a-a2f0-ac418ef8f099,2025-10-06 00:00:00+00:00,2025-10-06 14:00:00+00:00,15,4.51525,4.5055000000000005,4.5055000000000005,4.5055000000000005,0.009749999999999481,-0.0021249999999999325,0.01871782499999983,True,0.634422001487861,False,True,outside_p10_p90
8496ce69-482c-406a-a2f0-ac418ef8f099,2025-10-06 00:00:00+00:00,2025-10-06 15:00:00+00:00,16,4.511749999999999,4.50425,4.50425,4.50425,0.007499999999999396,-0.0011250000000004867,0.01630859999999886,True,0.5288620727714509,False,True,outside_p10_p90
8496ce69-482c-406a-a2f0-ac418ef8f099,2025-10-06 00:00:00+00:00,2025-10-06 16:00:00+00:00,17,4.4967500000000005,4.4985,4.4985,4.4985,-0.0017499999999994742,-0.002249999999999641,0.018903150000000056,True,0.02645061801869876,False,True,outside_p10_p90
8496ce69-482c-406a-a2f0-ac418ef8f099,2025-10-06 00:00:00+00:00,2025-10-06 17:00:00+00:00,18,4.496,4.496,4.496,4.496,0.0,-0.0016250000000006537,0.015011324999999909,False,0.10825160337283109,False,False,
8496ce69-482c-406a-a2f0-ac418ef8f099,2025-10-06 00:00:00+00:00,2025-10-06 18:00:00+00:00,19,4.491,4.49625,4.49625,4.49625,-0.005250000000000199,-0.0016250000000002096,0.017605875000000448,True,0.205897179208639,False,True,outside_p10_p90
8496ce69-482c-406a-a2f0-ac418ef8f099,2025-10-06 00:00:00+00:00,2025-10-06 19:00:00+00:00,20,4.491,4.49525,4.49525,4.49525,-0.004250000000000753,-0.0012500000000001954,0.017420550000000878,True,0.1722104066748987,False,True,outside_p10_p90
8496ce69-482c-406a-a2f0-ac418ef8f099,2025-10-06 00:00:00+00:00,2025-10-06 20:00:00+00:00,21,4.49775,4.499,4.499,4.499,-0.0012499999999997513,-0.00025000000000030553,0.01908847500000094,True,0.05238763180397578,False,True,outside_p10_p90
8496ce69-482c-406a-a2f0-ac418ef8f099,2025-10-06 00:00:00+00:00,2025-10-06 21:00:00+00:00,22,4.495,4.503,4.503,4.503,-0.008000000000000007,-0.0007499999999995843,0.019644449999999647,True,0.36906098160042927,False,True,outside_p10_p90
8496ce69-482c-406a-a2f0-ac418ef8f099,2025-10-06 00:00:00+00:00,2025-10-06 22:00:00+00:00,23,4.4915,4.499,4.499,4.499,-0.007499999999999396,-0.0009999999999998899,0.020941724999999915,True,0.31038512825469405,False,True,outside_p10_p90
8496ce69-482c-406a-a2f0-ac418ef8f099,2025-10-06 00:00:00+00:00,2025-10-06 23:00:00+00:00,24,4.49275,4.49775,4.49775,4.49775,-0.004999999999999893,0.0,0.021497699999999936,True,0.2325830205091665,False,True,outside_p10_p90
8496ce69-482c-406a-a2f0-ac418ef8f099,2025-10-07 00:00:00+00:00,2025-10-07 00:00:00+00:00,1,4.49175,4.498,4.498,4.498,-0.006250000000000533,0.0007500000000000284,0.017605875000000448,True,0.3975945529546463,False,True,outside_p10_p90
8496ce69-482c-406a-a2f0-ac418ef8f099,2025-10-07 00:00:00+00:00,2025-10-07 01:00:00+00:00,2,4.4885,4.5,4.5,4.5,-0.011499999999999844,0.0011250000000000426,0.01927380000000051,True,0.655034295260901,False,True,outside_p10_p90
8496ce69-482c-406a-a2f0-ac418ef8f099,2025-10-07 00:00:00+00:00,2025-10-07 02:00:00+00:00,3,4.51675,4.5035,4.5035,4.5035,0.013250000000000206,0.001000000000000334,0.020200424999999668,True,0.6064228846670342,False,True,outside_p10_p90
8496ce69-482c-406a-a2f0-ac418ef8f099,2025-10-07 00:00:00+00:00,2025-10-07 03:00:00+00:00,4,4.549,4.503,4.503,4.503,0.04600000000000026,-8.881784197001252e-16,0.022980299999997796,True,2.001714511995299,False,True,outside_p10_p90
8496ce69-482c-406a-a2f0-ac418ef8f099,2025-10-07 00:00:00+00:00,2025-10-07 04:00:00+00:00,5,4.50925,4.5047500000000005,4.5047500000000005,4.5047500000000005,0.004499999999999282,0.0026250000000000995,0.025204199999999857,True,0.07439236317753364,False,True,outside_p10_p90
8496ce69-482c-406a-a2f0-ac418ef8f099,2025-10-07 00:00:00+00:00,2025-10-07 05:00:00+00:00,6,4.493,4.50625,4.50625,4.50625,-0.013249999999999318,0.00012500000000015277,0.023165625000000658,True,0.5773640901119262,False,True,outside_p10_p90
8496ce69-482c-406a-a2f0-ac418ef8f099,2025-10-07 00:00:00+00:00,2025-10-07 06:00:00+00:00,7,4.48075,4.5115,4.5115,4.5115,-0.030750000000000277,-0.0007500000000004725,0.025204199999999857,True,1.1902778108410492,False,True,outside_p10_p90
8496ce69-482c-406a-a2f0-ac418ef8f099,2025-10-07 00:00:00+00:00,2025-10-07 07:00:00+00:00,8,4.47375,4.51225,4.51225,4.51225,-0.03849999999999998,-0.0015000000000000568,0.018903150000000056,True,1.9573457333830506,False,True,outside_p10_p90
8496ce69-482c-406a-a2f0-ac418ef8f099,2025-10-07 00:00:00+00:00,2025-10-07 08:00:00+00:00,9,4.48275,4.50925,4.50925,4.50925,-0.026499999999999524,-0.0018750000000005151,0.02112704999999948,True,1.1655673650604137,False,True,outside_p10_p90
8496ce69-482c-406a-a2f0-ac418ef8f099,2025-10-07 00:00:00+00:00,2025-10-07 09:00:00+00:00,10,4.49625,4.51825,4.51825,4.51825,-0.02200000000000024,0.00012500000000015277,0.02168302500000082,True,1.0203834566440595,False,True,outside_p10_p90
8496ce69-482c-406a-a2f0-ac418ef8f099,2025-10-07 00:00:00+00:00,2025-10-07 10:00:00+00:00,11,4.4875,4.529749999999999,4.529749999999999,4.529749999999999,-0.04224999999999923,-0.0016250000000002096,0.017791200000001332,True,2.2834322586444973,False,True,outside_p10_p90
8496ce69-482c-406a-a2f0-ac418ef8f099,2025-10-07 00:00:00+00:00,2025-10-07 11:00:00+00:00,12,4.49175,4.53525,4.53525,4.53525,-0.04349999999999987,-0.0012500000000001954,0.02075639999999969,True,2.035516756277597,False,True,outside_p10_p90
8496ce69-482c-406a-a2f0-ac418ef8f099,2025-10-07 00:00:00+00:00,2025-10-07 12:00:00+00:00,13,4.497,4.529249999999999,4.529249999999999,4.529249999999999,-0.032249999999999446,0.0017499999999994742,0.015937949999999725,True,2.133273099739898,False,True,outside_p10_p90
8496ce69-482c-406a-a2f0-ac418ef8f099,2025-10-07 00:00:00+00:00,2025-10-07 13:00:00+00:00,14,4.496,4.519,4.519,4.519,-0.022999999999999687,-0.0011250000000000426,0.017420550000000878,True,1.255700882004216,False,True,outside_p10_p90
8496ce69-482c-406a-a2f0-ac418ef8f099,2025-10-07 00:00:00+00:00,2025-10-07 14:00:00+00:00,15,4.51275,4.51525,4.51525,4.51525,-0.002500000000000391,-0.0021249999999999325,0.01871782499999983,True,0.020034378994378977,False,True,outside_p10_p90
8496ce69-482c-406a-a2f0-ac418ef8f099,2025-10-07 00:00:00+00:00,2025-10-07 15:00:00+00:00,16,4.55825,4.511749999999999,4.511749999999999,4.511749999999999,0.046500000000000874,-0.0011250000000004867,0.01630859999999886,True,2.9202384018250913,False,True,outside_p10_p90
8496ce69-482c-406a-a2f0-ac418ef8f099,2025-10-07 00:00:00+00:00,2025-10-07 16:00:00+00:00,17,4.52225,4.4967500000000005,4.4967500000000005,4.4967500000000005,0.02549999999999919,-0.002249999999999641,0.018903150000000056,True,1.4680093000372292,False,True,outside_p10_p90
8496ce69-482c-406a-a2f0-ac418ef8f099,2025-10-07 00:00:00+00:00,2025-10-07 17:00:00+00:00,18,4.50225,4.496,4.496,4.496,0.006249999999999645,-0.0016250000000006537,0.015011324999999909,True,0.5246039240373749,False,True,outside_p10_p90
8496ce69-482c-406a-a2f0-ac418ef8f099,2025-10-07 00:00:00+00:00,2025-10-07 18:00:00+00:00,19,4.503,4.491,4.491,4.491,0.012000000000000455,-0.0016250000000002096,0.017605875000000448,True,0.7738893977152693,False,True,outside_p10_p90
8496ce69-482c-406a-a2f0-ac418ef8f099,2025-10-07 00:00:00+00:00,2025-10-07 19:00:00+00:00,20,4.49575,4.491,4.491,4.491,0.004750000000000476,-0.0012500000000001954,0.017420550000000878,True,0.3444208133497719,False,True,outside_p10_p90
8496ce69-482c-406a-a2f0-ac418ef8f099,2025-10-07 00:00:00+00:00,2025-10-07 20:00:00+00:00,21,4.4982500000000005,4.49775,4.49775,4.49775,0.0005000000000006111,-0.00025000000000030553,0.01908847500000094,True,0.03929072385305163,False,True,outside_p10_p90
8496ce69-482c-406a-a2f0-ac418ef8f099,2025-10-07 00:00:00+00:00,2025-10-07 21:00:00+00:00,22,4.49775,4.495,4.495,4.495,0.002749999999999808,-0.0007499999999995843,0.019644449999999647,True,0.17816737042775213,False,True,outside_p10_p90
8496ce69-482c-406a-a2f0-ac418ef8f099,2025-10-07 00:00:00+00:00,2025-10-07 22:00:00+00:00,23,4.4965,4.4915,4.4915,4.4915,0.004999999999999893,-0.0009999999999998899,0.020941724999999915,True,0.28650934915819054,False,True,outside_p10_p90
8496ce69-482c-406a-a2f0-ac418ef8f099,2025-10-07 00:00:00+00:00,2025-10-07 23:00:00+00:00,24,4.492500000000001,4.49275,4.49275,4.49275,-0.00024999999999941735,0.0,0.021497699999999936,True,0.01162915102543147,False,True,outside_p10_p90
8496ce69-482c-406a-a2f0-ac418ef8f099,2025-10-08 00:00:00+00:00,2025-10-08 00:00:00+00:00,1,4.4885,4.49175,4.49175,4.49175,-0.003249999999999531,0.0007500000000000284,0.017605875000000448,True,0.2271968874026118,False,True,outside_p10_p90
8496ce69-482c-406a-a2f0-ac418ef8f099,2025-10-08 00:00:00+00:00,2025-10-08 01:00:00+00:00,2,4.4830000000000005,4.4885,4.4885,4.4885,-0.005499999999999616,0.0011250000000000426,0.01927380000000051,True,0.3437308678101611,False,True,outside_p10_p90
8496ce69-482c-406a-a2f0-ac418ef8f099,2025-10-08 00:00:00+00:00,2025-10-08 02:00:00+00:00,3,4.48525,4.51675,4.51675,4.51675,-0.031500000000000306,0.001000000000000334,0.020200424999999668,True,1.6088770409534043,False,True,outside_p10_p90
8496ce69-482c-406a-a2f0-ac418ef8f099,2025-10-08 00:00:00+00:00,2025-10-08 03:00:00+00:00,4,4.6145,4.549,4.549,4.549,0.06549999999999923,-8.881784197001252e-16,0.022980299999997796,True,2.850267402949761,False,True,outside_p10_p90
8496ce69-482c-406a-a2f0-ac418ef8f099,2025-10-08 00:00:00+00:00,2025-10-08 04:00:00+00:00,5,4.5985000000000005,4.50925,4.50925,4.50925,0.08925000000000072,0.0026250000000000995,0.025204199999999857,True,3.4369271788035767,False,True,outside_p10_p90
8496ce69-482c-406a-a2f0-ac418ef8f099,2025-10-08 00:00:00+00:00,2025-10-08 05:00:00+00:00,6,4.5215,4.493,4.493,4.493,0.028499999999999304,0.00012500000000015277,0.023165625000000658,True,1.2248752192094254,False,True,outside_p10_p90
8496ce69-482c-406a-a2f0-ac418ef8f099,2025-10-08 00:00:00+00:00,2025-10-08 06:00:00+00:00,7,4.492000000000001,4.48075,4.48075,4.48075,0.011250000000001315,-0.0007500000000004725,0.025204199999999857,True,0.4761111243364937,False,True,outside_p10_p90
8496ce69-482c-406a-a2f0-ac418ef8f099,2025-10-08 00:00:00+00:00,2025-10-08 07:00:00+00:00,8,4.48125,4.47375,4.47375,4.47375,0.007500000000000284,-0.0015000000000000568,0.018903150000000056,True,0.47611112433643676,False,True,outside_p10_p90
8496ce69-482c-406a-a2f0-ac418ef8f099,2025-10-08 00:00:00+00:00,2025-10-08 08:00:00+00:00,9,4.47625,4.48275,4.48275,4.48275,-0.00649999999999995,-0.0018750000000005151,0.02112704999999948,True,0.2189136675493999,False,True,outside_p10_p90
8496ce69-482c-406a-a2f0-ac418ef8f099,2025-10-08 00:00:00+00:00,2025-10-08 09:00:00+00:00,10,4.4712499999999995,4.49625,4.49625,4.49625,-0.025000000000000355,0.00012500000000015277,0.02168302500000082,True,1.1587405355110534,False,True,outside_p10_p90
8496ce69-482c-406a-a2f0-ac418ef8f099,2025-10-08 00:00:00+00:00,2025-10-08 10:00:00+00:00,11,4.47525,4.4875,4.4875,4.4875,-0.012249999999999872,-0.0016250000000002096,0.017791200000001332,True,0.5972053599531716,False,True,outside_p10_p90
8496ce69-482c-406a-a2f0-ac418ef8f099,2025-10-08 00:00:00+00:00,2025-10-08 11:00:00+00:00,12,4.47375,4.49175,4.49175,4.49175,-0.017999999999999794,-0.0012500000000001954,0.02075639999999969,True,0.8069800158023477,False,True,outside_p10_p90
8496ce69-482c-406a-a2f0-ac418ef8f099,2025-10-08 00:00:00+00:00,2025-10-08 12:00:00+00:00,13,4.47925,4.497,4.497,4.497,-0.01774999999999949,0.0017499999999994742,0.015937949999999725,True,1.2234948660272682,False,True,outside_p10_p90
8496ce69-482c-406a-a2f0-ac418ef8f099,2025-10-08 00:00:00+00:00,2025-10-08 13:00:00+00:00,14,4.48275,4.496,4.496,4.496,-0.013250000000000206,-0.0011250000000000426,0.017420550000000878,True,0.6960170603109289,False,True,outside_p10_p90
8496ce69-482c-406a-a2f0-ac418ef8f099,2025-10-08 00:00:00+00:00,2025-10-08 14:00:00+00:00,15,4.48275,4.51275,4.51275,4.51275,-0.02999999999999936,-0.0021249999999999325,0.01871782499999983,True,1.4892221719136534,False,True,outside_p10_p90
8496ce69-482c-406a-a2f0-ac418ef8f099,2025-10-08 00:00:00+00:00,2025-10-08 15:00:00+00:00,16,4.59925,4.55825,4.55825,4.55825,0.04099999999999948,-0.0011250000000004867,0.01630859999999886,True,2.582993022086685,False,True,outside_p10_p90
8496ce69-482c-406a-a2f0-ac418ef8f099,2025-10-08 00:00:00+00:00,2025-10-08 16:00:00+00:00,17,4.625,4.52225,4.52225,4.52225,0.10275000000000034,-0.002249999999999641,0.018903150000000056,True,5.554629783924884,True,True,outside_p10_p90|large_residual
8496ce69-482c-406a-a2f0-ac418ef8f099,2025-10-08 00:00:00+00:00,2025-10-08 17:00:00+00:00,18,4.532,4.50225,4.50225,4.50225,0.029749999999999943,-0.0016250000000006537,0.015011324999999909,True,2.090088649736168,False,True,outside_p10_p90
8496ce69-482c-406a-a2f0-ac418ef8f099,2025-10-08 00:00:00+00:00,2025-10-08 18:00:00+00:00,19,4.502000000000001,4.503,4.503,4.503,-0.0009999999999994458,-0.0016250000000002096,0.017605875000000448,True,0.03549951365670539,False,True,outside_p10_p90
8496ce69-482c-406a-a2f0-ac418ef8f099,2025-10-08 00:00:00+00:00,2025-10-08 19:00:00+00:00,20,4.487,4.49575,4.49575,4.49575,-0.008750000000000036,-0.0012500000000001954,0.017420550000000878,True,0.43052601668715756,False,True,outside_p10_p90
8496ce69-482c-406a-a2f0-ac418ef8f099,2025-10-08 00:00:00+00:00,2025-10-08 20:00:00+00:00,21,4.484,4.4982500000000005,4.4982500000000005,4.4982500000000005,-0.01425000000000054,-0.00025000000000030553,0.01908847500000094,True,0.7334268452560796,False,True,outside_p10_p90
8496ce69-482c-406a-a2f0-ac418ef8f099,2025-10-08 00:00:00+00:00,2025-10-08 21:00:00+00:00,22,4.47825,4.49775,4.49775,4.49775,-0.01949999999999985,-0.0007499999999995843,0.019644449999999647,True,0.9544680558631371,False,True,outside_p10_p90
8496ce69-482c-406a-a2f0-ac418ef8f099,2025-10-08 00:00:00+00:00,2025-10-08 22:00:00+00:00,23,4.480499999999999,4.4965,4.4965,4.4965,-0.016000000000000902,-0.0009999999999998899,0.020941724999999915,True,0.7162733728955506,False,True,outside_p10_p90
8496ce69-482c-406a-a2f0-ac418ef8f099,2025-10-08 00:00:00+00:00,2025-10-08 23:00:00+00:00,24,4.482749999999999,4.492500000000001,4.492500000000001,4.492500000000001,-0.009750000000001258,0.0,0.021497699999999936,True,0.45353688999294284,False,True,outside_p10_p90
8496ce69-482c-406a-a2f0-ac418ef8f099,2025-10-09 00:00:00+00:00,2025-10-09 00:00:00+00:00,1,4.4815000000000005,4.4885,4.4885,4.4885,-0.006999999999999673,0.0007500000000000284,0.017605875000000448,True,0.44019396934259186,False,True,outside_p10_p90
8496ce69-482c-406a-a2f0-ac418ef8f099,2025-10-09 00:00:00+00:00,2025-10-09 01:00:00+00:00,2,4.4765,4.4830000000000005,4.4830000000000005,4.4830000000000005,-0.0065000000000008384,0.0011250000000000426,0.01927380000000051,True,0.39561477238534587,False,True,outside_p10_p90
8496ce69-482c-406a-a2f0-ac418ef8f099,2025-10-09 00:00:00+00:00,2025-10-09 02:00:00+00:00,3,4.47275,4.48525,4.48525,4.48525,-0.012500000000000178,0.001000000000000334,0.020200424999999668,True,0.6683027708575802,False,True,outside_p10_p90
8496ce69-482c-406a-a2f0-ac418ef8f099,2025-10-09 00:00:00+00:00,2025-10-09 03:00:00+00:00,4,4.486,4.6145,4.6145,4.6145,-0.12849999999999984,-8.881784197001252e-16,0.022980299999997796,True,5.5917459737258115,True,True,outside_p10_p90|large_residual
8496ce69-482c-406a-a2f0-ac418ef8f099,2025-10-09 00:00:00+00:00,2025-10-09 04:00:00+00:00,5,4.58775,4.5985000000000005,4.5985000000000005,4.5985000000000005,-0.010750000000000703,0.0026250000000000995,0.025204199999999857,True,0.5306655240000031,False,True,outside_p10_p90
8496ce69-482c-406a-a2f0-ac418ef8f099,2025-10-09 00:00:00+00:00,2025-10-09 05:00:00+00:00,6,4.546749999999999,4.5215,4.5215,4.5215,0.025249999999999773,0.00012500000000015277,0.023165625000000658,True,1.0845811412383177,False,True,outside_p10_p90
8496ce69-482c-406a-a2f0-ac418ef8f099,2025-10-09 00:00:00+00:00,2025-10-09 06:00:00+00:00,7,4.502,4.492000000000001,4.492000000000001,4.492000000000001,0.009999999999998899,-0.0007500000000004725,0.025204199999999857,True,0.42651621555135383,False,True,outside_p10_p90
8496ce69-482c-406a-a2f0-ac418ef8f099,2025-10-09 00:00:00+00:00,2025-10-09 07:00:00+00:00,8,4.48275,4.48125,4.48125,4.48125,0.0015000000000000568,-0.0015000000000000568,0.018903150000000056,True,0.1587037081121456,False,True,outside_p10_p90
8496ce69-482c-406a-a2f0-ac418ef8f099,2025-10-09 00:00:00+00:00,2025-10-09 08:00:00+00:00,9,4.47925,4.47625,4.47625,4.47625,0.0030000000000001137,-0.0018750000000005151,0.02112704999999948,True,0.23074683876834431,False,True,outside_p10_p90
8496ce69-482c-406a-a2f0-ac418ef8f099,2025-10-09 00:00:00+00:00,2025-10-09 09:00:00+00:00,10,4.478,4.4712499999999995,4.4712499999999995,4.4712499999999995,0.006750000000000256,0.00012500000000015277,0.02168302500000082,True,0.30553854916460466,False,True,outside_p10_p90
8496ce69-482c-406a-a2f0-ac418ef8f099,2025-10-09 00:00:00+00:00,2025-10-09 10:00:00+00:00,11,4.47725,4.47525,4.47525,4.47525,0.0019999999999997797,-0.0016250000000002096,0.017791200000001332,True,0.2037524169252056,False,True,outside_p10_p90
8496ce69-482c-406a-a2f0-ac418ef8f099,2025-10-09 00:00:00+00:00,2025-10-09 11:00:00+00:00,12,4.47375,4.47375,4.47375,4.47375,0.0,-0.0012500000000001954,0.02075639999999969,False,0.06022238923899203,False,False,
8496ce69-482c-406a-a2f0-ac418ef8f099,2025-10-09 00:00:00+00:00,2025-10-09 12:00:00+00:00,13,4.47325,4.47925,4.47925,4.47925,-0.006000000000000227,0.0017499999999994742,0.015937949999999725,True,0.4862607800877676,False,True,outside_p10_p90
8496ce69-482c-406a-a2f0-ac418ef8f099,2025-10-09 00:00:00+00:00,2025-10-09 13:00:00+00:00,14,4.47775,4.48275,4.48275,4.48275,-0.004999999999999893,-0.0011250000000000426,0.017420550000000878,True,0.22243844195502757,False,True,outside_p10_p90
8496ce69-482c-406a-a2f0-ac418ef8f099,2025-10-09 00:00:00+00:00,2025-10-09 14:00:00+00:00,15,4.474,4.48275,4.48275,4.48275,-0.008750000000000036,-0.0021249999999999325,0.01871782499999983,True,0.3539406955669349,False,True,outside_p10_p90
8496ce69-482c-406a-a2f0-ac418ef8f099,2025-10-09 00:00:00+00:00,2025-10-09 15:00:00+00:00,16,4.471500000000001,4.59925,4.59925,4.59925,-0.12774999999999892,-0.0011250000000004867,0.01630859999999886,True,7.764308401702615,True,True,outside_p10_p90|large_residual
8496ce69-482c-406a-a2f0-ac418ef8f099,2025-10-09 00:00:00+00:00,2025-10-09 16:00:00+00:00,17,4.64075,4.625,4.625,4.625,0.01574999999999971,-0.002249999999999641,0.018903150000000056,True,0.952222248672803,False,True,outside_p10_p90
8496ce69-482c-406a-a2f0-ac418ef8f099,2025-10-09 00:00:00+00:00,2025-10-09 17:00:00+00:00,18,4.5845,4.532,4.532,4.532,0.05250000000000021,-0.0016250000000006537,0.015011324999999909,True,3.605611096955212,True,True,outside_p10_p90|large_residual
8496ce69-482c-406a-a2f0-ac418ef8f099,2025-10-09 00:00:00+00:00,2025-10-09 18:00:00+00:00,19,4.5125,4.502000000000001,4.502000000000001,4.502000000000001,0.01049999999999951,-0.0016250000000002096,0.017605875000000448,True,0.6886905649392269,False,True,outside_p10_p90
8496ce69-482c-406a-a2f0-ac418ef8f099,2025-10-09 00:00:00+00:00,2025-10-09 19:00:00+00:00,20,4.4799999999999995,4.487,4.487,4.487,-0.007000000000000561,-0.0012500000000001954,0.017420550000000878,True,0.3300699461268488,False,True,outside_p10_p90
8496ce69-482c-406a-a2f0-ac418ef8f099,2025-10-09 00:00:00+00:00,2025-10-09 20:00:00+00:00,21,4.4755,4.484,4.484,4.484,-0.00849999999999973,-0.00025000000000030553,0.01908847500000094,True,0.4321979623830095,False,True,outside_p10_p90
8496ce69-482c-406a-a2f0-ac418ef8f099,2025-10-09 00:00:00+00:00,2025-10-09 21:00:00+00:00,22,4.4712499999999995,4.47825,4.47825,4.47825,-0.007000000000000561,-0.0007499999999995843,0.019644449999999647,True,0.3181560186210909,False,True,outside_p10_p90
8496ce69-482c-406a-a2f0-ac418ef8f099,2025-10-09 00:00:00+00:00,2025-10-09 22:00:00+00:00,23,4.465,4.480499999999999,4.480499999999999,4.480499999999999,-0.015499999999999403,-0.0009999999999998899,0.020941724999999915,True,0.6923975937989623,False,True,outside_p10_p90
8496ce69-482c-406a-a2f0-ac418ef8f099,2025-10-09 00:00:00+00:00,2025-10-09 23:00:00+00:00,24,4.4712499999999995,4.482749999999999,4.482749999999999,4.482749999999999,-0.011499999999999844,0.0,0.021497699999999936,True,0.5349409471710871,False,True,outside_p10_p90
8496ce69-482c-406a-a2f0-ac418ef8f099,2025-10-10 00:00:00+00:00,2025-10-10 00:00:00+00:00,1,4.468500000000001,4.4815000000000005,4.4815000000000005,4.4815000000000005,-0.0129999999999999,0.0007500000000000284,0.017605875000000448,True,0.78098930044656,False,True,outside_p10_p90
8496ce69-482c-406a-a2f0-ac418ef8f099,2025-10-10 00:00:00+00:00,2025-10-10 01:00:00+00:00,2,4.46875,4.4765,4.4765,4.4765,-0.007749999999999702,0.0011250000000000426,0.01927380000000051,True,0.4604696531041885,False,True,outside_p10_p90
8496ce69-482c-406a-a2f0-ac418ef8f099,2025-10-10 00:00:00+00:00,2025-10-10 02:00:00+00:00,3,4.47025,4.47275,4.47275,4.47275,-0.0024999999999995026,0.001000000000000334,0.020200424999999668,True,0.17326368133343206,False,True,outside_p10_p90
8496ce69-482c-406a-a2f0-ac418ef8f099,2025-10-10 00:00:00+00:00,2025-10-10 03:00:00+00:00,4,4.46575,4.486,4.486,4.486,-0.02024999999999988,-8.881784197001252e-16,0.022980299999997796,True,0.8811895406065601,False,True,outside_p10_p90
8496ce69-482c-406a-a2f0-ac418ef8f099,2025-10-10 00:00:00+00:00,2025-10-10 04:00:00+00:00,5,4.53175,4.58775,4.58775,4.58775,-0.05600000000000005,0.0026250000000000995,0.025204199999999857,True,2.3260012220185717,False,True,outside_p10_p90
8496ce69-482c-406a-a2f0-ac418ef8f099,2025-10-10 00:00:00+00:00,2025-10-10 05:00:00+00:00,6,4.61625,4.546749999999999,4.546749999999999,4.546749999999999,0.06950000000000056,0.00012500000000015277,0.023165625000000658,True,2.994738972076015,False,True,outside_p10_p90
8496ce69-482c-406a-a2f0-ac418ef8f099,2025-10-10 00:00:00+00:00,2025-10-10 06:00:00+00:00,7,4.52675,4.502,4.502,4.502,0.02475000000000005,-0.0007500000000004725,0.025204199999999857,True,1.0117361392149191,False,True,outside_p10_p90
8496ce69-482c-406a-a2f0-ac418ef8f099,2025-10-10 00:00:00+00:00,2025-10-10 07:00:00+00:00,8,4.4855,4.48275,4.48275,4.48275,0.002749999999999808,-0.0015000000000000568,0.018903150000000056,True,0.22483025315885724,False,True,outside_p10_p90
8496ce69-482c-406a-a2f0-ac418ef8f099,2025-10-10 00:00:00+00:00,2025-10-10 08:00:00+00:00,9,4.47475,4.47925,4.47925,4.47925,-0.0045000000000001705,-0.0018750000000005151,0.02112704999999948,True,0.1242482977983069,False,True,outside_p10_p90
8496ce69-482c-406a-a2f0-ac418ef8f099,2025-10-10 00:00:00+00:00,2025-10-10 09:00:00+00:00,10,4.4712499999999995,4.478,4.478,4.478,-0.006750000000000256,0.00012500000000015277,0.02168302500000082,True,0.31706830573686784,False,True,outside_p10_p90
8496ce69-482c-406a-a2f0-ac418ef8f099,2025-10-10 00:00:00+00:00,2025-10-10 10:00:00+00:00,11,4.47125,4.47725,4.47725,4.47725,-0.005999999999999339,-0.0016250000000002096,0.017791200000001332,True,0.24590808939244133,False,True,outside_p10_p90
8496ce69-482c-406a-a2f0-ac418ef8f099,2025-10-10 00:00:00+00:00,2025-10-10 11:00:00+00:00,12,4.4695,4.47375,4.47375,4.47375,-0.004249999999999865,-0.0012500000000001954,0.02075639999999969,True,0.14453373417354234,False,True,outside_p10_p90
8496ce69-482c-406a-a2f0-ac418ef8f099,2025-10-10 00:00:00+00:00,2025-10-10 12:00:00+00:00,13,4.4605,4.47325,4.47325,4.47325,-0.012750000000000483,0.0017499999999994742,0.015937949999999725,True,0.9097782337126298,False,True,outside_p10_p90
8496ce69-482c-406a-a2f0-ac418ef8f099,2025-10-10 00:00:00+00:00,2025-10-10 13:00:00+00:00,14,4.45825,4.47775,4.47775,4.47775,-0.01950000000000074,-0.0011250000000000426,0.017420550000000878,True,1.0547887408835985,False,True,outside_p10_p90
8496ce69-482c-406a-a2f0-ac418ef8f099,2025-10-10 00:00:00+00:00,2025-10-10 14:00:00+00:00,15,4.4645,4.474,4.474,4.474,-0.009500000000000064,-0.0021249999999999325,0.01871782499999983,True,0.3940094535556454,False,True,outside_p10_p90
8496ce69-482c-406a-a2f0-ac418ef8f099,2025-10-10 00:00:00+00:00,2025-10-10 15:00:00+00:00,16,4.46575,4.471500000000001,4.471500000000001,4.471500000000001,-0.00575000000000081,-0.0011250000000004867,0.01630859999999886,True,0.2835927056890626,False,True,outside_p10_p90
8496ce69-482c-406a-a2f0-ac418ef8f099,2025-10-10 00:00:00+00:00,2025-10-10 16:00:00+00:00,17,4.49125,4.64075,4.64075,4.64075,-0.14949999999999974,-0.002249999999999641,0.018903150000000056,True,7.789707006504189,True,True,outside_p10_p90|large_residual
8496ce69-482c-406a-a2f0-ac418ef8f099,2025-10-10 00:00:00+00:00,2025-10-10 17:00:00+00:00,18,4.598000000000001,4.5845,4.5845,4.5845,0.013500000000000512,-0.0016250000000006537,0.015011324999999909,True,1.007572616008331,False,True,outside_p10_p90
8496ce69-482c-406a-a2f0-ac418ef8f099,2025-10-10 00:00:00+00:00,2025-10-10 18:00:00+00:00,19,4.52275,4.5125,4.5125,4.5125,0.010250000000000092,-0.0016250000000002096,0.017605875000000448,True,0.6744907594765952,False,True,outside_p10_p90
8496ce69-482c-406a-a2f0-ac418ef8f099,2025-10-10 00:00:00+00:00,2025-10-10 19:00:00+00:00,20,4.496500000000001,4.4799999999999995,4.4799999999999995,4.4799999999999995,0.016500000000001513,-0.0012500000000001954,0.017420550000000878,True,1.0189115728263927,False,True,outside_p10_p90
8496ce69-482c-406a-a2f0-ac418ef8f099,2025-10-10 00:00:00+00:00,2025-10-10 20:00:00+00:00,21,4.48225,4.4755,4.4755,4.4755,0.006749999999999368,-0.00025000000000030553,0.01908847500000094,True,0.36671342262801654,False,True,outside_p10_p90
8496ce69-482c-406a-a2f0-ac418ef8f099,2025-10-10 00:00:00+00:00,2025-10-10 21:00:00+00:00,22,4.47325,4.4712499999999995,4.4712499999999995,4.4712499999999995,0.002000000000000668,-0.0007499999999995843,0.019644449999999647,True,0.13998864819327095,False,True,outside_p10_p90
8496ce69-482c-406a-a2f0-ac418ef8f099,2025-10-10 00:00:00+00:00,2025-10-10 22:00:00+00:00,23,4.468,4.465,4.465,4.465,0.0030000000000001137,-0.0009999999999998899,0.020941724999999915,True,0.1910062327721341,False,True,outside_p10_p90
8496ce69-482c-406a-a2f0-ac418ef8f099,2025-10-10 00:00:00+00:00,2025-10-10 23:00:00+00:00,24,4.4675,4.4712499999999995,4.4712499999999995,4.4712499999999995,-0.003749999999999254,0.0,0.021497699999999936,True,0.17443726538184387,False,True,outside_p10_p90
8496ce69-482c-406a-a2f0-ac418ef8f099,2025-10-11 00:00:00+00:00,2025-10-11 00:00:00+00:00,1,4.465,4.468500000000001,4.468500000000001,4.468500000000001,-0.0035000000000007248,0.0007500000000000284,0.017605875000000448,True,0.24139669286534438,False,True,outside_p10_p90
8496ce69-482c-406a-a2f0-ac418ef8f099,2025-10-11 00:00:00+00:00,2025-10-11 01:00:00+00:00,2,4.47175,4.46875,4.46875,4.46875,0.0030000000000001137,0.0011250000000000426,0.01927380000000051,True,0.09728232107835619,False,True,outside_p10_p90
8496ce69-482c-406a-a2f0-ac418ef8f099,2025-10-11 00:00:00+00:00,2025-10-11 02:00:00+00:00,3,4.4695,4.47025,4.47025,4.47025,-0.0007500000000000284,0.001000000000000334,0.020200424999999668,True,0.08663184066673801,False,True,outside_p10_p90
8496ce69-482c-406a-a2f0-ac418ef8f099,2025-10-11 00:00:00+00:00,2025-10-11 03:00:00+00:00,4,4.46675,4.46575,4.46575,4.46575,0.001000000000000334,-8.881784197001252e-16,0.022980299999997796,True,0.04351553286951511,False,True,outside_p10_p90
8496ce69-482c-406a-a2f0-ac418ef8f099,2025-10-11 00:00:00+00:00,2025-10-11 04:00:00+00:00,5,4.466749999999999,4.53175,4.53175,4.53175,-0.06500000000000039,0.0026250000000000995,0.025204199999999857,True,2.683084565270902,False,True,outside_p10_p90
8496ce69-482c-406a-a2f0-ac418ef8f099,2025-10-11 00:00:00+00:00,2025-10-11 05:00:00+00:00,6,4.487,4.61625,4.61625,4.61625,-0.12924999999999986,0.00012500000000015277,0.023165625000000658,True,5.5847834884660505,True,True,outside_p10_p90|large_residual
8496ce69-482c-406a-a2f0-ac418ef8f099,2025-10-11 00:00:00+00:00,2025-10-11 06:00:00+00:00,7,4.4925,4.52675,4.52675,4.52675,-0.034250000000000114,-0.0007500000000004725,0.025204199999999857,True,1.3291435554391662,False,True,outside_p10_p90
8496ce69-482c-406a-a2f0-ac418ef8f099,2025-10-11 00:00:00+00:00,2025-10-11 07:00:00+00:00,8,4.4735000000000005,4.4855,4.4855,4.4855,-0.011999999999999567,-0.0015000000000000568,0.018903150000000056,True,0.5554629783924625,False,True,outside_p10_p90
8496ce69-482c-406a-a2f0-ac418ef8f099,2025-10-11 00:00:00+00:00,2025-10-11 08:00:00+00:00,9,4.4662500000000005,4.47475,4.47475,4.47475,-0.00849999999999973,-0.0018750000000005151,0.02112704999999948,True,0.31357903730049286,False,True,outside_p10_p90
8496ce69-482c-406a-a2f0-ac418ef8f099,2025-10-11 00:00:00+00:00,2025-10-11 09:00:00+00:00,10,4.46275,4.4712499999999995,4.4712499999999995,4.4712499999999995,-0.00849999999999973,0.00012500000000015277,0.02168302500000082,True,0.39777660174258694,False,True,outside_p10_p90
8496ce69-482c-406a-a2f0-ac418ef8f099,2025-10-11 00:00:00+00:00,2025-10-11 10:00:00+00:00,11,4.463000000000001,4.47125,4.47125,4.47125,-0.008249999999999424,-0.0016250000000002096,0.017791200000001332,True,0.37237510679429825,False,True,outside_p10_p90
8496ce69-482c-406a-a2f0-ac418ef8f099,2025-10-11 00:00:00+00:00,2025-10-11 11:00:00+00:00,12,4.466,4.4695,4.4695,4.4695,-0.0034999999999998366,-0.0012500000000001954,0.02075639999999969,True,0.10840030063015142,False,True,outside_p10_p90
8496ce69-482c-406a-a2f0-ac418ef8f099,2025-10-11 00:00:00+00:00,2025-10-11 12:00:00+00:00,13,4.4655000000000005,4.4605,4.4605,4.4605,0.005000000000000782,0.0017499999999994742,0.015937949999999725,True,0.20391581100463757,False,True,outside_p10_p90
8496ce69-482c-406a-a2f0-ac418ef8f099,2025-10-11 00:00:00+00:00,2025-10-11 13:00:00+00:00,14,4.46975,4.45825,4.45825,4.45825,0.011500000000000732,-0.0011250000000000426,0.017420550000000878,True,0.7247187947567751,False,True,outside_p10_p90
8496ce69-482c-406a-a2f0-ac418ef8f099,2025-10-11 00:00:00+00:00,2025-10-11 14:00:00+00:00,15,4.4750000000000005,4.4645,4.4645,4.4645,0.010500000000000398,-0.0021249999999999325,0.01871782499999983,True,0.674490759476619,False,True,outside_p10_p90
8496ce69-482c-406a-a2f0-ac418ef8f099,2025-10-11 00:00:00+00:00,2025-10-11 15:00:00+00:00,16,4.47825,4.46575,4.46575,4.46575,0.012500000000000178,-0.0011250000000004867,0.01630859999999886,True,0.8354487816245181,False,True,outside_p10_p90
8496ce69-482c-406a-a2f0-ac418ef8f099,2025-10-11 00:00:00+00:00,2025-10-11 16:00:00+00:00,17,4.48175,4.49125,4.49125,4.49125,-0.009500000000000064,-0.002249999999999641,0.018903150000000056,True,0.38353396127102635,False,True,outside_p10_p90
8496ce69-482c-406a-a2f0-ac418ef8f099,2025-10-11 00:00:00+00:00,2025-10-11 17:00:00+00:00,18,4.494,4.598000000000001,4.598000000000001,4.598000000000001,-0.10400000000000098,-0.0016250000000006537,0.015011324999999909,True,6.819851012485636,True,True,outside_p10_p90|large_residual
8496ce69-482c-406a-a2f0-ac418ef8f099,2025-10-11 00:00:00+00:00,2025-10-11 18:00:00+00:00,19,4.502750000000001,4.52275,4.52275,4.52275,-0.019999999999999574,-0.0016250000000002096,0.017605875000000448,True,1.0436857015058267,False,True,outside_p10_p90
8496ce69-482c-406a-a2f0-ac418ef8f099,2025-10-11 00:00:00+00:00,2025-10-11 19:00:00+00:00,20,4.492,4.496500000000001,4.496500000000001,4.496500000000001,-0.004500000000001059,-0.0012500000000001954,0.017420550000000878,True,0.1865612738978218,False,True,outside_p10_p90
8496ce69-482c-406a-a2f0-ac418ef8f099,2025-10-11 00:00:00+00:00,2025-10-11 20:00:00+00:00,21,4.48625,4.48225,4.48225,4.48225,0.004000000000000448,-0.00025000000000030553,0.01908847500000094,True,0.2226474351670599,False,True,outside_p10_p90
8496ce69-482c-406a-a2f0-ac418ef8f099,2025-10-11 00:00:00+00:00,2025-10-11 21:00:00+00:00,22,4.4875,4.47325,4.47325,4.47325,0.014249999999999652,-0.0007499999999995843,0.019644449999999647,True,0.76357444469046,False,True,outside_p10_p90
8496ce69-482c-406a-a2f0-ac418ef8f099,2025-10-11 00:00:00+00:00,2025-10-11 22:00:00+00:00,23,4.482,4.468,4.468,4.468,0.014000000000000234,-0.0009999999999998899,0.020941724999999915,True,0.7162733728955082,False,True,outside_p10_p90
8496ce69-482c-406a-a2f0-ac418ef8f099,2025-10-11 00:00:00+00:00,2025-10-11 23:00:00+00:00,24,4.481,4.4675,4.4675,4.4675,0.013499999999999623,0.0,0.021497699999999936,True,0.6279741553747454,False,True,outside_p10_p90
8496ce69-482c-406a-a2f0-ac418ef8f099,2025-10-12 00:00:00+00:00,2025-10-12 00:00:00+00:00,1,4.481,4.465,4.465,4.465,0.016000000000000014,0.0007500000000000284,0.017605875000000448,True,0.8661881332225521,False,True,outside_p10_p90
8496ce69-482c-406a-a2f0-ac418ef8f099,2025-10-12 00:00:00+00:00,2025-10-12 01:00:00+00:00,2,4.4735,4.47175,4.47175,4.47175,0.0017499999999994742,0.0011250000000000426,0.01927380000000051,True,0.03242744035942134,False,True,outside_p10_p90
8496ce69-482c-406a-a2f0-ac418ef8f099,2025-10-12 00:00:00+00:00,2025-10-12 02:00:00+00:00,3,4.4750000000000005,4.4695,4.4695,4.4695,0.0055000000000005045,0.001000000000000334,0.020200424999999668,True,0.22276759028586005,False,True,outside_p10_p90
8496ce69-482c-406a-a2f0-ac418ef8f099,2025-10-12 00:00:00+00:00,2025-10-12 03:00:00+00:00,4,4.46725,4.46675,4.46675,4.46675,0.0004999999999997229,-8.881784197001252e-16,0.022980299999997796,True,0.021757766434757554,False,True,outside_p10_p90
8496ce69-482c-406a-a2f0-ac418ef8f099,2025-10-12 00:00:00+00:00,2025-10-12 04:00:00+00:00,5,4.47025,4.466749999999999,4.466749999999999,4.466749999999999,0.0035000000000007248,0.0026250000000000995,0.025204199999999857,True,0.03471643614955564,False,True,outside_p10_p90
8496ce69-482c-406a-a2f0-ac418ef8f099,2025-10-12 00:00:00+00:00,2025-10-12 05:00:00+00:00,6,4.47275,4.487,4.487,4.487,-0.01425000000000054,0.00012500000000015277,0.023165625000000658,True,0.6205314987184798,False,True,outside_p10_p90
8496ce69-482c-406a-a2f0-ac418ef8f099,2025-10-12 00:00:00+00:00,2025-10-12 06:00:00+00:00,7,4.479,4.4925,4.4925,4.4925,-0.013499999999999623,-0.0007500000000004725,0.025204199999999857,True,0.5058680696074156,False,True,outside_p10_p90
8496ce69-482c-406a-a2f0-ac418ef8f099,2025-10-12 00:00:00+00:00,2025-10-12 07:00:00+00:00,8,4.479,4.4735000000000005,4.4735000000000005,4.4735000000000005,0.005499999999999616,-0.0015000000000000568,0.018903150000000056,True,0.3703086522616417,False,True,outside_p10_p90
8496ce69-482c-406a-a2f0-ac418ef8f099,2025-10-12 00:00:00+00:00,2025-10-12 08:00:00+00:00,9,4.4750000000000005,4.4662500000000005,4.4662500000000005,4.4662500000000005,0.008750000000000036,-0.0018750000000005151,0.02112704999999948,True,0.5029097768027629,False,True,outside_p10_p90
8496ce69-482c-406a-a2f0-ac418ef8f099,2025-10-12 00:00:00+00:00,2025-10-12 09:00:00+00:00,10,4.475999999999999,4.46275,4.46275,4.46275,0.013249999999999318,0.00012500000000015277,0.02168302500000082,True,0.6053122200430369,False,True,outside_p10_p90
8496ce69-482c-406a-a2f0-ac418ef8f099,2025-10-12 00:00:00+00:00,2025-10-12 10:00:00+00:00,11,4.47,4.463000000000001,4.463000000000001,4.463000000000001,0.006999999999998785,-0.0016250000000002096,0.017791200000001332,True,0.48479023337370997,False,True,outside_p10_p90
8496ce69-482c-406a-a2f0-ac418ef8f099,2025-10-12 00:00:00+00:00,2025-10-12 11:00:00+00:00,12,4.4655000000000005,4.466,4.466,4.466,-0.0004999999999997229,-0.0012500000000001954,0.02075639999999969,True,0.036133433543412335,False,True,outside_p10_p90
8496ce69-482c-406a-a2f0-ac418ef8f099,2025-10-12 00:00:00+00:00,2025-10-12 12:00:00+00:00,13,4.47,4.4655000000000005,4.4655000000000005,4.4655000000000005,0.004499999999999282,0.0017499999999994742,0.015937949999999725,True,0.17254414777307342,False,True,outside_p10_p90
8496ce69-482c-406a-a2f0-ac418ef8f099,2025-10-12 00:00:00+00:00,2025-10-12 13:00:00+00:00,14,4.4665,4.46975,4.46975,4.46975,-0.0032500000000004192,-0.0011250000000000426,0.017420550000000878,True,0.12198237139471885,False,True,outside_p10_p90
8496ce69-482c-406a-a2f0-ac418ef8f099,2025-10-12 00:00:00+00:00,2025-10-12 14:00:00+00:00,15,4.47925,4.4750000000000005,4.4750000000000005,4.4750000000000005,0.004249999999999865,-0.0021249999999999325,0.01871782499999983,True,0.34058444290401557,False,True,outside_p10_p90
8496ce69-482c-406a-a2f0-ac418ef8f099,2025-10-12 00:00:00+00:00,2025-10-12 15:00:00+00:00,16,4.4777499999999995,4.47825,4.47825,4.47825,-0.0005000000000006111,-0.0011250000000004867,0.01630859999999886,True,0.038323338606619774,False,True,outside_p10_p90
8496ce69-482c-406a-a2f0-ac418ef8f099,2025-10-12 00:00:00+00:00,2025-10-12 16:00:00+00:00,17,4.47175,4.48175,4.48175,4.48175,-0.009999999999999787,-0.002249999999999641,0.018903150000000056,True,0.4099845792897016,False,True,outside_p10_p90
8496ce69-482c-406a-a2f0-ac418ef8f099,2025-10-12 00:00:00+00:00,2025-10-12 17:00:00+00:00,18,4.4830000000000005,4.494,4.494,4.494,-0.010999999999999233,-0.0016250000000006537,0.015011324999999909,True,0.6245284809967565,False,True,outside_p10_p90
8496ce69-482c-406a-a2f0-ac418ef8f099,2025-10-12 00:00:00+00:00,2025-10-12 18:00:00+00:00,19,4.48575,4.502750000000001,4.502750000000001,4.502750000000001,-0.017000000000000348,-0.0016250000000002096,0.017605875000000448,True,0.8732880359538931,False,True,outside_p10_p90
8496ce69-482c-406a-a2f0-ac418ef8f099,2025-10-12 00:00:00+00:00,2025-10-12 19:00:00+00:00,20,4.4855,4.492,4.492,4.492,-0.00649999999999995,-0.0012500000000001954,0.017420550000000878,True,0.30136821168100264,False,True,outside_p10_p90
8496ce69-482c-406a-a2f0-ac418ef8f099,2025-10-12 00:00:00+00:00,2025-10-12 20:00:00+00:00,21,4.48675,4.48625,4.48625,4.48625,0.0004999999999997229,-0.00025000000000030553,0.01908847500000094,True,0.0392907238530051,False,True,outside_p10_p90
8496ce69-482c-406a-a2f0-ac418ef8f099,2025-10-12 00:00:00+00:00,2025-10-12 21:00:00+00:00,22,4.48175,4.4875,4.4875,4.4875,-0.005749999999999922,-0.0007499999999995843,0.019644449999999647,True,0.25452481489685014,False,True,outside_p10_p90
8496ce69-482c-406a-a2f0-ac418ef8f099,2025-10-12 00:00:00+00:00,2025-10-12 22:00:00+00:00,23,4.48325,4.482,4.482,4.482,0.0012499999999997513,-0.0009999999999998899,0.020941724999999915,True,0.10744100593430819,False,True,outside_p10_p90
8496ce69-482c-406a-a2f0-ac418ef8f099,2025-10-12 00:00:00+00:00,2025-10-12 23:00:00+00:00,24,4.477,4.481,4.481,4.481,-0.0039999999999995595,0.0,0.021497699999999936,True,0.18606641640731666,False,True,outside_p10_p90
8496ce69-482c-406a-a2f0-ac418ef8f099,2025-10-13 00:00:00+00:00,2025-10-13 00:00:00+00:00,1,4.4745,4.481,4.481,4.481,-0.00649999999999995,0.0007500000000000284,0.017605875000000448,True,0.411794358417278,False,True,outside_p10_p90
8496ce69-482c-406a-a2f0-ac418ef8f099,2025-10-13 00:00:00+00:00,2025-10-13 01:00:00+00:00,2,4.47325,4.4735,4.4735,4.4735,-0.00024999999999941735,0.0011250000000000426,0.01927380000000051,True,0.07134036879076382,False,True,outside_p10_p90
8496ce69-482c-406a-a2f0-ac418ef8f099,2025-10-13 00:00:00+00:00,2025-10-13 02:00:00+00:00,3,4.47,4.4750000000000005,4.4750000000000005,4.4750000000000005,-0.005000000000000782,0.001000000000000334,0.020200424999999668,True,0.29702345371452404,False,True,outside_p10_p90
8496ce69-482c-406a-a2f0-ac418ef8f099,2025-10-13 00:00:00+00:00,2025-10-13 03:00:00+00:00,4,4.46425,4.46725,4.46725,4.46725,-0.0030000000000001137,-8.881784197001252e-16,0.022980299999997796,True,0.13054659860835208,False,True,outside_p10_p90
8496ce69-482c-406a-a2f0-ac418ef8f099,2025-10-13 00:00:00+00:00,2025-10-13 04:00:00+00:00,5,4.465000000000001,4.47025,4.47025,4.47025,-0.005249999999999311,0.0026250000000000995,0.025204199999999857,True,0.31244792534575405,False,True,outside_p10_p90
8496ce69-482c-406a-a2f0-ac418ef8f099,2025-10-13 00:00:00+00:00,2025-10-13 05:00:00+00:00,6,4.46625,4.47275,4.47275,4.47275,-0.00649999999999995,0.00012500000000015277,0.023165625000000658,True,0.2859840820180727,False,True,outside_p10_p90
8496ce69-482c-406a-a2f0-ac418ef8f099,2025-10-13 00:00:00+00:00,2025-10-13 06:00:00+00:00,7,4.46075,4.479,4.479,4.479,-0.0182500000000001,-0.0007500000000004725,0.025204199999999857,True,0.6943287229906018,False,True,outside_p10_p90
8496ce69-482c-406a-a2f0-ac418ef8f099,2025-10-13 00:00:00+00:00,2025-10-13 07:00:00+00:00,8,4.46075,4.479,4.479,4.479,-0.0182500000000001,-0.0015000000000000568,0.018903150000000056,True,0.8860957036261149,False,True,outside_p10_p90
8496ce69-482c-406a-a2f0-ac418ef8f099,2025-10-13 00:00:00+00:00,2025-10-13 08:00:00+00:00,9,4.4775,4.4750000000000005,4.4750000000000005,4.4750000000000005,0.0024999999999995026,-0.0018750000000005151,0.02112704999999948,True,0.20708049633053954,False,True,outside_p10_p90
8496ce69-482c-406a-a2f0-ac418ef8f099,2025-10-13 00:00:00+00:00,2025-10-13 09:00:00+00:00,10,4.49225,4.475999999999999,4.475999999999999,4.475999999999999,0.016250000000001208,0.00012500000000015277,0.02168302500000082,True,0.7436692989101127,False,True,outside_p10_p90
8496ce69-482c-406a-a2f0-ac418ef8f099,2025-10-13 00:00:00+00:00,2025-10-13 10:00:00+00:00,11,4.49325,4.47,4.47,4.47,0.023249999999999993,-0.0016250000000002096,0.017791200000001332,True,1.3981631368315988,False,True,outside_p10_p90
8496ce69-482c-406a-a2f0-ac418ef8f099,2025-10-13 00:00:00+00:00,2025-10-13 11:00:00+00:00,12,4.4845,4.4655000000000005,4.4655000000000005,4.4655000000000005,0.01899999999999924,-0.0012500000000001954,0.02075639999999969,True,0.9756027056714911,False,True,outside_p10_p90
8496ce69-482c-406a-a2f0-ac418ef8f099,2025-10-13 00:00:00+00:00,2025-10-13 12:00:00+00:00,13,4.47775,4.47,4.47,4.47,0.00775000000000059,0.0017499999999994742,0.015937949999999725,True,0.376459958777711,False,True,outside_p10_p90
8496ce69-482c-406a-a2f0-ac418ef8f099,2025-10-13 00:00:00+00:00,2025-10-13 13:00:00+00:00,14,4.47425,4.4665,4.4665,4.4665,0.007749999999999702,-0.0011250000000000426,0.017420550000000878,True,0.5094557864131326,False,True,outside_p10_p90
8496ce69-482c-406a-a2f0-ac418ef8f099,2025-10-13 00:00:00+00:00,2025-10-13 14:00:00+00:00,15,4.47275,4.47925,4.47925,4.47925,-0.0065000000000008384,-0.0021249999999999325,0.01871782499999983,True,0.2337344216008508,False,True,outside_p10_p90
8496ce69-482c-406a-a2f0-ac418ef8f099,2025-10-13 00:00:00+00:00,2025-10-13 15:00:00+00:00,16,4.47575,4.4777499999999995,4.4777499999999995,4.4777499999999995,-0.0019999999999997797,-0.0011250000000004867,0.01630859999999886,True,0.05365267404923501,False,True,outside_p10_p90
8496ce69-482c-406a-a2f0-ac418ef8f099,2025-10-13 00:00:00+00:00,2025-10-13 16:00:00+00:00,17,4.471,4.47175,4.47175,4.47175,-0.0007500000000000284,-0.002249999999999641,0.018903150000000056,True,0.0793518540560493,False,True,outside_p10_p90
8496ce69-482c-406a-a2f0-ac418ef8f099,2025-10-13 00:00:00+00:00,2025-10-13 17:00:00+00:00,18,4.4775,4.4830000000000005,4.4830000000000005,4.4830000000000005,-0.0055000000000005045,-0.0016250000000006537,0.015011324999999909,True,0.25813843881202186,False,True,outside_p10_p90
8496ce69-482c-406a-a2f0-ac418ef8f099,2025-10-13 00:00:00+00:00,2025-10-13 18:00:00+00:00,19,4.48625,4.48575,4.48575,4.48575,0.0004999999999997229,-0.0016250000000002096,0.017605875000000448,True,0.12069834643264697,False,True,outside_p10_p90
8496ce69-482c-406a-a2f0-ac418ef8f099,2025-10-13 00:00:00+00:00,2025-10-13 19:00:00+00:00,20,4.489000000000001,4.4855,4.4855,4.4855,0.0035000000000007248,-0.0012500000000001954,0.017420550000000878,True,0.2726664772352584,False,True,outside_p10_p90
8496ce69-482c-406a-a2f0-ac418ef8f099,2025-10-13 00:00:00+00:00,2025-10-13 20:00:00+00:00,21,4.48325,4.48675,4.48675,4.48675,-0.0034999999999998366,-0.00025000000000030553,0.01908847500000094,True,0.17025980336299107,False,True,outside_p10_p90
8496ce69-482c-406a-a2f0-ac418ef8f099,2025-10-13 00:00:00+00:00,2025-10-13 21:00:00+00:00,22,4.487,4.48175,4.48175,4.48175,0.005250000000000199,-0.0007499999999995843,0.019644449999999647,True,0.3054297778761885,False,True,outside_p10_p90
8496ce69-482c-406a-a2f0-ac418ef8f099,2025-10-13 00:00:00+00:00,2025-10-13 22:00:00+00:00,23,4.48825,4.48325,4.48325,4.48325,0.004999999999999893,-0.0009999999999998899,0.020941724999999915,True,0.28650934915819054,False,True,outside_p10_p90
8496ce69-482c-406a-a2f0-ac418ef8f099,2025-10-13 00:00:00+00:00,2025-10-13 23:00:00+00:00,24,4.48925,4.477,4.477,4.477,0.012249999999999872,0.0,0.021497699999999936,True,0.5698284002474641,False,True,outside_p10_p90
8496ce69-482c-406a-a2f0-ac418ef8f099,2025-10-14 00:00:00+00:00,2025-10-14 00:00:00+00:00,1,4.487500000000001,4.4745,4.4745,4.4745,0.013000000000000789,0.0007500000000000284,0.017605875000000448,True,0.6957904676706184,False,True,outside_p10_p90
8496ce69-482c-406a-a2f0-ac418ef8f099,2025-10-14 00:00:00+00:00,2025-10-14 01:00:00+00:00,2,4.4825,4.47325,4.47325,4.47325,0.009249999999999758,0.0011250000000000426,0.01927380000000051,True,0.42155672467284605,False,True,outside_p10_p90
8496ce69-482c-406a-a2f0-ac418ef8f099,2025-10-14 00:00:00+00:00,2025-10-14 02:00:00+00:00,3,4.4742500000000005,4.47,4.47,4.47,0.004250000000000753,0.001000000000000334,0.020200424999999668,True,0.16088770409535802,False,True,outside_p10_p90
8496ce69-482c-406a-a2f0-ac418ef8f099,2025-10-14 00:00:00+00:00,2025-10-14 03:00:00+00:00,4,4.4765,4.46425,4.46425,4.46425,0.012249999999999872,-8.881784197001252e-16,0.022980299999997796,True,0.5330652776509417,False,True,outside_p10_p90
8496ce69-482c-406a-a2f0-ac418ef8f099,2025-10-14 00:00:00+00:00,2025-10-14 04:00:00+00:00,5,4.47525,4.465000000000001,4.465000000000001,4.465000000000001,0.010249999999999204,0.0026250000000000995,0.025204199999999857,True,0.30252894358873317,False,True,outside_p10_p90
8496ce69-482c-406a-a2f0-ac418ef8f099,2025-10-14 00:00:00+00:00,2025-10-14 05:00:00+00:00,6,4.476999999999999,4.46625,4.46625,4.46625,0.010749999999999815,0.00012500000000015277,0.023165625000000658,True,0.4586537164440571,False,True,outside_p10_p90
8496ce69-482c-406a-a2f0-ac418ef8f099,2025-10-14 00:00:00+00:00,2025-10-14 06:00:00+00:00,7,4.4695,4.46075,4.46075,4.46075,0.008750000000000036,-0.0007500000000004725,0.025204199999999857,True,0.3769213067663549,False,True,outside_p10_p90
8496ce69-482c-406a-a2f0-ac418ef8f099,2025-10-14 00:00:00+00:00,2025-10-14 07:00:00+00:00,8,4.4719999999999995,4.46075,4.46075,4.46075,0.011249999999999538,-0.0015000000000000568,0.018903150000000056,True,0.6744907594765718,False,True,outside_p10_p90
8496ce69-482c-406a-a2f0-ac418ef8f099,2025-10-14 00:00:00+00:00,2025-10-14 08:00:00+00:00,9,4.462999999999999,4.4775,4.4775,4.4775,-0.014500000000000846,-0.0018750000000005151,0.02112704999999948,True,0.5975751465538559,False,True,outside_p10_p90
8496ce69-482c-406a-a2f0-ac418ef8f099,2025-10-14 00:00:00+00:00,2025-10-14 09:00:00+00:00,10,4.473,4.49225,4.49225,4.49225,-0.019250000000000433,0.00012500000000015277,0.02168302500000082,True,0.8935561343493287,False,True,outside_p10_p90
8496ce69-482c-406a-a2f0-ac418ef8f099,2025-10-14 00:00:00+00:00,2025-10-14 10:00:00+00:00,11,4.4665,4.49325,4.49325,4.49325,-0.02674999999999983,-0.0016250000000002096,0.017791200000001332,True,1.412215027653994,False,True,outside_p10_p90
8496ce69-482c-406a-a2f0-ac418ef8f099,2025-10-14 00:00:00+00:00,2025-10-14 11:00:00+00:00,12,4.4705,4.4845,4.4845,4.4845,-0.013999999999999346,-0.0012500000000001954,0.02075639999999969,True,0.6142683702375817,False,True,outside_p10_p90
8496ce69-482c-406a-a2f0-ac418ef8f099,2025-10-14 00:00:00+00:00,2025-10-14 12:00:00+00:00,13,4.473,4.47775,4.47775,4.47775,-0.004750000000000476,0.0017499999999994742,0.015937949999999725,True,0.40783162200910794,False,True,outside_p10_p90
8496ce69-482c-406a-a2f0-ac418ef8f099,2025-10-14 00:00:00+00:00,2025-10-14 13:00:00+00:00,14,4.47475,4.47425,4.47425,4.47425,0.0005000000000006111,-0.0011250000000000426,0.017420550000000878,True,0.09328063694892365,False,True,outside_p10_p90
8496ce69-482c-406a-a2f0-ac418ef8f099,2025-10-14 00:00:00+00:00,2025-10-14 14:00:00+00:00,15,4.47375,4.47275,4.47275,4.47275,0.001000000000000334,-0.0021249999999999325,0.01871782499999983,True,0.16695315828630167,False,True,outside_p10_p90
8496ce69-482c-406a-a2f0-ac418ef8f099,2025-10-14 00:00:00+00:00,2025-10-14 15:00:00+00:00,16,4.46875,4.47575,4.47575,4.47575,-0.006999999999999673,-0.0011250000000004867,0.01630859999999886,True,0.36023938290224766,False,True,outside_p10_p90
8496ce69-482c-406a-a2f0-ac418ef8f099,2025-10-14 00:00:00+00:00,2025-10-14 16:00:00+00:00,17,4.46825,4.471,4.471,4.471,-0.002749999999999808,-0.002249999999999641,0.018903150000000056,True,0.02645061801869876,False,True,outside_p10_p90
8496ce69-482c-406a-a2f0-ac418ef8f099,2025-10-14 00:00:00+00:00,2025-10-14 17:00:00+00:00,18,4.4719999999999995,4.4775,4.4775,4.4775,-0.0055000000000005045,-0.0016250000000006537,0.015011324999999909,True,0.25813843881202186,False,True,outside_p10_p90
8496ce69-482c-406a-a2f0-ac418ef8f099,2025-10-14 00:00:00+00:00,2025-10-14 18:00:00+00:00,19,4.4675,4.48625,4.48625,4.48625,-0.018749999999999822,-0.0016250000000002096,0.017605875000000448,True,0.9726866741925169,False,True,outside_p10_p90
8496ce69-482c-406a-a2f0-ac418ef8f099,2025-10-14 00:00:00+00:00,2025-10-14 19:00:00+00:00,20,4.473,4.489000000000001,4.489000000000001,4.489000000000001,-0.016000000000000902,-0.0012500000000001954,0.017420550000000878,True,0.8467011661514685,False,True,outside_p10_p90
8496ce69-482c-406a-a2f0-ac418ef8f099,2025-10-14 00:00:00+00:00,2025-10-14 20:00:00+00:00,21,4.476749999999999,4.48325,4.48325,4.48325,-0.0065000000000008384,-0.00025000000000030553,0.01908847500000094,True,0.327422698775058,False,True,outside_p10_p90
8496ce69-482c-406a-a2f0-ac418ef8f099,2025-10-14 00:00:00+00:00,2025-10-14 21:00:00+00:00,22,4.4805,4.487,4.487,4.487,-0.00649999999999995,-0.0007499999999995843,0.019644449999999647,True,0.29270353713137653,False,True,outside_p10_p90
8496ce69-482c-406a-a2f0-ac418ef8f099,2025-10-14 00:00:00+00:00,2025-10-14 22:00:00+00:00,23,4.48125,4.48825,4.48825,4.48825,-0.006999999999999673,-0.0009999999999998899,0.020941724999999915,True,0.28650934915819054,False,True,outside_p10_p90
8496ce69-482c-406a-a2f0-ac418ef8f099,2025-10-14 00:00:00+00:00,2025-10-14 23:00:00+00:00,24,4.4825,4.48925,4.48925,4.48925,-0.006750000000000256,0.0,0.021497699999999936,True,0.31398707768739337,False,True,outside_p10_p90
8496ce69-482c-406a-a2f0-ac418ef8f099,2025-10-15 00:00:00+00:00,2025-10-15 00:00:00+00:00,1,4.480499999999999,4.487500000000001,4.487500000000001,4.487500000000001,-0.0070000000000014495,0.0007500000000000284,0.017605875000000448,True,0.4401939693426928,False,True,outside_p10_p90
8496ce69-482c-406a-a2f0-ac418ef8f099,2025-10-15 00:00:00+00:00,2025-10-15 01:00:00+00:00,2,4.476750000000001,4.4825,4.4825,4.4825,-0.005749999999999034,0.0011250000000000426,0.01927380000000051,True,0.35670184395391125,False,True,outside_p10_p90
8496ce69-482c-406a-a2f0-ac418ef8f099,2025-10-15 00:00:00+00:00,2025-10-15 02:00:00+00:00,3,4.47475,4.4742500000000005,4.4742500000000005,4.4742500000000005,0.0004999999999997229,0.001000000000000334,0.020200424999999668,True,0.024751954476235984,False,True,outside_p10_p90
8496ce69-482c-406a-a2f0-ac418ef8f099,2025-10-15 00:00:00+00:00,2025-10-15 03:00:00+00:00,4,4.47775,4.4765,4.4765,4.4765,0.0012500000000006395,-8.881784197001252e-16,0.022980299999997796,True,0.05439441608689389,False,True,outside_p10_p90
8496ce69-482c-406a-a2f0-ac418ef8f099,2025-10-15 00:00:00+00:00,2025-10-15 04:00:00+00:00,5,4.47325,4.47525,4.47525,4.47525,-0.0019999999999997797,0.0026250000000000995,0.025204199999999857,True,0.18350116250465817,False,True,outside_p10_p90
8496ce69-482c-406a-a2f0-ac418ef8f099,2025-10-15 00:00:00+00:00,2025-10-15 05:00:00+00:00,6,4.47125,4.476999999999999,4.476999999999999,4.476999999999999,-0.005749999999999034,0.00012500000000015277,0.023165625000000658,True,0.25360852556315744,False,True,outside_p10_p90
8496ce69-482c-406a-a2f0-ac418ef8f099,2025-10-15 00:00:00+00:00,2025-10-15 06:00:00+00:00,7,4.46925,4.4695,4.4695,4.4695,-0.00025000000000030553,-0.0007500000000004725,0.025204199999999857,True,0.019837963514024243,False,True,outside_p10_p90
8496ce69-482c-406a-a2f0-ac418ef8f099,2025-10-15 00:00:00+00:00,2025-10-15 07:00:00+00:00,8,4.462,4.4719999999999995,4.4719999999999995,4.4719999999999995,-0.009999999999999787,-0.0015000000000000568,0.018903150000000056,True,0.4496605063177145,False,True,outside_p10_p90
8496ce69-482c-406a-a2f0-ac418ef8f099,2025-10-15 00:00:00+00:00,2025-10-15 08:00:00+00:00,9,4.4677500000000006,4.462999999999999,4.462999999999999,4.462999999999999,0.004750000000001364,-0.0018750000000005151,0.02112704999999948,True,0.313579037300619,False,True,outside_p10_p90
8496ce69-482c-406a-a2f0-ac418ef8f099,2025-10-15 00:00:00+00:00,2025-10-15 09:00:00+00:00,10,4.473999999999999,4.473,4.473,4.473,0.0009999999999994458,0.00012500000000015277,0.02168302500000082,True,0.04035414800283908,False,True,outside_p10_p90
8496ce69-482c-406a-a2f0-ac418ef8f099,2025-10-15 00:00:00+00:00,2025-10-15 10:00:00+00:00,11,4.4695,4.4665,4.4665,4.4665,0.0030000000000001137,-0.0016250000000002096,0.017791200000001332,True,0.25995998021493644,False,True,outside_p10_p90
8496ce69-482c-406a-a2f0-ac418ef8f099,2025-10-15 00:00:00+00:00,2025-10-15 11:00:00+00:00,12,4.463,4.4705,4.4705,4.4705,-0.007500000000000284,-0.0012500000000001954,0.02075639999999969,True,0.3011119461949173,False,True,outside_p10_p90
8496ce69-482c-406a-a2f0-ac418ef8f099,2025-10-15 00:00:00+00:00,2025-10-15 12:00:00+00:00,13,4.465,4.473,4.473,4.473,-0.008000000000000007,0.0017499999999994742,0.015937949999999725,True,0.6117474330136341,False,True,outside_p10_p90
8496ce69-482c-406a-a2f0-ac418ef8f099,2025-10-15 00:00:00+00:00,2025-10-15 13:00:00+00:00,14,4.457000000000001,4.47475,4.47475,4.47475,-0.01774999999999949,-0.0011250000000000426,0.017420550000000878,True,0.9543326703231877,False,True,outside_p10_p90
8496ce69-482c-406a-a2f0-ac418ef8f099,2025-10-15 00:00:00+00:00,2025-10-15 14:00:00+00:00,15,4.458,4.47375,4.47375,4.47375,-0.01574999999999971,-0.0021249999999999325,0.01871782499999983,True,0.7279157701282013,False,True,outside_p10_p90
8496ce69-482c-406a-a2f0-ac418ef8f099,2025-10-15 00:00:00+00:00,2025-10-15 15:00:00+00:00,16,4.45475,4.46875,4.46875,4.46875,-0.014000000000000234,-0.0011250000000004867,0.01630859999999886,True,0.789460775296509,False,True,outside_p10_p90
8496ce69-482c-406a-a2f0-ac418ef8f099,2025-10-15 00:00:00+00:00,2025-10-15 16:00:00+00:00,17,4.45725,4.46825,4.46825,4.46825,-0.01100000000000012,-0.002249999999999641,0.018903150000000056,True,0.4628858153270991,False,True,outside_p10_p90
8496ce69-482c-406a-a2f0-ac418ef8f099,2025-10-15 00:00:00+00:00,2025-10-15 17:00:00+00:00,18,4.4615,4.4719999999999995,4.4719999999999995,4.4719999999999995,-0.01049999999999951,-0.0016250000000006537,0.015011324999999909,True,0.5912202953436095,False,True,outside_p10_p90
8496ce69-482c-406a-a2f0-ac418ef8f099,2025-10-15 00:00:00+00:00,2025-10-15 18:00:00+00:00,19,4.4595,4.4675,4.4675,4.4675,-0.008000000000000007,-0.0016250000000002096,0.017605875000000448,True,0.3620950392979409,False,True,outside_p10_p90
8496ce69-482c-406a-a2f0-ac418ef8f099,2025-10-15 00:00:00+00:00,2025-10-15 19:00:00+00:00,20,4.4585,4.473,4.473,4.473,-0.014499999999999957,-0.0012500000000001954,0.017420550000000878,True,0.7605959628139809,False,True,outside_p10_p90
8496ce69-482c-406a-a2f0-ac418ef8f099,2025-10-15 00:00:00+00:00,2025-10-15 20:00:00+00:00,21,4.45875,4.476749999999999,4.476749999999999,4.476749999999999,-0.017999999999998906,-0.00025000000000030553,0.01908847500000094,True,0.929880464521012,False,True,outside_p10_p90
8496ce69-482c-406a-a2f0-ac418ef8f099,2025-10-15 00:00:00+00:00,2025-10-15 21:00:00+00:00,22,4.46325,4.4805,4.4805,4.4805,-0.017249999999999766,-0.0007499999999995843,0.019644449999999647,True,0.839931889159558,False,True,outside_p10_p90
8496ce69-482c-406a-a2f0-ac418ef8f099,2025-10-15 00:00:00+00:00,2025-10-15 22:00:00+00:00,23,4.465,4.48125,4.48125,4.48125,-0.01625000000000032,-0.0009999999999998899,0.020941724999999915,True,0.7282112624437811,False,True,outside_p10_p90
8496ce69-482c-406a-a2f0-ac418ef8f099,2025-10-15 00:00:00+00:00,2025-10-15 23:00:00+00:00,24,4.46375,4.4825,4.4825,4.4825,-0.018749999999999822,0.0,0.021497699999999936,True,0.8721863269093847,False,True,outside_p10_p90
8496ce69-482c-406a-a2f0-ac418ef8f099,2025-10-16 00:00:00+00:00,2025-10-16 00:00:00+00:00,1,4.46125,4.480499999999999,4.480499999999999,4.480499999999999,-0.019249999999999545,0.0007500000000000284,0.017605875000000448,True,1.1359844370131598,False,True,outside_p10_p90
8496ce69-482c-406a-a2f0-ac418ef8f099,2025-10-16 00:00:00+00:00,2025-10-16 01:00:00+00:00,2,4.45975,4.476750000000001,4.476750000000001,4.476750000000001,-0.017000000000001236,0.0011250000000000426,0.01927380000000051,True,0.9403957704241405,False,True,outside_p10_p90
8496ce69-482c-406a-a2f0-ac418ef8f099,2025-10-16 00:00:00+00:00,2025-10-16 02:00:00+00:00,3,4.4552499999999995,4.47475,4.47475,4.47475,-0.01950000000000074,0.001000000000000334,0.020200424999999668,True,1.0148301335244883,False,True,outside_p10_p90
8496ce69-482c-406a-a2f0-ac418ef8f099,2025-10-16 00:00:00+00:00,2025-10-16 03:00:00+00:00,4,4.45475,4.47775,4.47775,4.47775,-0.023000000000000576,-8.881784197001252e-16,0.022980299999997796,True,1.0008572559976108,False,True,outside_p10_p90
8496ce69-482c-406a-a2f0-ac418ef8f099,2025-10-16 00:00:00+00:00,2025-10-16 04:00:00+00:00,5,4.45475,4.47325,4.47325,4.47325,-0.018500000000000405,0.0026250000000000995,0.025204199999999857,True,0.8381539584672644,False,True,outside_p10_p90
8496ce69-482c-406a-a2f0-ac418ef8f099,2025-10-16 00:00:00+00:00,2025-10-16 05:00:00+00:00,6,4.45275,4.47125,4.47125,4.47125,-0.018500000000000405,0.00012500000000015277,0.023165625000000658,True,0.8039929852961026,False,True,outside_p10_p90
8496ce69-482c-406a-a2f0-ac418ef8f099,2025-10-16 00:00:00+00:00,2025-10-16 06:00:00+00:00,7,4.4544999999999995,4.46925,4.46925,4.46925,-0.014750000000000263,-0.0007500000000004725,0.025204199999999857,True,0.5554629783924849,False,True,outside_p10_p90
8496ce69-482c-406a-a2f0-ac418ef8f099,2025-10-16 00:00:00+00:00,2025-10-16 07:00:00+00:00,8,4.45125,4.462,4.462,4.462,-0.010749999999999815,-0.0015000000000000568,0.018903150000000056,True,0.4893364333457509,False,True,outside_p10_p90
8496ce69-482c-406a-a2f0-ac418ef8f099,2025-10-16 00:00:00+00:00,2025-10-16 08:00:00+00:00,9,4.45,4.4677500000000006,4.4677500000000006,4.4677500000000006,-0.017750000000000377,-0.0018750000000005151,0.02112704999999948,True,0.7514063723993767,False,True,outside_p10_p90
8496ce69-482c-406a-a2f0-ac418ef8f099,2025-10-16 00:00:00+00:00,2025-10-16 09:00:00+00:00,10,4.4465,4.473999999999999,4.473999999999999,4.473999999999999,-0.02749999999999897,0.00012500000000015277,0.02168302500000082,True,1.27403810123348,False,True,outside_p10_p90
8496ce69-482c-406a-a2f0-ac418ef8f099,2025-10-16 00:00:00+00:00,2025-10-16 10:00:00+00:00,11,4.446999999999999,4.4695,4.4695,4.4695,-0.022500000000000853,-0.0016250000000002096,0.017791200000001332,True,1.1733328836727752,False,True,outside_p10_p90
8496ce69-482c-406a-a2f0-ac418ef8f099,2025-10-16 00:00:00+00:00,2025-10-16 11:00:00+00:00,12,4.44875,4.463,4.463,4.463,-0.014249999999999652,-0.0012500000000001954,0.02075639999999969,True,0.626312848085393,False,True,outside_p10_p90
8496ce69-482c-406a-a2f0-ac418ef8f099,2025-10-16 00:00:00+00:00,2025-10-16 12:00:00+00:00,13,4.447,4.465,4.465,4.465,-0.017999999999999794,0.0017499999999994742,0.015937949999999725,True,1.2391806976430224,False,True,outside_p10_p90
8496ce69-482c-406a-a2f0-ac418ef8f099,2025-10-16 00:00:00+00:00,2025-10-16 13:00:00+00:00,14,4.455,4.457000000000001,4.457000000000001,4.457000000000001,-0.002000000000000668,-0.0011250000000000426,0.017420550000000878,True,0.05022803528020534,False,True,outside_p10_p90
8496ce69-482c-406a-a2f0-ac418ef8f099,2025-10-16 00:00:00+00:00,2025-10-16 14:00:00+00:00,15,4.45625,4.458,4.458,4.458,-0.0017500000000003624,-0.0021249999999999325,0.01871782499999983,True,0.02003437899433153,False,True,outside_p10_p90
8496ce69-482c-406a-a2f0-ac418ef8f099,2025-10-16 00:00:00+00:00,2025-10-16 15:00:00+00:00,16,4.45375,4.45475,4.45475,4.45475,-0.0009999999999994458,-0.0011250000000004867,0.01630859999999886,True,0.0076646677213893085,False,True,outside_p10_p90
8496ce69-482c-406a-a2f0-ac418ef8f099,2025-10-16 00:00:00+00:00,2025-10-16 16:00:00+00:00,17,4.4510000000000005,4.45725,4.45725,4.45725,-0.006249999999999645,-0.002249999999999641,0.018903150000000056,True,0.2116049441495196,False,True,outside_p10_p90
8496ce69-482c-406a-a2f0-ac418ef8f099,2025-10-16 00:00:00+00:00,2025-10-16 17:00:00+00:00,18,4.4465,4.4615,4.4615,4.4615,-0.01499999999999968,-0.0016250000000006537,0.015011324999999909,True,0.8909939662221095,False,True,outside_p10_p90
8496ce69-482c-406a-a2f0-ac418ef8f099,2025-10-16 00:00:00+00:00,2025-10-16 18:00:00+00:00,19,4.455500000000001,4.4595,4.4595,4.4595,-0.0039999999999995595,-0.0016250000000002096,0.017605875000000448,True,0.13489815189527868,False,True,outside_p10_p90
8496ce69-482c-406a-a2f0-ac418ef8f099,2025-10-16 00:00:00+00:00,2025-10-16 19:00:00+00:00,20,4.45375,4.4585,4.4585,4.4585,-0.004749999999999588,-0.0012500000000001954,0.017420550000000878,True,0.20091214112064293,False,True,outside_p10_p90
8496ce69-482c-406a-a2f0-ac418ef8f099,2025-10-16 00:00:00+00:00,2025-10-16 20:00:00+00:00,21,4.45475,4.45875,4.45875,4.45875,-0.004000000000000448,-0.00025000000000030553,0.01908847500000094,True,0.19645361926502547,False,True,outside_p10_p90
8496ce69-482c-406a-a2f0-ac418ef8f099,2025-10-16 00:00:00+00:00,2025-10-16 21:00:00+00:00,22,4.46575,4.46325,4.46325,4.46325,0.0024999999999995026,-0.0007499999999995843,0.019644449999999647,True,0.16544112968289493,False,True,outside_p10_p90
8496ce69-482c-406a-a2f0-ac418ef8f099,2025-10-16 00:00:00+00:00,2025-10-16 22:00:00+00:00,23,4.46175,4.465,4.465,4.465,-0.003249999999999531,-0.0009999999999998899,0.020941724999999915,True,0.10744100593430819,False,True,outside_p10_p90
8496ce69-482c-406a-a2f0-ac418ef8f099,2025-10-16 00:00:00+00:00,2025-10-16 23:00:00+00:00,24,4.46925,4.46375,4.46375,4.46375,0.005499999999999616,0.0,0.021497699999999936,True,0.25584132256007075,False,True,outside_p10_p90
8820d897-a09e-4857-8095-5834fee6962f,2025-10-01 00:00:00+00:00,2025-10-01 00:00:00+00:00,1,0.5405,0.5642499999999999,0.5642499999999999,0.5642499999999999,-0.023749999999999938,-0.0051250000000000046,0.028169399999999983,True,0.6611784418553446,False,True,outside_p10_p90
8820d897-a09e-4857-8095-5834fee6962f,2025-10-01 00:00:00+00:00,2025-10-01 01:00:00+00:00,2,0.518,0.5597500000000001,0.5597500000000001,0.5597500000000001,-0.041750000000000065,-0.006000000000000005,0.029652000000000005,True,1.2056522325644157,False,True,outside_p10_p90
8820d897-a09e-4857-8095-5834fee6962f,2025-10-01 00:00:00+00:00,2025-10-01 02:00:00+00:00,3,0.51125,0.561,0.561,0.561,-0.04975000000000007,-0.005500000000000005,0.028725375000000004,True,1.5404498635788066,False,True,outside_p10_p90
8820d897-a09e-4857-8095-5834fee6962f,2025-10-01 00:00:00+00:00,2025-10-01 03:00:00+00:00,4,0.5097499999999999,0.56025,0.56025,0.56025,-0.0505000000000001,-0.0036250000000000032,0.030393300000000005,True,1.5422807000227052,False,True,outside_p10_p90
8820d897-a09e-4857-8095-5834fee6962f,2025-10-01 00:00:00+00:00,2025-10-01 04:00:00+00:00,5,0.5075000000000001,0.56025,0.56025,0.56025,-0.052749999999999964,-0.00424999999999999,0.029837325000000005,True,1.6254808365026008,False,True,outside_p10_p90
8820d897-a09e-4857-8095-5834fee6962f,2025-10-01 00:00:00+00:00,2025-10-01 05:00:00+00:00,6,0.5045,0.5675,0.5675,0.5675,-0.06300000000000006,-0.00399999999999999,0.032246550000000006,True,1.829653094672145,False,True,outside_p10_p90
8820d897-a09e-4857-8095-5834fee6962f,2025-10-01 00:00:00+00:00,2025-10-01 06:00:00+00:00,7,0.50675,0.5874999999999999,0.5874999999999999,0.5874999999999999,-0.08074999999999988,-0.00437499999999999,0.033914475000000006,True,2.25198827344371,False,True,outside_p10_p90
8820d897-a09e-4857-8095-5834fee6962f,2025-10-01 00:00:00+00:00,2025-10-01 07:00:00+00:00,8,0.52575,0.58,0.58,0.58,-0.05424999999999991,-0.0048749999999999905,0.033729149999999986,True,1.463867307655246,False,True,outside_p10_p90
8820d897-a09e-4857-8095-5834fee6962f,2025-10-01 00:00:00+00:00,2025-10-01 08:00:00+00:00,9,0.5227499999999999,0.56,0.56,0.56,-0.037250000000000116,-0.0051250000000000046,0.037064999999999966,True,0.8667206259274286,False,True,outside_p10_p90
8820d897-a09e-4857-8095-5834fee6962f,2025-10-01 00:00:00+00:00,2025-10-01 09:00:00+00:00,10,0.501,0.5545,0.5545,0.5545,-0.05349999999999999,-0.004375000000000018,0.0355823999999999,True,1.3805982733036588,False,True,outside_p10_p90
8820d897-a09e-4857-8095-5834fee6962f,2025-10-01 00:00:00+00:00,2025-10-01 10:00:00+00:00,11,0.492,0.5525,0.5525,0.5525,-0.0605,-0.003500000000000003,0.035211749999999924,True,1.6187778227438319,False,True,outside_p10_p90
8820d897-a09e-4857-8095-5834fee6962f,2025-10-01 00:00:00+00:00,2025-10-01 11:00:00+00:00,12,0.48875,0.5505000000000001,0.5505000000000001,0.5505000000000001,-0.06175000000000008,-0.0020000000000000018,0.032246550000000006,True,1.8529113967230624,False,True,outside_p10_p90
8820d897-a09e-4857-8095-5834fee6962f,2025-10-01 00:00:00+00:00,2025-10-01 12:00:00+00:00,13,0.4847499999999999,0.54775,0.54775,0.54775,-0.06300000000000006,-0.002750000000000058,0.03169057500000007,True,1.9011961758346092,False,True,outside_p10_p90
8820d897-a09e-4857-8095-5834fee6962f,2025-10-01 00:00:00+00:00,2025-10-01 13:00:00+00:00,14,0.4825,0.55775,0.55775,0.55775,-0.07524999999999998,-0.0016250000000000014,0.03261720000000009,True,2.2572446439301896,False,True,outside_p10_p90
8820d897-a09e-4857-8095-5834fee6962f,2025-10-01 00:00:00+00:00,2025-10-01 14:00:00+00:00,15,0.4805,0.57275,0.57275,0.57275,-0.09225,-0.002250000000000002,0.03169057499999994,True,2.8399610925330374,False,True,outside_p10_p90
8820d897-a09e-4857-8095-5834fee6962f,2025-10-01 00:00:00+00:00,2025-10-01 15:00:00+00:00,16,0.4935,0.5577500000000001,0.5577500000000001,0.5577500000000001,-0.06425000000000008,-0.0016250000000000014,0.031505249999999985,True,1.9877639441045576,False,True,outside_p10_p90
8820d897-a09e-4857-8095-5834fee6962f,2025-10-01 00:00:00+00:00,2025-10-01 16:00:00+00:00,17,0.50825,0.5407500000000001,0.5407500000000001,0.5407500000000001,-0.032500000000000084,-0.002125000000000002,0.034099799999999986,True,0.890767687787028,False,True,outside_p10_p90
8820d897-a09e-4857-8095-5834fee6962f,2025-10-01 00:00:00+00:00,2025-10-01 17:00:00+00:00,18,0.49075,0.535,0.535,0.535,-0.04425000000000001,-0.0031250000000000028,0.03854760000000001,True,1.0668627878259607,False,True,outside_p10_p90
8820d897-a09e-4857-8095-5834fee6962f,2025-10-01 00:00:00+00:00,2025-10-01 18:00:00+00:00,19,0.4757499999999999,0.5315000000000001,0.5315000000000001,0.5315000000000001,-0.05575000000000019,-0.005250000000000005,0.031505250000000005,True,1.6029074519326199,False,True,outside_p10_p90
8820d897-a09e-4857-8095-5834fee6962f,2025-10-01 00:00:00+00:00,2025-10-01 19:00:00+00:00,20,0.4725,0.5285000000000001,0.5285000000000001,0.5285000000000001,-0.056000000000000105,-0.006000000000000005,0.033173175000000006,True,1.5072419206180925,False,True,outside_p10_p90
8820d897-a09e-4857-8095-5834fee6962f,2025-10-01 00:00:00+00:00,2025-10-01 20:00:00+00:00,21,0.46975,0.52525,0.52525,0.52525,-0.055499999999999994,-0.004375000000000004,0.031875900000000006,True,1.6038762827088797,False,True,outside_p10_p90
8820d897-a09e-4857-8095-5834fee6962f,2025-10-01 00:00:00+00:00,2025-10-01 21:00:00+00:00,22,0.46775,0.522,0.522,0.522,-0.05425000000000002,-0.0037500000000000033,0.035026424999999944,True,1.441768607558439,False,True,outside_p10_p90
8820d897-a09e-4857-8095-5834fee6962f,2025-10-01 00:00:00+00:00,2025-10-01 22:00:00+00:00,23,0.46675,0.52175,0.52175,0.52175,-0.05500000000000005,-0.002624999999999919,0.030949275000000005,True,1.6922851989263115,False,True,outside_p10_p90
8820d897-a09e-4857-8095-5834fee6962f,2025-10-01 00:00:00+00:00,2025-10-01 23:00:00+00:00,24,0.4692499999999999,0.541,0.541,0.541,-0.07175000000000015,-0.0038750000000000034,0.034470449999999986,True,1.9690778623429683,False,True,outside_p10_p90
8820d897-a09e-4857-8095-5834fee6962f,2025-10-02 00:00:00+00:00,2025-10-02 00:00:00+00:00,1,0.49075,0.5405,0.5405,0.5405,-0.04974999999999996,-0.0051250000000000046,0.028169399999999983,True,1.5841657969285814,False,True,outside_p10_p90
8820d897-a09e-4857-8095-5834fee6962f,2025-10-02 00:00:00+00:00,2025-10-02 01:00:00+00:00,2,0.4902499999999999,0.518,0.518,0.518,-0.027750000000000108,-0.006000000000000005,0.029652000000000005,True,0.7335087009308006,False,True,outside_p10_p90
8820d897-a09e-4857-8095-5834fee6962f,2025-10-02 00:00:00+00:00,2025-10-02 02:00:00+00:00,3,0.46775,0.51125,0.51125,0.51125,-0.04349999999999998,-0.005500000000000005,0.028725375000000004,True,1.3228721992315147,False,True,outside_p10_p90
8820d897-a09e-4857-8095-5834fee6962f,2025-10-02 00:00:00+00:00,2025-10-02 03:00:00+00:00,4,0.462,0.5097499999999999,0.5097499999999999,0.5097499999999999,-0.047749999999999904,-0.0036250000000000032,0.030393300000000005,True,1.4518002322880337,False,True,outside_p10_p90
8820d897-a09e-4857-8095-5834fee6962f,2025-10-02 00:00:00+00:00,2025-10-02 04:00:00+00:00,5,0.461,0.5075000000000001,0.5075000000000001,0.5075000000000001,-0.04650000000000004,-0.00424999999999999,0.029837325000000005,True,1.416011656540928,False,True,outside_p10_p90
8820d897-a09e-4857-8095-5834fee6962f,2025-10-02 00:00:00+00:00,2025-10-02 05:00:00+00:00,6,0.45925,0.5045,0.5045,0.5045,-0.04524999999999996,-0.00399999999999999,0.032246550000000006,True,1.2792066128004378,False,True,outside_p10_p90
8820d897-a09e-4857-8095-5834fee6962f,2025-10-02 00:00:00+00:00,2025-10-02 06:00:00+00:00,7,0.45675,0.50675,0.50675,0.50675,-0.050000000000000044,-0.00437499999999999,0.033914475000000006,True,1.3452957770981284,False,True,outside_p10_p90
8820d897-a09e-4857-8095-5834fee6962f,2025-10-02 00:00:00+00:00,2025-10-02 07:00:00+00:00,8,0.45525,0.52575,0.52575,0.52575,-0.07050000000000006,-0.0048749999999999905,0.033729149999999986,True,1.9456464215671043,False,True,outside_p10_p90
8820d897-a09e-4857-8095-5834fee6962f,2025-10-02 00:00:00+00:00,2025-10-02 08:00:00+00:00,9,0.47,0.5227499999999999,0.5227499999999999,0.5227499999999999,-0.052749999999999964,-0.0051250000000000046,0.037064999999999966,True,1.284904896802914,False,True,outside_p10_p90
8820d897-a09e-4857-8095-5834fee6962f,2025-10-02 00:00:00+00:00,2025-10-02 09:00:00+00:00,10,0.484,0.501,0.501,0.501,-0.017000000000000015,-0.004375000000000018,0.0355823999999999,True,0.3548102432663348,False,True,outside_p10_p90
8820d897-a09e-4857-8095-5834fee6962f,2025-10-02 00:00:00+00:00,2025-10-02 10:00:00+00:00,11,0.4655,0.492,0.492,0.492,-0.026499999999999968,-0.003500000000000003,0.035211749999999924,True,0.6531910512825978,False,True,outside_p10_p90
8820d897-a09e-4857-8095-5834fee6962f,2025-10-02 00:00:00+00:00,2025-10-02 11:00:00+00:00,12,0.452,0.48875,0.48875,0.48875,-0.036750000000000005,-0.0020000000000000018,0.032246550000000006,True,1.077634661692491,False,True,outside_p10_p90
8820d897-a09e-4857-8095-5834fee6962f,2025-10-02 00:00:00+00:00,2025-10-02 12:00:00+00:00,13,0.44975,0.4847499999999999,0.4847499999999999,0.4847499999999999,-0.03499999999999992,-0.002750000000000058,0.03169057500000007,True,1.0176527248243301,False,True,outside_p10_p90
8820d897-a09e-4857-8095-5834fee6962f,2025-10-02 00:00:00+00:00,2025-10-02 13:00:00+00:00,14,0.44875,0.4825,0.4825,0.4825,-0.03375,-0.0016250000000000014,0.03261720000000009,True,0.9849098021902528,False,True,outside_p10_p90
8820d897-a09e-4857-8095-5834fee6962f,2025-10-02 00:00:00+00:00,2025-10-02 14:00:00+00:00,15,0.4485,0.4805,0.4805,0.4805,-0.03199999999999997,-0.002250000000000002,0.03169057499999994,True,0.9387649166984198,False,True,outside_p10_p90
8820d897-a09e-4857-8095-5834fee6962f,2025-10-02 00:00:00+00:00,2025-10-02 15:00:00+00:00,16,0.44875,0.4935,0.4935,0.4935,-0.04475000000000001,-0.0016250000000000014,0.031505249999999985,True,1.3688194824672089,False,True,outside_p10_p90
8820d897-a09e-4857-8095-5834fee6962f,2025-10-02 00:00:00+00:00,2025-10-02 16:00:00+00:00,17,0.461,0.50825,0.50825,0.50825,-0.04724999999999996,-0.002125000000000002,0.034099799999999986,True,1.3233215444078843,False,True,outside_p10_p90
8820d897-a09e-4857-8095-5834fee6962f,2025-10-02 00:00:00+00:00,2025-10-02 17:00:00+00:00,18,0.4772499999999999,0.49075,0.49075,0.49075,-0.013500000000000123,-0.0031250000000000028,0.03854760000000001,True,0.2691477549834521,False,True,outside_p10_p90
8820d897-a09e-4857-8095-5834fee6962f,2025-10-02 00:00:00+00:00,2025-10-02 18:00:00+00:00,19,0.46025,0.4757499999999999,0.4757499999999999,0.4757499999999999,-0.015499999999999903,-0.005250000000000005,0.031505250000000005,True,0.32534260162988377,False,True,outside_p10_p90
8820d897-a09e-4857-8095-5834fee6962f,2025-10-02 00:00:00+00:00,2025-10-02 19:00:00+00:00,20,0.44625,0.4725,0.4725,0.4725,-0.026249999999999996,-0.006000000000000005,0.033173175000000006,True,0.6104329778503259,False,True,outside_p10_p90
8820d897-a09e-4857-8095-5834fee6962f,2025-10-02 00:00:00+00:00,2025-10-02 20:00:00+00:00,21,0.4445,0.46975,0.46975,0.46975,-0.025249999999999995,-0.004375000000000004,0.031875900000000006,True,0.6548834699569263,False,True,outside_p10_p90
8820d897-a09e-4857-8095-5834fee6962f,2025-10-02 00:00:00+00:00,2025-10-02 21:00:00+00:00,22,0.443,0.46775,0.46775,0.46775,-0.024749999999999994,-0.0037500000000000033,0.035026424999999944,True,0.5995473417569742,False,True,outside_p10_p90
8820d897-a09e-4857-8095-5834fee6962f,2025-10-02 00:00:00+00:00,2025-10-02 22:00:00+00:00,23,0.44225,0.46675,0.46675,0.46675,-0.024500000000000022,-0.002624999999999919,0.030949275000000005,True,0.7068016940623035,False,True,outside_p10_p90
8820d897-a09e-4857-8095-5834fee6962f,2025-10-02 00:00:00+00:00,2025-10-02 23:00:00+00:00,24,0.44275,0.4692499999999999,0.4692499999999999,0.4692499999999999,-0.026499999999999913,-0.0038750000000000034,0.034470449999999986,True,0.656359287447652,False,True,outside_p10_p90
8820d897-a09e-4857-8095-5834fee6962f,2025-10-03 00:00:00+00:00,2025-10-03 00:00:00+00:00,1,0.44375,0.49075,0.49075,0.49075,-0.04700000000000004,-0.0051250000000000046,0.028169399999999983,True,1.4865421343727614,False,True,outside_p10_p90
8820d897-a09e-4857-8095-5834fee6962f,2025-10-03 00:00:00+00:00,2025-10-03 01:00:00+00:00,2,0.4649999999999999,0.4902499999999999,0.4902499999999999,0.4902499999999999,-0.025249999999999995,-0.006000000000000005,0.029652000000000005,True,0.6491973559962224,False,True,outside_p10_p90
8820d897-a09e-4857-8095-5834fee6962f,2025-10-03 00:00:00+00:00,2025-10-03 02:00:00+00:00,3,0.4735,0.46775,0.46775,0.46775,0.005749999999999977,-0.005500000000000005,0.028725375000000004,True,0.3916397958251191,False,True,outside_p10_p90
8820d897-a09e-4857-8095-5834fee6962f,2025-10-03 00:00:00+00:00,2025-10-03 03:00:00+00:00,4,0.452,0.462,0.462,0.462,-0.010000000000000009,-0.0036250000000000032,0.030393300000000005,True,0.20975017520308767,False,True,outside_p10_p90
8820d897-a09e-4857-8095-5834fee6962f,2025-10-03 00:00:00+00:00,2025-10-03 04:00:00+00:00,5,0.4435,0.461,0.461,0.461,-0.017500000000000016,-0.00424999999999999,0.029837325000000005,True,0.4440746615187529,False,True,outside_p10_p90
8820d897-a09e-4857-8095-5834fee6962f,2025-10-03 00:00:00+00:00,2025-10-03 05:00:00+00:00,6,0.4425,0.45925,0.45925,0.45925,-0.016749999999999987,-0.00399999999999999,0.032246550000000006,True,0.39539113486559013,False,True,outside_p10_p90
8820d897-a09e-4857-8095-5834fee6962f,2025-10-03 00:00:00+00:00,2025-10-03 06:00:00+00:00,7,0.44175,0.45675,0.45675,0.45675,-0.015000000000000013,-0.00437499999999999,0.033914475000000006,True,0.31328805768038637,False,True,outside_p10_p90
8820d897-a09e-4857-8095-5834fee6962f,2025-10-03 00:00:00+00:00,2025-10-03 07:00:00+00:00,8,0.4415,0.45525,0.45525,0.45525,-0.013749999999999984,-0.0048749999999999905,0.033729149999999986,True,0.2631255160595508,False,True,outside_p10_p90
8820d897-a09e-4857-8095-5834fee6962f,2025-10-03 00:00:00+00:00,2025-10-03 08:00:00+00:00,9,0.4415,0.47,0.47,0.47,-0.02849999999999997,-0.0051250000000000046,0.037064999999999966,True,0.6306488601106162,False,True,outside_p10_p90
8820d897-a09e-4857-8095-5834fee6962f,2025-10-03 00:00:00+00:00,2025-10-03 09:00:00+00:00,10,0.45575,0.484,0.484,0.484,-0.028249999999999997,-0.004375000000000018,0.0355823999999999,True,0.6709777867709892,False,True,outside_p10_p90
8820d897-a09e-4857-8095-5834fee6962f,2025-10-03 00:00:00+00:00,2025-10-03 10:00:00+00:00,11,0.4727499999999999,0.4655,0.4655,0.4655,0.007249999999999868,-0.003500000000000003,0.035211749999999924,True,0.30529581744729795,False,True,outside_p10_p90
8820d897-a09e-4857-8095-5834fee6962f,2025-10-03 00:00:00+00:00,2025-10-03 11:00:00+00:00,12,0.45575,0.452,0.452,0.452,0.0037499999999999756,-0.0020000000000000018,0.032246550000000006,True,0.17831364905703018,False,True,outside_p10_p90
8820d897-a09e-4857-8095-5834fee6962f,2025-10-03 00:00:00+00:00,2025-10-03 12:00:00+00:00,13,0.44075,0.44975,0.44975,0.44975,-0.009000000000000008,-0.002750000000000058,0.03169057500000007,True,0.1972195203147919,False,True,outside_p10_p90
8820d897-a09e-4857-8095-5834fee6962f,2025-10-03 00:00:00+00:00,2025-10-03 13:00:00+00:00,14,0.44025,0.44875,0.44875,0.44875,-0.008500000000000008,-0.0016250000000000014,0.03261720000000009,True,0.2107783623364356,False,True,outside_p10_p90
8820d897-a09e-4857-8095-5834fee6962f,2025-10-03 00:00:00+00:00,2025-10-03 14:00:00+00:00,15,0.44075,0.4485,0.4485,0.4485,-0.007750000000000035,-0.002250000000000002,0.03169057499999994,True,0.17355317787702,False,True,outside_p10_p90
8820d897-a09e-4857-8095-5834fee6962f,2025-10-03 00:00:00+00:00,2025-10-03 15:00:00+00:00,16,0.43925,0.44875,0.44875,0.44875,-0.009500000000000008,-0.0016250000000000014,0.031505249999999985,True,0.2499583402766209,False,True,outside_p10_p90
8820d897-a09e-4857-8095-5834fee6962f,2025-10-03 00:00:00+00:00,2025-10-03 16:00:00+00:00,17,0.44075,0.461,0.461,0.461,-0.020250000000000046,-0.002125000000000002,0.034099799999999986,True,0.5315280441527531,False,True,outside_p10_p90
8820d897-a09e-4857-8095-5834fee6962f,2025-10-03 00:00:00+00:00,2025-10-03 17:00:00+00:00,18,0.4625,0.4772499999999999,0.4772499999999999,0.4772499999999999,-0.014749999999999874,-0.0031250000000000028,0.03854760000000001,True,0.30157519534289734,False,True,outside_p10_p90
8820d897-a09e-4857-8095-5834fee6962f,2025-10-03 00:00:00+00:00,2025-10-03 18:00:00+00:00,19,0.4804999999999999,0.46025,0.46025,0.46025,0.020249999999999935,-0.005250000000000005,0.031505250000000005,True,0.8093889113719122,False,True,outside_p10_p90
8820d897-a09e-4857-8095-5834fee6962f,2025-10-03 00:00:00+00:00,2025-10-03 19:00:00+00:00,20,0.46525,0.44625,0.44625,0.44625,0.019000000000000017,-0.006000000000000005,0.033173175000000006,True,0.7536209603090455,False,True,outside_p10_p90
8820d897-a09e-4857-8095-5834fee6962f,2025-10-03 00:00:00+00:00,2025-10-03 20:00:00+00:00,21,0.45925,0.4445,0.4445,0.4445,0.014749999999999985,-0.004375000000000004,0.031875900000000006,True,0.5999830593018546,False,True,outside_p10_p90
8820d897-a09e-4857-8095-5834fee6962f,2025-10-03 00:00:00+00:00,2025-10-03 21:00:00+00:00,22,0.462,0.443,0.443,0.443,0.019000000000000017,-0.0037500000000000033,0.035026424999999944,True,0.6495096202367229,False,True,outside_p10_p90
8820d897-a09e-4857-8095-5834fee6962f,2025-10-03 00:00:00+00:00,2025-10-03 22:00:00+00:00,23,0.46625,0.44225,0.44225,0.44225,0.02400000000000002,-0.002624999999999919,0.030949275000000005,True,0.8602786333443978,False,True,outside_p10_p90
8820d897-a09e-4857-8095-5834fee6962f,2025-10-03 00:00:00+00:00,2025-10-03 23:00:00+00:00,24,0.468,0.44275,0.44275,0.44275,0.02525000000000005,-0.0038750000000000034,0.034470449999999986,True,0.8449265965486399,False,True,outside_p10_p90
8820d897-a09e-4857-8095-5834fee6962f,2025-10-04 00:00:00+00:00,2025-10-04 00:00:00+00:00,1,0.47475,0.44375,0.44375,0.44375,0.031000000000000028,-0.0051250000000000046,0.028169399999999983,True,1.2824199308469493,False,True,outside_p10_p90
8820d897-a09e-4857-8095-5834fee6962f,2025-10-04 00:00:00+00:00,2025-10-04 01:00:00+00:00,2,0.4935,0.4649999999999999,0.4649999999999999,0.4649999999999999,0.02850000000000008,-0.006000000000000005,0.029652000000000005,True,1.1634965600971294,False,True,outside_p10_p90
8820d897-a09e-4857-8095-5834fee6962f,2025-10-04 00:00:00+00:00,2025-10-04 02:00:00+00:00,3,0.4842499999999999,0.4735,0.4735,0.4735,0.010749999999999926,-0.005500000000000005,0.028725375000000004,True,0.5657019273029483,False,True,outside_p10_p90
8820d897-a09e-4857-8095-5834fee6962f,2025-10-04 00:00:00+00:00,2025-10-04 03:00:00+00:00,4,0.4665,0.452,0.452,0.452,0.014500000000000013,-0.0036250000000000032,0.030393300000000005,True,0.596348537342112,False,True,outside_p10_p90
8820d897-a09e-4857-8095-5834fee6962f,2025-10-04 00:00:00+00:00,2025-10-04 04:00:00+00:00,5,0.465,0.4435,0.4435,0.4435,0.02150000000000002,-0.00424999999999999,0.029837325000000005,True,0.8630130214421033,False,True,outside_p10_p90
8820d897-a09e-4857-8095-5834fee6962f,2025-10-04 00:00:00+00:00,2025-10-04 05:00:00+00:00,6,0.46575,0.4425,0.4425,0.4425,0.023249999999999993,-0.00399999999999999,0.032246550000000006,True,0.8450516411833197,False,True,outside_p10_p90
8820d897-a09e-4857-8095-5834fee6962f,2025-10-04 00:00:00+00:00,2025-10-04 06:00:00+00:00,7,0.46725,0.44175,0.44175,0.44175,0.025500000000000023,-0.00437499999999999,0.033914475000000006,True,0.8808923033601437,False,True,outside_p10_p90
8820d897-a09e-4857-8095-5834fee6962f,2025-10-04 00:00:00+00:00,2025-10-04 07:00:00+00:00,8,0.4684999999999999,0.4415,0.4415,0.4415,0.026999999999999913,-0.0048749999999999905,0.033729149999999986,True,0.9450282619040182,False,True,outside_p10_p90
8820d897-a09e-4857-8095-5834fee6962f,2025-10-04 00:00:00+00:00,2025-10-04 08:00:00+00:00,9,0.46575,0.4415,0.4415,0.4415,0.024249999999999994,-0.0051250000000000046,0.037064999999999966,True,0.792526642385,False,True,outside_p10_p90
8820d897-a09e-4857-8095-5834fee6962f,2025-10-04 00:00:00+00:00,2025-10-04 09:00:00+00:00,10,0.481,0.45575,0.45575,0.45575,0.025249999999999995,-0.004375000000000018,0.0355823999999999,True,0.8325745312289248,False,True,outside_p10_p90
8820d897-a09e-4857-8095-5834fee6962f,2025-10-04 00:00:00+00:00,2025-10-04 10:00:00+00:00,11,0.49675,0.4727499999999999,0.4727499999999999,0.4727499999999999,0.024000000000000132,-0.003500000000000003,0.035211749999999924,True,0.7809893004465894,False,True,outside_p10_p90
8820d897-a09e-4857-8095-5834fee6962f,2025-10-04 00:00:00+00:00,2025-10-04 11:00:00+00:00,12,0.4775,0.45575,0.45575,0.45575,0.02174999999999999,-0.0020000000000000018,0.032246550000000006,True,0.7365128982790403,False,True,outside_p10_p90
8820d897-a09e-4857-8095-5834fee6962f,2025-10-04 00:00:00+00:00,2025-10-04 12:00:00+00:00,13,0.4655,0.44075,0.44075,0.44075,0.02475000000000005,-0.002750000000000058,0.03169057500000007,True,0.8677658893850947,False,True,outside_p10_p90
8820d897-a09e-4857-8095-5834fee6962f,2025-10-04 00:00:00+00:00,2025-10-04 13:00:00+00:00,14,0.46675,0.44025,0.44025,0.44025,0.026500000000000024,-0.0016250000000000014,0.03261720000000009,True,0.8622751186490547,False,True,outside_p10_p90
8820d897-a09e-4857-8095-5834fee6962f,2025-10-04 00:00:00+00:00,2025-10-04 14:00:00+00:00,15,0.46725,0.44075,0.44075,0.44075,0.026500000000000024,-0.002250000000000002,0.03169057499999994,True,0.9072097934480544,False,True,outside_p10_p90
8820d897-a09e-4857-8095-5834fee6962f,2025-10-04 00:00:00+00:00,2025-10-04 15:00:00+00:00,16,0.47025,0.43925,0.43925,0.43925,0.031000000000000028,-0.0016250000000000014,0.031505249999999985,True,1.0355416954317151,False,True,outside_p10_p90
8820d897-a09e-4857-8095-5834fee6962f,2025-10-04 00:00:00+00:00,2025-10-04 16:00:00+00:00,17,0.4734999999999999,0.44075,0.44075,0.44075,0.032749999999999946,-0.002125000000000002,0.034099799999999986,True,1.0227332711628796,False,True,outside_p10_p90
8820d897-a09e-4857-8095-5834fee6962f,2025-10-04 00:00:00+00:00,2025-10-04 17:00:00+00:00,18,0.4775,0.4625,0.4625,0.4625,0.014999999999999958,-0.0031250000000000028,0.03854760000000001,True,0.4701978852120484,False,True,outside_p10_p90
8820d897-a09e-4857-8095-5834fee6962f,2025-10-04 00:00:00+00:00,2025-10-04 18:00:00+00:00,19,0.48375,0.4804999999999999,0.4804999999999999,0.4804999999999999,0.003250000000000086,-0.005250000000000005,0.031505250000000005,True,0.2697963037906409,False,True,outside_p10_p90
8820d897-a09e-4857-8095-5834fee6962f,2025-10-04 00:00:00+00:00,2025-10-04 19:00:00+00:00,20,0.511,0.46525,0.46525,0.46525,0.04575000000000001,-0.006000000000000005,0.033173175000000006,True,1.5599953878397232,False,True,outside_p10_p90
8820d897-a09e-4857-8095-5834fee6962f,2025-10-04 00:00:00+00:00,2025-10-04 20:00:00+00:00,21,0.5235000000000001,0.45925,0.45925,0.45925,0.06425000000000008,-0.004375000000000004,0.031875900000000006,True,2.1528803892596,False,True,outside_p10_p90
8820d897-a09e-4857-8095-5834fee6962f,2025-10-04 00:00:00+00:00,2025-10-04 21:00:00+00:00,22,0.51725,0.462,0.462,0.462,0.055249999999999966,-0.0037500000000000033,0.035026424999999944,True,1.6844425316029272,False,True,outside_p10_p90
8820d897-a09e-4857-8095-5834fee6962f,2025-10-04 00:00:00+00:00,2025-10-04 22:00:00+00:00,23,0.5335,0.46625,0.46625,0.46625,0.06724999999999998,-0.002624999999999919,0.030949275000000005,True,2.257726554176144,False,True,outside_p10_p90
8820d897-a09e-4857-8095-5834fee6962f,2025-10-04 00:00:00+00:00,2025-10-04 23:00:00+00:00,24,0.5692499999999999,0.468,0.468,0.468,0.1012499999999999,-0.0038750000000000034,0.034470449999999986,True,3.0497135952678294,False,True,outside_p10_p90
8820d897-a09e-4857-8095-5834fee6962f,2025-10-05 00:00:00+00:00,2025-10-05 00:00:00+00:00,1,0.619,0.47475,0.47475,0.47475,0.14425,-0.0051250000000000046,0.028169399999999983,True,5.302739852464024,True,True,outside_p10_p90|large_residual
8820d897-a09e-4857-8095-5834fee6962f,2025-10-05 00:00:00+00:00,2025-10-05 01:00:00+00:00,2,0.68675,0.4935,0.4935,0.4935,0.19324999999999998,-0.006000000000000005,0.029652000000000005,True,6.719614191285578,True,True,outside_p10_p90|large_residual
8820d897-a09e-4857-8095-5834fee6962f,2025-10-05 00:00:00+00:00,2025-10-05 02:00:00+00:00,3,0.769,0.4842499999999999,0.4842499999999999,0.4842499999999999,0.2847500000000001,-0.005500000000000005,0.028725375000000004,True,10.104306732288093,True,True,outside_p10_p90|large_residual
8820d897-a09e-4857-8095-5834fee6962f,2025-10-05 00:00:00+00:00,2025-10-05 03:00:00+00:00,4,0.8615,0.4665,0.4665,0.4665,0.395,-0.0036250000000000032,0.030393300000000005,True,13.11555507299306,True,True,outside_p10_p90|large_residual
8820d897-a09e-4857-8095-5834fee6962f,2025-10-05 00:00:00+00:00,2025-10-05 04:00:00+00:00,5,0.9675,0.465,0.465,0.465,0.5025,-0.00424999999999999,0.029837325000000005,True,16.983761111292647,True,True,outside_p10_p90|large_residual
8820d897-a09e-4857-8095-5834fee6962f,2025-10-05 00:00:00+00:00,2025-10-05 05:00:00+00:00,6,1.06225,0.46575,0.46575,0.46575,0.5964999999999999,-0.00399999999999999,0.032246550000000006,True,18.622147175434264,True,True,outside_p10_p90|large_residual
8820d897-a09e-4857-8095-5834fee6962f,2025-10-05 00:00:00+00:00,2025-10-05 06:00:00+00:00,7,1.13,0.46725,0.46725,0.46725,0.66275,-0.00437499999999999,0.033914475000000006,True,19.670804280473156,True,True,outside_p10_p90|large_residual
8820d897-a09e-4857-8095-5834fee6962f,2025-10-05 00:00:00+00:00,2025-10-05 07:00:00+00:00,8,1.19575,0.4684999999999999,0.4684999999999999,0.4684999999999999,0.7272500000000002,-0.0048749999999999905,0.033729149999999986,True,21.706002078320992,True,True,outside_p10_p90|large_residual
8820d897-a09e-4857-8095-5834fee6962f,2025-10-05 00:00:00+00:00,2025-10-05 08:00:00+00:00,9,1.25975,0.46575,0.46575,0.46575,0.7939999999999999,-0.0051250000000000046,0.037064999999999966,True,21.560097126669383,True,True,outside_p10_p90|large_residual
8820d897-a09e-4857-8095-5834fee6962f,2025-10-05 00:00:00+00:00,2025-10-05 09:00:00+00:00,10,1.31975,0.481,0.481,0.481,0.83875,-0.004375000000000018,0.0355823999999999,True,23.695000899321077,True,True,outside_p10_p90|large_residual
8820d897-a09e-4857-8095-5834fee6962f,2025-10-05 00:00:00+00:00,2025-10-05 10:00:00+00:00,11,1.37075,0.49675,0.49675,0.49675,0.8739999999999999,-0.003500000000000003,0.035211749999999924,True,24.92065858697741,True,True,outside_p10_p90|large_residual
8820d897-a09e-4857-8095-5834fee6962f,2025-10-05 00:00:00+00:00,2025-10-05 11:00:00+00:00,12,1.41525,0.4775,0.4775,0.4775,0.9377499999999999,-0.0020000000000000018,0.032246550000000006,True,29.142652469799085,True,True,outside_p10_p90|large_residual
8820d897-a09e-4857-8095-5834fee6962f,2025-10-05 00:00:00+00:00,2025-10-05 12:00:00+00:00,13,1.46,0.4655,0.4655,0.4655,0.9944999999999999,-0.002750000000000058,0.03169057500000007,True,31.46834666142845,True,True,outside_p10_p90|large_residual
8820d897-a09e-4857-8095-5834fee6962f,2025-10-05 00:00:00+00:00,2025-10-05 13:00:00+00:00,14,1.50775,0.46675,0.46675,0.46675,1.041,-0.0016250000000000014,0.03261720000000009,True,31.965496731785592,True,True,outside_p10_p90|large_residual
8820d897-a09e-4857-8095-5834fee6962f,2025-10-05 00:00:00+00:00,2025-10-05 14:00:00+00:00,15,1.5399999999999998,0.46725,0.46725,0.46725,1.0727499999999999,-0.002250000000000002,0.03169057499999994,True,33.921757494144614,True,True,outside_p10_p90|large_residual
8820d897-a09e-4857-8095-5834fee6962f,2025-10-05 00:00:00+00:00,2025-10-05 15:00:00+00:00,16,1.5575,0.47025,0.47025,0.47025,1.08725,-0.0016250000000000014,0.031505249999999985,True,34.561700034121316,True,True,outside_p10_p90|large_residual
8820d897-a09e-4857-8095-5834fee6962f,2025-10-05 00:00:00+00:00,2025-10-05 16:00:00+00:00,17,1.5865,0.4734999999999999,0.4734999999999999,0.4734999999999999,1.113,-0.002125000000000002,0.034099799999999986,True,32.70180470266689,True,True,outside_p10_p90|large_residual
8820d897-a09e-4857-8095-5834fee6962f,2025-10-05 00:00:00+00:00,2025-10-05 17:00:00+00:00,18,1.6162500000000002,0.4775,0.4775,0.4775,1.1387500000000002,-0.0031250000000000028,0.03854760000000001,True,29.622466768359118,True,True,outside_p10_p90|large_residual
8820d897-a09e-4857-8095-5834fee6962f,2025-10-05 00:00:00+00:00,2025-10-05 18:00:00+00:00,19,1.6575,0.48375,0.48375,0.48375,1.17375,-0.005250000000000005,0.031505250000000005,True,37.42233437284261,True,True,outside_p10_p90|large_residual
8820d897-a09e-4857-8095-5834fee6962f,2025-10-05 00:00:00+00:00,2025-10-05 19:00:00+00:00,20,1.6985,0.511,0.511,0.511,1.1875,-0.006000000000000005,0.033173175000000006,True,35.977864645153794,True,True,outside_p10_p90|large_residual
8820d897-a09e-4857-8095-5834fee6962f,2025-10-05 00:00:00+00:00,2025-10-05 20:00:00+00:00,21,1.73425,0.5235000000000001,0.5235000000000001,0.5235000000000001,1.21075,-0.004375000000000004,0.031875900000000006,True,38.120492284139424,True,True,outside_p10_p90|large_residual
8820d897-a09e-4857-8095-5834fee6962f,2025-10-05 00:00:00+00:00,2025-10-05 21:00:00+00:00,22,1.76825,0.51725,0.51725,0.51725,1.2510000000000001,-0.0037500000000000033,0.035026424999999944,True,35.82295366997922,True,True,outside_p10_p90|large_residual
8820d897-a09e-4857-8095-5834fee6962f,2025-10-05 00:00:00+00:00,2025-10-05 22:00:00+00:00,23,1.8005,0.5335,0.5335,0.5335,1.267,-0.002624999999999919,0.030949275000000005,True,41.022770323375894,True,True,outside_p10_p90|large_residual
8820d897-a09e-4857-8095-5834fee6962f,2025-10-05 00:00:00+00:00,2025-10-05 23:00:00+00:00,24,1.82975,0.5692499999999999,0.5692499999999999,0.5692499999999999,1.2605,-0.0038750000000000034,0.034470449999999986,True,36.67996791454711,True,True,outside_p10_p90|large_residual
8820d897-a09e-4857-8095-5834fee6962f,2025-10-06 00:00:00+00:00,2025-10-06 00:00:00+00:00,1,1.8585,0.619,0.619,0.619,1.2395,-0.0051250000000000046,0.028169399999999983,True,44.1835821849241,True,True,outside_p10_p90|large_residual
8820d897-a09e-4857-8095-5834fee6962f,2025-10-06 00:00:00+00:00,2025-10-06 01:00:00+00:00,2,1.8865,0.68675,0.68675,0.68675,1.19975,-0.006000000000000005,0.029652000000000005,True,40.66336166194523,True,True,outside_p10_p90|large_residual
8820d897-a09e-4857-8095-5834fee6962f,2025-10-06 00:00:00+00:00,2025-10-06 02:00:00+00:00,3,1.9135,0.769,0.769,0.769,1.1444999999999999,-0.005500000000000005,0.028725375000000004,True,40.034290239901125,True,True,outside_p10_p90|large_residual
8820d897-a09e-4857-8095-5834fee6962f,2025-10-06 00:00:00+00:00,2025-10-06 03:00:00+00:00,4,1.94125,0.8615,0.8615,0.8615,1.0797499999999998,-0.0036250000000000032,0.030393300000000005,True,35.645191538924685,True,True,outside_p10_p90|large_residual
8820d897-a09e-4857-8095-5834fee6962f,2025-10-06 00:00:00+00:00,2025-10-06 04:00:00+00:00,5,1.96425,0.9675,0.9675,0.9675,0.99675,-0.00424999999999999,0.029837325000000005,True,33.54858386266195,True,True,outside_p10_p90|large_residual
8820d897-a09e-4857-8095-5834fee6962f,2025-10-06 00:00:00+00:00,2025-10-06 05:00:00+00:00,6,1.9855,1.06225,1.06225,1.06225,0.9232500000000001,-0.00399999999999999,0.032246550000000006,True,28.75501410228381,True,True,outside_p10_p90|large_residual
8820d897-a09e-4857-8095-5834fee6962f,2025-10-06 00:00:00+00:00,2025-10-06 06:00:00+00:00,7,2.0065,1.13,1.13,1.13,0.8765000000000001,-0.00437499999999999,0.033914475000000006,True,25.973422852631508,True,True,outside_p10_p90|large_residual
8820d897-a09e-4857-8095-5834fee6962f,2025-10-06 00:00:00+00:00,2025-10-06 07:00:00+00:00,8,2.026,1.19575,1.19575,1.19575,0.8302499999999997,-0.0048749999999999905,0.033729149999999986,True,24.759740461885343,True,True,outside_p10_p90|large_residual
8820d897-a09e-4857-8095-5834fee6962f,2025-10-06 00:00:00+00:00,2025-10-06 08:00:00+00:00,9,2.0425,1.25975,1.25975,1.25975,0.7827500000000001,-0.0051250000000000046,0.037064999999999966,True,21.25657628490492,True,True,outside_p10_p90|large_residual
8820d897-a09e-4857-8095-5834fee6962f,2025-10-06 00:00:00+00:00,2025-10-06 09:00:00+00:00,10,2.05625,1.31975,1.31975,1.31975,0.7364999999999999,-0.004375000000000018,0.0355823999999999,True,20.821389226134325,True,True,outside_p10_p90|large_residual
8820d897-a09e-4857-8095-5834fee6962f,2025-10-06 00:00:00+00:00,2025-10-06 10:00:00+00:00,11,2.068,1.37075,1.37075,1.37075,0.6972500000000001,-0.003500000000000003,0.035211749999999924,True,19.901027355925272,True,True,outside_p10_p90|large_residual
8820d897-a09e-4857-8095-5834fee6962f,2025-10-06 00:00:00+00:00,2025-10-06 11:00:00+00:00,12,2.0789999999999997,1.41525,1.41525,1.41525,0.6637499999999998,-0.0020000000000000018,0.032246550000000006,True,20.645619453864047,True,True,outside_p10_p90|large_residual
8820d897-a09e-4857-8095-5834fee6962f,2025-10-06 00:00:00+00:00,2025-10-06 12:00:00+00:00,13,2.0895,1.46,1.46,1.46,0.6295000000000002,-0.002750000000000058,0.03169057500000007,True,19.950726675044514,True,True,outside_p10_p90|large_residual
8820d897-a09e-4857-8095-5834fee6962f,2025-10-06 00:00:00+00:00,2025-10-06 13:00:00+00:00,14,2.09425,1.50775,1.50775,1.50775,0.5865000000000002,-0.0016250000000000014,0.03261720000000009,True,18.03113081441689,True,True,outside_p10_p90|large_residual
8820d897-a09e-4857-8095-5834fee6962f,2025-10-06 00:00:00+00:00,2025-10-06 14:00:00+00:00,15,2.10025,1.5399999999999998,1.5399999999999998,1.5399999999999998,0.5602500000000001,-0.002250000000000002,0.03169057499999994,True,17.74975682833149,True,True,outside_p10_p90|large_residual
8820d897-a09e-4857-8095-5834fee6962f,2025-10-06 00:00:00+00:00,2025-10-06 15:00:00+00:00,16,2.1005000000000003,1.5575,1.5575,1.5575,0.5430000000000001,-0.0016250000000000014,0.031505249999999985,True,17.286801406114865,True,True,outside_p10_p90|large_residual
8820d897-a09e-4857-8095-5834fee6962f,2025-10-06 00:00:00+00:00,2025-10-06 16:00:00+00:00,17,2.1007499999999997,1.5865,1.5865,1.5865,0.5142499999999997,-0.002125000000000002,0.034099799999999986,True,15.143050692379425,True,True,outside_p10_p90|large_residual
8820d897-a09e-4857-8095-5834fee6962f,2025-10-06 00:00:00+00:00,2025-10-06 17:00:00+00:00,18,2.09625,1.6162500000000002,1.6162500000000002,1.6162500000000002,0.47999999999999976,-0.0031250000000000028,0.03854760000000001,True,12.53320569892807,True,True,outside_p10_p90|large_residual
8820d897-a09e-4857-8095-5834fee6962f,2025-10-06 00:00:00+00:00,2025-10-06 18:00:00+00:00,19,2.093,1.6575,1.6575,1.6575,0.4355,-0.005250000000000005,0.031505250000000005,True,13.98973187008514,True,True,outside_p10_p90|large_residual
8820d897-a09e-4857-8095-5834fee6962f,2025-10-06 00:00:00+00:00,2025-10-06 19:00:00+00:00,20,2.0825,1.6985,1.6985,1.6985,0.3840000000000001,-0.006000000000000005,0.033173175000000006,True,11.756486980821101,True,True,outside_p10_p90|large_residual
8820d897-a09e-4857-8095-5834fee6962f,2025-10-06 00:00:00+00:00,2025-10-06 20:00:00+00:00,21,2.0755,1.73425,1.73425,1.73425,0.34124999999999983,-0.004375000000000004,0.031875900000000006,True,10.842831104376653,True,True,outside_p10_p90|large_residual
8820d897-a09e-4857-8095-5834fee6962f,2025-10-06 00:00:00+00:00,2025-10-06 21:00:00+00:00,22,2.064,1.76825,1.76825,1.76825,0.29574999999999996,-0.0037500000000000033,0.035026424999999944,True,8.550687088391134,True,True,outside_p10_p90|large_residual
8820d897-a09e-4857-8095-5834fee6962f,2025-10-06 00:00:00+00:00,2025-10-06 22:00:00+00:00,23,2.0435,1.8005,1.8005,1.8005,0.24299999999999988,-0.002624999999999919,0.030949275000000005,True,7.936373307613822,True,True,outside_p10_p90|large_residual
8820d897-a09e-4857-8095-5834fee6962f,2025-10-06 00:00:00+00:00,2025-10-06 23:00:00+00:00,24,2.0205,1.82975,1.82975,1.82975,0.1907500000000002,-0.0038750000000000034,0.034470449999999986,True,5.646140389812152,True,True,outside_p10_p90|large_residual
8820d897-a09e-4857-8095-5834fee6962f,2025-10-07 00:00:00+00:00,2025-10-07 00:00:00+00:00,1,1.996,1.8585,1.8585,1.8585,0.13749999999999996,-0.0051250000000000046,0.028169399999999983,True,5.063118135281548,True,True,outside_p10_p90|large_residual
8820d897-a09e-4857-8095-5834fee6962f,2025-10-07 00:00:00+00:00,2025-10-07 01:00:00+00:00,2,1.97725,1.8865,1.8865,1.8865,0.09074999999999989,-0.006000000000000005,0.029652000000000005,True,3.262849048968025,False,True,outside_p10_p90
8820d897-a09e-4857-8095-5834fee6962f,2025-10-07 00:00:00+00:00,2025-10-07 02:00:00+00:00,3,1.95575,1.9135,1.9135,1.9135,0.04225000000000012,-0.005500000000000005,0.028725375000000004,True,1.6622933556132904,False,True,outside_p10_p90
8820d897-a09e-4857-8095-5834fee6962f,2025-10-07 00:00:00+00:00,2025-10-07 03:00:00+00:00,4,1.936,1.94125,1.94125,1.94125,-0.005249999999999977,-0.0036250000000000032,0.030393300000000005,True,0.05346573093411947,False,True,outside_p10_p90
8820d897-a09e-4857-8095-5834fee6962f,2025-10-07 00:00:00+00:00,2025-10-07 04:00:00+00:00,5,1.915,1.96425,1.96425,1.96425,-0.049250000000000016,-0.00424999999999999,0.029837325000000005,True,1.5081780957240645,False,True,outside_p10_p90
8820d897-a09e-4857-8095-5834fee6962f,2025-10-07 00:00:00+00:00,2025-10-07 05:00:00+00:00,6,1.8915,1.9855,1.9855,1.9855,-0.09400000000000008,-0.00399999999999999,0.032246550000000006,True,2.7909962461100513,False,True,outside_p10_p90
8820d897-a09e-4857-8095-5834fee6962f,2025-10-07 00:00:00+00:00,2025-10-07 06:00:00+00:00,7,1.8665,2.0065,2.0065,2.0065,-0.1399999999999999,-0.00437499999999999,0.033914475000000006,True,3.999029912743744,True,True,outside_p10_p90|large_residual
8820d897-a09e-4857-8095-5834fee6962f,2025-10-07 00:00:00+00:00,2025-10-07 07:00:00+00:00,8,1.842,2.026,2.026,2.026,-0.18399999999999972,-0.0048749999999999905,0.033729149999999986,True,5.310688232582197,True,True,outside_p10_p90|large_residual
8820d897-a09e-4857-8095-5834fee6962f,2025-10-07 00:00:00+00:00,2025-10-07 08:00:00+00:00,9,1.814,2.0425,2.0425,2.0425,-0.22849999999999993,-0.0051250000000000046,0.037064999999999966,True,6.026574935923382,True,True,outside_p10_p90|large_residual
8820d897-a09e-4857-8095-5834fee6962f,2025-10-07 00:00:00+00:00,2025-10-07 09:00:00+00:00,10,1.7865000000000002,2.05625,2.05625,2.05625,-0.2697499999999997,-0.004375000000000018,0.0355823999999999,True,7.458041054004238,True,True,outside_p10_p90|large_residual
8820d897-a09e-4857-8095-5834fee6962f,2025-10-07 00:00:00+00:00,2025-10-07 10:00:00+00:00,11,1.7594999999999998,2.068,2.068,2.068,-0.3085000000000002,-0.003500000000000003,0.035211749999999924,True,8.661881332225773,True,True,outside_p10_p90|large_residual
8820d897-a09e-4857-8095-5834fee6962f,2025-10-07 00:00:00+00:00,2025-10-07 11:00:00+00:00,12,1.729,2.0789999999999997,2.0789999999999997,2.0789999999999997,-0.34999999999999964,-0.0020000000000000018,0.032246550000000006,True,10.791852151625509,True,True,outside_p10_p90|large_residual
8820d897-a09e-4857-8095-5834fee6962f,2025-10-07 00:00:00+00:00,2025-10-07 12:00:00+00:00,13,1.6985,2.0895,2.0895,2.0895,-0.39100000000000024,-0.002750000000000058,0.03169057500000007,True,12.251276601954977,True,True,outside_p10_p90|large_residual
8820d897-a09e-4857-8095-5834fee6962f,2025-10-07 00:00:00+00:00,2025-10-07 13:00:00+00:00,14,1.67075,2.09425,2.09425,2.09425,-0.4235000000000002,-0.0016250000000000014,0.03261720000000009,True,12.934126779735816,True,True,outside_p10_p90|large_residual
8820d897-a09e-4857-8095-5834fee6962f,2025-10-07 00:00:00+00:00,2025-10-07 14:00:00+00:00,15,1.64175,2.10025,2.10025,2.10025,-0.4584999999999999,-0.002250000000000002,0.03169057499999994,True,14.397024982979978,True,True,outside_p10_p90|large_residual
8820d897-a09e-4857-8095-5834fee6962f,2025-10-07 00:00:00+00:00,2025-10-07 15:00:00+00:00,16,1.613,2.1005000000000003,2.1005000000000003,2.1005000000000003,-0.48750000000000027,-0.0016250000000000014,0.031505249999999985,True,15.422032835797225,True,True,outside_p10_p90|large_residual
8820d897-a09e-4857-8095-5834fee6962f,2025-10-07 00:00:00+00:00,2025-10-07 16:00:00+00:00,17,1.5825,2.1007499999999997,2.1007499999999997,2.1007499999999997,-0.5182499999999997,-0.002125000000000002,0.034099799999999986,True,15.135719271080763,True,True,outside_p10_p90|large_residual
8820d897-a09e-4857-8095-5834fee6962f,2025-10-07 00:00:00+00:00,2025-10-07 17:00:00+00:00,18,1.5565,2.09625,2.09625,2.09625,-0.53975,-0.0031250000000000028,0.03854760000000001,True,13.921100146312606,True,True,outside_p10_p90|large_residual
8820d897-a09e-4857-8095-5834fee6962f,2025-10-07 00:00:00+00:00,2025-10-07 18:00:00+00:00,19,1.52975,2.093,2.093,2.093,-0.56325,-0.005250000000000005,0.031505250000000005,True,17.711333825314828,True,True,outside_p10_p90|large_residual
8820d897-a09e-4857-8095-5834fee6962f,2025-10-07 00:00:00+00:00,2025-10-07 19:00:00+00:00,20,1.50425,2.0825,2.0825,2.0825,-0.5782499999999999,-0.006000000000000005,0.033173175000000006,True,17.25038378147403,True,True,outside_p10_p90|large_residual
8820d897-a09e-4857-8095-5834fee6962f,2025-10-07 00:00:00+00:00,2025-10-07 20:00:00+00:00,21,1.4787500000000002,2.0755,2.0755,2.0755,-0.5967499999999997,-0.004375000000000004,0.031875900000000006,True,18.583789006741757,True,True,outside_p10_p90|large_residual
8820d897-a09e-4857-8095-5834fee6962f,2025-10-07 00:00:00+00:00,2025-10-07 21:00:00+00:00,22,1.45275,2.064,2.064,2.064,-0.6112500000000001,-0.0037500000000000033,0.035026424999999944,True,17.34404810082676,True,True,outside_p10_p90|large_residual
8820d897-a09e-4857-8095-5834fee6962f,2025-10-07 00:00:00+00:00,2025-10-07 22:00:00+00:00,23,1.4300000000000002,2.0435,2.0435,2.0435,-0.6134999999999997,-0.002624999999999919,0.030949275000000005,True,19.73794216504263,True,True,outside_p10_p90|large_residual
8820d897-a09e-4857-8095-5834fee6962f,2025-10-07 00:00:00+00:00,2025-10-07 23:00:00+00:00,24,1.406,2.0205,2.0205,2.0205,-0.6145000000000003,-0.0038750000000000034,0.034470449999999986,True,17.71444817227511,True,True,outside_p10_p90|large_residual
8820d897-a09e-4857-8095-5834fee6962f,2025-10-08 00:00:00+00:00,2025-10-08 00:00:00+00:00,1,1.383,1.996,1.996,1.996,-0.613,-0.0051250000000000046,0.028169399999999983,True,21.579266864043973,True,True,outside_p10_p90|large_residual
8820d897-a09e-4857-8095-5834fee6962f,2025-10-08 00:00:00+00:00,2025-10-08 01:00:00+00:00,2,1.364,1.97725,1.97725,1.97725,-0.6132499999999999,-0.006000000000000005,0.029652000000000005,True,20.479225684608114,True,True,outside_p10_p90|large_residual
8820d897-a09e-4857-8095-5834fee6962f,2025-10-08 00:00:00+00:00,2025-10-08 02:00:00+00:00,3,1.342,1.95575,1.95575,1.95575,-0.61375,-0.005500000000000005,0.028725375000000004,True,21.17465829427814,True,True,outside_p10_p90|large_residual
8820d897-a09e-4857-8095-5834fee6962f,2025-10-08 00:00:00+00:00,2025-10-08 03:00:00+00:00,4,1.32175,1.936,1.936,1.936,-0.61425,-0.0036250000000000032,0.030393300000000005,True,20.090776585629065,True,True,outside_p10_p90|large_residual
8820d897-a09e-4857-8095-5834fee6962f,2025-10-08 00:00:00+00:00,2025-10-08 04:00:00+00:00,5,1.30025,1.915,1.915,1.915,-0.6147500000000001,-0.00424999999999999,0.029837325000000005,True,20.460949498656465,True,True,outside_p10_p90|large_residual
8820d897-a09e-4857-8095-5834fee6962f,2025-10-08 00:00:00+00:00,2025-10-08 05:00:00+00:00,6,1.2805,1.8915,1.8915,1.8915,-0.611,-0.00399999999999999,0.032246550000000006,True,18.823719126542215,True,True,outside_p10_p90|large_residual
8820d897-a09e-4857-8095-5834fee6962f,2025-10-08 00:00:00+00:00,2025-10-08 06:00:00+00:00,7,1.26175,1.8665,1.8665,1.8665,-0.6047500000000001,-0.00437499999999999,0.033914475000000006,True,17.702618129869325,True,True,outside_p10_p90|large_residual
8820d897-a09e-4857-8095-5834fee6962f,2025-10-08 00:00:00+00:00,2025-10-08 07:00:00+00:00,8,1.2445,1.842,1.842,1.842,-0.5975000000000001,-0.0048749999999999905,0.033729149999999986,True,17.570113685046923,True,True,outside_p10_p90|large_residual
8820d897-a09e-4857-8095-5834fee6962f,2025-10-08 00:00:00+00:00,2025-10-08 08:00:00+00:00,9,1.229,1.814,1.814,1.814,-0.585,-0.0051250000000000046,0.037064999999999966,True,15.644813166059636,True,True,outside_p10_p90|large_residual
8820d897-a09e-4857-8095-5834fee6962f,2025-10-08 00:00:00+00:00,2025-10-08 09:00:00+00:00,10,1.213,1.7865000000000002,1.7865000000000002,1.7865000000000002,-0.5735000000000001,-0.004375000000000018,0.0355823999999999,True,15.99456472862993,True,True,outside_p10_p90|large_residual
8820d897-a09e-4857-8095-5834fee6962f,2025-10-08 00:00:00+00:00,2025-10-08 10:00:00+00:00,11,1.1969999999999998,1.7594999999999998,1.7594999999999998,1.7594999999999998,-0.5625,-0.003500000000000003,0.035211749999999924,True,15.875382507259683,True,True,outside_p10_p90|large_residual
8820d897-a09e-4857-8095-5834fee6962f,2025-10-08 00:00:00+00:00,2025-10-08 11:00:00+00:00,12,1.1807500000000002,1.729,1.729,1.729,-0.5482499999999999,-0.0020000000000000018,0.032246550000000006,True,16.93979666041793,True,True,outside_p10_p90|large_residual
8820d897-a09e-4857-8095-5834fee6962f,2025-10-08 00:00:00+00:00,2025-10-08 12:00:00+00:00,13,1.167,1.6985,1.6985,1.6985,-0.5314999999999999,-0.002750000000000058,0.03169057500000007,True,16.684771418631524,True,True,outside_p10_p90|large_residual
8820d897-a09e-4857-8095-5834fee6962f,2025-10-08 00:00:00+00:00,2025-10-08 13:00:00+00:00,14,1.15175,1.67075,1.67075,1.67075,-0.5189999999999999,-0.0016250000000000014,0.03261720000000009,True,15.862029849281928,True,True,outside_p10_p90|large_residual
8820d897-a09e-4857-8095-5834fee6962f,2025-10-08 00:00:00+00:00,2025-10-08 14:00:00+00:00,15,1.14,1.64175,1.64175,1.64175,-0.5017500000000001,-0.002250000000000002,0.03169057499999994,True,15.761784063558363,True,True,outside_p10_p90|large_residual
8820d897-a09e-4857-8095-5834fee6962f,2025-10-08 00:00:00+00:00,2025-10-08 15:00:00+00:00,16,1.1265,1.613,1.613,1.613,-0.48649999999999993,-0.0016250000000000014,0.031505249999999985,True,15.390292094174786,True,True,outside_p10_p90|large_residual
8820d897-a09e-4857-8095-5834fee6962f,2025-10-08 00:00:00+00:00,2025-10-08 16:00:00+00:00,17,1.11325,1.5825,1.5825,1.5825,-0.46924999999999994,-0.002125000000000002,0.034099799999999986,True,13.69876069654368,True,True,outside_p10_p90|large_residual
8820d897-a09e-4857-8095-5834fee6962f,2025-10-08 00:00:00+00:00,2025-10-08 17:00:00+00:00,18,1.1015,1.5565,1.5565,1.5565,-0.45500000000000007,-0.0031250000000000028,0.03854760000000001,True,11.722519689941786,True,True,outside_p10_p90|large_residual
8820d897-a09e-4857-8095-5834fee6962f,2025-10-08 00:00:00+00:00,2025-10-08 18:00:00+00:00,19,1.08925,1.52975,1.52975,1.52975,-0.4404999999999999,-0.005250000000000005,0.031505250000000005,True,13.815157791161786,True,True,outside_p10_p90|large_residual
8820d897-a09e-4857-8095-5834fee6962f,2025-10-08 00:00:00+00:00,2025-10-08 19:00:00+00:00,20,1.07625,1.50425,1.50425,1.50425,-0.42800000000000016,-0.006000000000000005,0.033173175000000006,True,12.72112181001668,True,True,outside_p10_p90|large_residual
8820d897-a09e-4857-8095-5834fee6962f,2025-10-08 00:00:00+00:00,2025-10-08 20:00:00+00:00,21,1.0615,1.4787500000000002,1.4787500000000002,1.4787500000000002,-0.4172500000000001,-0.004375000000000004,0.031875900000000006,True,12.952575456692989,True,True,outside_p10_p90|large_residual
8820d897-a09e-4857-8095-5834fee6962f,2025-10-08 00:00:00+00:00,2025-10-08 21:00:00+00:00,22,1.0505,1.45275,1.45275,1.45275,-0.40225,-0.0037500000000000033,0.035026424999999944,True,11.377124556674014,True,True,outside_p10_p90|large_residual
8820d897-a09e-4857-8095-5834fee6962f,2025-10-08 00:00:00+00:00,2025-10-08 22:00:00+00:00,23,1.03825,1.4300000000000002,1.4300000000000002,1.4300000000000002,-0.39175000000000026,-0.002624999999999919,0.030949275000000005,True,12.572992420662528,True,True,outside_p10_p90|large_residual
8820d897-a09e-4857-8095-5834fee6962f,2025-10-08 00:00:00+00:00,2025-10-08 23:00:00+00:00,24,1.027,1.406,1.406,1.406,-0.379,-0.0038750000000000034,0.034470449999999986,True,10.88250951177023,True,True,outside_p10_p90|large_residual
8820d897-a09e-4857-8095-5834fee6962f,2025-10-09 00:00:00+00:00,2025-10-09 00:00:00+00:00,1,1.01725,1.383,1.383,1.383,-0.36575,-0.0051250000000000046,0.028169399999999983,True,12.802012112434069,True,True,outside_p10_p90|large_residual
8820d897-a09e-4857-8095-5834fee6962f,2025-10-09 00:00:00+00:00,2025-10-09 01:00:00+00:00,2,1.0065,1.364,1.364,1.364,-0.35750000000000015,-0.006000000000000005,0.029652000000000005,True,11.854175097801162,True,True,outside_p10_p90|large_residual
8820d897-a09e-4857-8095-5834fee6962f,2025-10-09 00:00:00+00:00,2025-10-09 02:00:00+00:00,3,0.99725,1.342,1.342,1.342,-0.3447500000000001,-0.005500000000000005,0.028725375000000004,True,11.810115620770835,True,True,outside_p10_p90|large_residual
8820d897-a09e-4857-8095-5834fee6962f,2025-10-09 00:00:00+00:00,2025-10-09 03:00:00+00:00,4,0.985,1.32175,1.32175,1.32175,-0.33675,-0.0036250000000000032,0.030393300000000005,True,10.960474841494669,True,True,outside_p10_p90|large_residual
8820d897-a09e-4857-8095-5834fee6962f,2025-10-09 00:00:00+00:00,2025-10-09 04:00:00+00:00,5,0.97725,1.30025,1.30025,1.30025,-0.32299999999999995,-0.00424999999999999,0.029837325000000005,True,10.682928178045449,True,True,outside_p10_p90|large_residual
8820d897-a09e-4857-8095-5834fee6962f,2025-10-09 00:00:00+00:00,2025-10-09 05:00:00+00:00,6,0.96675,1.2805,1.2805,1.2805,-0.31375,-0.00399999999999999,0.032246550000000006,True,9.60567874702875,True,True,outside_p10_p90|large_residual
8820d897-a09e-4857-8095-5834fee6962f,2025-10-09 00:00:00+00:00,2025-10-09 06:00:00+00:00,7,0.95775,1.26175,1.26175,1.26175,-0.30399999999999994,-0.00437499999999999,0.033914475000000006,True,8.834723226586874,True,True,outside_p10_p90|large_residual
8820d897-a09e-4857-8095-5834fee6962f,2025-10-09 00:00:00+00:00,2025-10-09 07:00:00+00:00,8,0.9475,1.2445,1.2445,1.2445,-0.29699999999999993,-0.0048749999999999905,0.033729149999999986,True,8.660906070861557,True,True,outside_p10_p90|large_residual
8820d897-a09e-4857-8095-5834fee6962f,2025-10-09 00:00:00+00:00,2025-10-09 08:00:00+00:00,9,0.93875,1.229,1.229,1.229,-0.2902500000000001,-0.0051250000000000046,0.037064999999999966,True,7.692567111830578,True,True,outside_p10_p90|large_residual
8820d897-a09e-4857-8095-5834fee6962f,2025-10-09 00:00:00+00:00,2025-10-09 09:00:00+00:00,10,0.93125,1.213,1.213,1.213,-0.28175000000000006,-0.004375000000000018,0.0355823999999999,True,7.795286433742547,True,True,outside_p10_p90|large_residual
8820d897-a09e-4857-8095-5834fee6962f,2025-10-09 00:00:00+00:00,2025-10-09 10:00:00+00:00,11,0.92375,1.1969999999999998,1.1969999999999998,1.1969999999999998,-0.2732499999999999,-0.003500000000000003,0.035211749999999924,True,7.660795047107868,True,True,outside_p10_p90|large_residual
8820d897-a09e-4857-8095-5834fee6962f,2025-10-09 00:00:00+00:00,2025-10-09 11:00:00+00:00,12,0.9165,1.1807500000000002,1.1807500000000002,1.1807500000000002,-0.2642500000000002,-0.0020000000000000018,0.032246550000000006,True,8.132652950470675,True,True,outside_p10_p90|large_residual
8820d897-a09e-4857-8095-5834fee6962f,2025-10-09 00:00:00+00:00,2025-10-09 12:00:00+00:00,13,0.90975,1.167,1.167,1.167,-0.2572500000000001,-0.002750000000000058,0.03169057500000007,True,8.030778867218393,True,True,outside_p10_p90|large_residual
8820d897-a09e-4857-8095-5834fee6962f,2025-10-09 00:00:00+00:00,2025-10-09 13:00:00+00:00,14,0.90175,1.15175,1.15175,1.15175,-0.25,-0.0016250000000000014,0.03261720000000009,True,7.614847381136313,True,True,outside_p10_p90|large_residual
8820d897-a09e-4857-8095-5834fee6962f,2025-10-09 00:00:00+00:00,2025-10-09 14:00:00+00:00,15,0.8955000000000001,1.14,1.14,1.14,-0.24449999999999983,-0.002250000000000002,0.03169057499999994,True,7.64422860740142,True,True,outside_p10_p90|large_residual
8820d897-a09e-4857-8095-5834fee6962f,2025-10-09 00:00:00+00:00,2025-10-09 15:00:00+00:00,16,0.8887499999999999,1.1265,1.1265,1.1265,-0.23775000000000013,-0.0016250000000000014,0.031505249999999985,True,7.494782615595821,True,True,outside_p10_p90|large_residual
8820d897-a09e-4857-8095-5834fee6962f,2025-10-09 00:00:00+00:00,2025-10-09 16:00:00+00:00,17,0.882,1.11325,1.11325,1.11325,-0.23125000000000007,-0.002125000000000002,0.034099799999999986,True,6.719247620220652,True,True,outside_p10_p90|large_residual
8820d897-a09e-4857-8095-5834fee6962f,2025-10-09 00:00:00+00:00,2025-10-09 17:00:00+00:00,18,0.87375,1.1015,1.1015,1.1015,-0.2277499999999999,-0.0031250000000000028,0.03854760000000001,True,5.827211032593465,True,True,outside_p10_p90|large_residual
8820d897-a09e-4857-8095-5834fee6962f,2025-10-09 00:00:00+00:00,2025-10-09 18:00:00+00:00,19,0.8672500000000001,1.08925,1.08925,1.08925,-0.22199999999999998,-0.005250000000000005,0.031505250000000005,True,6.879805746661269,True,True,outside_p10_p90|large_residual
8820d897-a09e-4857-8095-5834fee6962f,2025-10-09 00:00:00+00:00,2025-10-09 19:00:00+00:00,20,0.8614999999999999,1.07625,1.07625,1.07625,-0.21475,-0.006000000000000005,0.033173175000000006,True,6.292735018580523,True,True,outside_p10_p90|large_residual
8820d897-a09e-4857-8095-5834fee6962f,2025-10-09 00:00:00+00:00,2025-10-09 20:00:00+00:00,21,0.8555,1.0615,1.0615,1.0615,-0.20600000000000007,-0.004375000000000004,0.031875900000000006,True,6.3253115990450475,True,True,outside_p10_p90|large_residual
8820d897-a09e-4857-8095-5834fee6962f,2025-10-09 00:00:00+00:00,2025-10-09 21:00:00+00:00,22,0.85,1.0505,1.0505,1.0505,-0.2005,-0.0037500000000000033,0.035026424999999944,True,5.617187594794511,True,True,outside_p10_p90|large_residual
8820d897-a09e-4857-8095-5834fee6962f,2025-10-09 00:00:00+00:00,2025-10-09 22:00:00+00:00,23,0.84375,1.03825,1.03825,1.03825,-0.1944999999999999,-0.002624999999999919,0.030949275000000005,True,6.199660573632175,True,True,outside_p10_p90|large_residual
8820d897-a09e-4857-8095-5834fee6962f,2025-10-09 00:00:00+00:00,2025-10-09 23:00:00+00:00,24,0.83775,1.027,1.027,1.027,-0.18924999999999992,-0.0038750000000000034,0.034470449999999986,True,5.37779460378382,True,True,outside_p10_p90|large_residual
8820d897-a09e-4857-8095-5834fee6962f,2025-10-10 00:00:00+00:00,2025-10-10 00:00:00+00:00,1,0.8314999999999999,1.01725,1.01725,1.01725,-0.18575000000000008,-0.0051250000000000046,0.028169399999999983,True,6.412099654234744,True,True,outside_p10_p90|large_residual
8820d897-a09e-4857-8095-5834fee6962f,2025-10-10 00:00:00+00:00,2025-10-10 01:00:00+00:00,2,0.825,1.0065,1.0065,1.0065,-0.1815,-0.006000000000000005,0.029652000000000005,True,5.918656414407121,True,True,outside_p10_p90|large_residual
8820d897-a09e-4857-8095-5834fee6962f,2025-10-10 00:00:00+00:00,2025-10-10 02:00:00+00:00,3,0.81975,0.99725,0.99725,0.99725,-0.1775,-0.005500000000000005,0.028725375000000004,True,5.987737322837385,True,True,outside_p10_p90|large_residual
8820d897-a09e-4857-8095-5834fee6962f,2025-10-10 00:00:00+00:00,2025-10-10 03:00:00+00:00,4,0.8134999999999999,0.985,0.985,0.985,-0.1715000000000001,-0.0036250000000000032,0.030393300000000005,True,5.523421280347974,True,True,outside_p10_p90|large_residual
8820d897-a09e-4857-8095-5834fee6962f,2025-10-10 00:00:00+00:00,2025-10-10 04:00:00+00:00,5,0.80875,0.97725,0.97725,0.97725,-0.16849999999999998,-0.00424999999999999,0.029837325000000005,True,5.504850049392832,True,True,outside_p10_p90|large_residual
8820d897-a09e-4857-8095-5834fee6962f,2025-10-10 00:00:00+00:00,2025-10-10 05:00:00+00:00,6,0.80325,0.96675,0.96675,0.96675,-0.16349999999999998,-0.00399999999999999,0.032246550000000006,True,4.946265569495029,True,True,outside_p10_p90|large_residual
8820d897-a09e-4857-8095-5834fee6962f,2025-10-10 00:00:00+00:00,2025-10-10 06:00:00+00:00,7,0.7955000000000001,0.95775,0.95775,0.95775,-0.1622499999999999,-0.00437499999999999,0.033914475000000006,True,4.655091962945022,True,True,outside_p10_p90|large_residual
8820d897-a09e-4857-8095-5834fee6962f,2025-10-10 00:00:00+00:00,2025-10-10 07:00:00+00:00,8,0.79175,0.9475,0.9475,0.9475,-0.15575000000000006,-0.0048749999999999905,0.033729149999999986,True,4.473133773012369,True,True,outside_p10_p90|large_residual
8820d897-a09e-4857-8095-5834fee6962f,2025-10-10 00:00:00+00:00,2025-10-10 08:00:00+00:00,9,0.786,0.93875,0.93875,0.93875,-0.15274999999999994,-0.0051250000000000046,0.037064999999999966,True,3.982867934709297,True,True,outside_p10_p90|large_residual
8820d897-a09e-4857-8095-5834fee6962f,2025-10-10 00:00:00+00:00,2025-10-10 09:00:00+00:00,10,0.78,0.93125,0.93125,0.93125,-0.15125,-0.004375000000000018,0.0355823999999999,True,4.127742929088549,True,True,outside_p10_p90|large_residual
8820d897-a09e-4857-8095-5834fee6962f,2025-10-10 00:00:00+00:00,2025-10-10 10:00:00+00:00,11,0.77525,0.92375,0.92375,0.92375,-0.14849999999999997,-0.003500000000000003,0.035211749999999924,True,4.117943584172905,True,True,outside_p10_p90|large_residual
8820d897-a09e-4857-8095-5834fee6962f,2025-10-10 00:00:00+00:00,2025-10-10 11:00:00+00:00,12,0.7695000000000001,0.9165,0.9165,0.9165,-0.1469999999999999,-0.0020000000000000018,0.032246550000000006,True,4.496605063177298,True,True,outside_p10_p90|large_residual
8820d897-a09e-4857-8095-5834fee6962f,2025-10-10 00:00:00+00:00,2025-10-10 12:00:00+00:00,13,0.76425,0.90975,0.90975,0.90975,-0.14549999999999996,-0.002750000000000058,0.03169057500000007,True,4.50449384398988,True,True,outside_p10_p90|large_residual
8820d897-a09e-4857-8095-5834fee6962f,2025-10-10 00:00:00+00:00,2025-10-10 13:00:00+00:00,14,0.7595,0.90175,0.90175,0.90175,-0.1422500000000001,-0.0016250000000000014,0.03261720000000009,True,4.311375593245273,True,True,outside_p10_p90|large_residual
8820d897-a09e-4857-8095-5834fee6962f,2025-10-10 00:00:00+00:00,2025-10-10 14:00:00+00:00,15,0.7565000000000001,0.8955000000000001,0.8955000000000001,0.8955000000000001,-0.139,-0.002250000000000002,0.03169057499999994,True,4.315163104487699,True,True,outside_p10_p90|large_residual
8820d897-a09e-4857-8095-5834fee6962f,2025-10-10 00:00:00+00:00,2025-10-10 15:00:00+00:00,16,0.751,0.8887499999999999,0.8887499999999999,0.8887499999999999,-0.13774999999999993,-0.0016250000000000014,0.031505249999999985,True,4.320708453353013,True,True,outside_p10_p90|large_residual
8820d897-a09e-4857-8095-5834fee6962f,2025-10-10 00:00:00+00:00,2025-10-10 16:00:00+00:00,17,0.7454999999999999,0.882,0.882,0.882,-0.13650000000000007,-0.002125000000000002,0.034099799999999986,True,3.9406389480290245,True,True,outside_p10_p90|large_residual
8820d897-a09e-4857-8095-5834fee6962f,2025-10-10 00:00:00+00:00,2025-10-10 17:00:00+00:00,18,0.73875,0.87375,0.87375,0.87375,-0.135,-0.0031250000000000028,0.03854760000000001,True,3.4210949579221532,False,True,outside_p10_p90
8820d897-a09e-4857-8095-5834fee6962f,2025-10-10 00:00:00+00:00,2025-10-10 18:00:00+00:00,19,0.733,0.8672500000000001,0.8672500000000001,0.8672500000000001,-0.1342500000000001,-0.005250000000000005,0.031505250000000005,True,4.094555669293215,True,True,outside_p10_p90|large_residual
8820d897-a09e-4857-8095-5834fee6962f,2025-10-10 00:00:00+00:00,2025-10-10 19:00:00+00:00,20,0.72675,0.8614999999999999,0.8614999999999999,0.8614999999999999,-0.13474999999999993,-0.006000000000000005,0.033173175000000006,True,3.881147945591578,True,True,outside_p10_p90|large_residual
8820d897-a09e-4857-8095-5834fee6962f,2025-10-10 00:00:00+00:00,2025-10-10 20:00:00+00:00,21,0.72175,0.8555,0.8555,0.8555,-0.13375000000000004,-0.004375000000000004,0.031875900000000006,True,4.058708930571372,True,True,outside_p10_p90|large_residual
8820d897-a09e-4857-8095-5834fee6962f,2025-10-10 00:00:00+00:00,2025-10-10 21:00:00+00:00,22,0.7184999999999999,0.85,0.85,0.85,-0.13150000000000006,-0.0037500000000000033,0.035026424999999944,True,3.647246329021596,True,True,outside_p10_p90|large_residual
8820d897-a09e-4857-8095-5834fee6962f,2025-10-10 00:00:00+00:00,2025-10-10 22:00:00+00:00,23,0.715,0.84375,0.84375,0.84375,-0.12875000000000003,-0.002624999999999919,0.030949275000000005,True,4.075216624622065,True,True,outside_p10_p90|large_residual
8820d897-a09e-4857-8095-5834fee6962f,2025-10-10 00:00:00+00:00,2025-10-10 23:00:00+00:00,24,0.7112499999999999,0.83775,0.83775,0.83775,-0.12650000000000006,-0.0038750000000000034,0.034470449999999986,True,3.5573948120781744,True,True,outside_p10_p90|large_residual
8820d897-a09e-4857-8095-5834fee6962f,2025-10-11 00:00:00+00:00,2025-10-11 00:00:00+00:00,1,0.707,0.8314999999999999,0.8314999999999999,0.8314999999999999,-0.12449999999999994,-0.0051250000000000046,0.028169399999999983,True,4.2377544427641345,True,True,outside_p10_p90|large_residual
8820d897-a09e-4857-8095-5834fee6962f,2025-10-11 00:00:00+00:00,2025-10-11 01:00:00+00:00,2,0.704,0.825,0.825,0.825,-0.121,-0.006000000000000005,0.029652000000000005,True,3.8783218669904214,True,True,outside_p10_p90|large_residual
8820d897-a09e-4857-8095-5834fee6962f,2025-10-11 00:00:00+00:00,2025-10-11 02:00:00+00:00,3,0.70075,0.81975,0.81975,0.81975,-0.119,-0.005500000000000005,0.028725375000000004,True,3.951210384546763,True,True,outside_p10_p90|large_residual
8820d897-a09e-4857-8095-5834fee6962f,2025-10-11 00:00:00+00:00,2025-10-11 03:00:00+00:00,4,0.696,0.8134999999999999,0.8134999999999999,0.8134999999999999,-0.11749999999999994,-0.0036250000000000032,0.030393300000000005,True,3.7467139139218157,True,True,outside_p10_p90|large_residual
8820d897-a09e-4857-8095-5834fee6962f,2025-10-11 00:00:00+00:00,2025-10-11 04:00:00+00:00,5,0.69275,0.80875,0.80875,0.80875,-0.11599999999999999,-0.00424999999999999,0.029837325000000005,True,3.745308937714758,True,True,outside_p10_p90|large_residual
8820d897-a09e-4857-8095-5834fee6962f,2025-10-11 00:00:00+00:00,2025-10-11 05:00:00+00:00,6,0.6895,0.80325,0.80325,0.80325,-0.11375000000000002,-0.00399999999999999,0.032246550000000006,True,3.4034648667841987,False,True,outside_p10_p90
8820d897-a09e-4857-8095-5834fee6962f,2025-10-11 00:00:00+00:00,2025-10-11 06:00:00+00:00,7,0.6845000000000001,0.7955000000000001,0.7955000000000001,0.7955000000000001,-0.11099999999999999,-0.00437499999999999,0.033914475000000006,True,3.143937802369047,False,True,outside_p10_p90
8820d897-a09e-4857-8095-5834fee6962f,2025-10-11 00:00:00+00:00,2025-10-11 07:00:00+00:00,8,0.6892499999999999,0.79175,0.79175,0.79175,-0.10250000000000004,-0.0048749999999999905,0.033729149999999986,True,2.894380676655062,False,True,outside_p10_p90
8820d897-a09e-4857-8095-5834fee6962f,2025-10-11 00:00:00+00:00,2025-10-11 08:00:00+00:00,9,0.7,0.786,0.786,0.786,-0.08600000000000008,-0.0051250000000000046,0.037064999999999966,True,2.181977606906789,False,True,outside_p10_p90
8820d897-a09e-4857-8095-5834fee6962f,2025-10-11 00:00:00+00:00,2025-10-11 09:00:00+00:00,10,0.68875,0.78,0.78,0.78,-0.09125000000000005,-0.004375000000000018,0.0355823999999999,True,2.441516030397058,False,True,outside_p10_p90
8820d897-a09e-4857-8095-5834fee6962f,2025-10-11 00:00:00+00:00,2025-10-11 10:00:00+00:00,11,0.6715,0.77525,0.77525,0.77525,-0.10375000000000001,-0.003500000000000003,0.035211749999999924,True,2.8470609952643713,False,True,outside_p10_p90
8820d897-a09e-4857-8095-5834fee6962f,2025-10-11 00:00:00+00:00,2025-10-11 11:00:00+00:00,12,0.66475,0.7695000000000001,0.7695000000000001,0.7695000000000001,-0.10475000000000012,-0.0020000000000000018,0.032246550000000006,True,3.1863873809756424,False,True,outside_p10_p90
8820d897-a09e-4857-8095-5834fee6962f,2025-10-11 00:00:00+00:00,2025-10-11 12:00:00+00:00,13,0.66125,0.76425,0.76425,0.76425,-0.10299999999999998,-0.002750000000000058,0.03169057500000007,True,3.1634011058492852,False,True,outside_p10_p90
8820d897-a09e-4857-8095-5834fee6962f,2025-10-11 00:00:00+00:00,2025-10-11 13:00:00+00:00,14,0.65725,0.7595,0.7595,0.7595,-0.10224999999999995,-0.0016250000000000014,0.03261720000000009,True,3.0850287578332805,False,True,outside_p10_p90
8820d897-a09e-4857-8095-5834fee6962f,2025-10-11 00:00:00+00:00,2025-10-11 14:00:00+00:00,15,0.655,0.7565000000000001,0.7565000000000001,0.7565000000000001,-0.10150000000000003,-0.002250000000000002,0.03169057499999994,True,3.131845982598934,False,True,outside_p10_p90
8820d897-a09e-4857-8095-5834fee6962f,2025-10-11 00:00:00+00:00,2025-10-11 15:00:00+00:00,16,0.65175,0.751,0.751,0.751,-0.09924999999999995,-0.0016250000000000014,0.031505249999999985,True,3.0986899008895343,False,True,outside_p10_p90
8820d897-a09e-4857-8095-5834fee6962f,2025-10-11 00:00:00+00:00,2025-10-11 16:00:00+00:00,17,0.6485,0.7454999999999999,0.7454999999999999,0.7454999999999999,-0.09699999999999998,-0.002125000000000002,0.034099799999999986,True,2.7822743828409555,False,True,outside_p10_p90
8820d897-a09e-4857-8095-5834fee6962f,2025-10-11 00:00:00+00:00,2025-10-11 17:00:00+00:00,18,0.6455000000000001,0.73875,0.73875,0.73875,-0.09324999999999994,-0.0031250000000000028,0.03854760000000001,True,2.338018449916465,False,True,outside_p10_p90
8820d897-a09e-4857-8095-5834fee6962f,2025-10-11 00:00:00+00:00,2025-10-11 18:00:00+00:00,19,0.6425000000000001,0.733,0.733,0.733,-0.09049999999999991,-0.005250000000000005,0.031505250000000005,True,2.7058982233119844,False,True,outside_p10_p90
8820d897-a09e-4857-8095-5834fee6962f,2025-10-11 00:00:00+00:00,2025-10-11 19:00:00+00:00,20,0.65575,0.72675,0.72675,0.72675,-0.07099999999999995,-0.006000000000000005,0.033173175000000006,True,1.9594144968035148,False,True,outside_p10_p90
8820d897-a09e-4857-8095-5834fee6962f,2025-10-11 00:00:00+00:00,2025-10-11 20:00:00+00:00,21,0.6565000000000001,0.72175,0.72175,0.72175,-0.06524999999999992,-0.004375000000000004,0.031875900000000006,True,1.9097499992157054,False,True,outside_p10_p90
8820d897-a09e-4857-8095-5834fee6962f,2025-10-11 00:00:00+00:00,2025-10-11 21:00:00+00:00,22,0.635,0.7184999999999999,0.7184999999999999,0.7184999999999999,-0.08349999999999991,-0.0037500000000000033,0.035026424999999944,True,2.2768524050056502,False,True,outside_p10_p90
8820d897-a09e-4857-8095-5834fee6962f,2025-10-11 00:00:00+00:00,2025-10-11 22:00:00+00:00,23,0.62625,0.715,0.715,0.715,-0.08875,-0.002624999999999919,0.030949275000000005,True,2.7827792411938588,False,True,outside_p10_p90
8820d897-a09e-4857-8095-5834fee6962f,2025-10-11 00:00:00+00:00,2025-10-11 23:00:00+00:00,24,0.6215,0.7112499999999999,0.7112499999999999,0.7112499999999999,-0.08974999999999989,-0.0038750000000000034,0.034470449999999986,True,2.491264256776454,False,True,outside_p10_p90
8820d897-a09e-4857-8095-5834fee6962f,2025-10-12 00:00:00+00:00,2025-10-12 00:00:00+00:00,1,0.619,0.707,0.707,0.707,-0.08799999999999997,-0.0051250000000000046,0.028169399999999983,True,2.9420221942959386,False,True,outside_p10_p90
8820d897-a09e-4857-8095-5834fee6962f,2025-10-12 00:00:00+00:00,2025-10-12 01:00:00+00:00,2,0.6165,0.704,0.704,0.704,-0.08749999999999991,-0.006000000000000005,0.029652000000000005,True,2.7485498448671217,False,True,outside_p10_p90
8820d897-a09e-4857-8095-5834fee6962f,2025-10-12 00:00:00+00:00,2025-10-12 02:00:00+00:00,3,0.61275,0.70075,0.70075,0.70075,-0.08799999999999997,-0.005500000000000005,0.028725375000000004,True,2.87202516938421,False,True,outside_p10_p90
8820d897-a09e-4857-8095-5834fee6962f,2025-10-12 00:00:00+00:00,2025-10-12 03:00:00+00:00,4,0.61,0.696,0.696,0.696,-0.08599999999999997,-0.0036250000000000032,0.030393300000000005,True,2.7103012835065607,False,True,outside_p10_p90
8820d897-a09e-4857-8095-5834fee6962f,2025-10-12 00:00:00+00:00,2025-10-12 04:00:00+00:00,5,0.60775,0.69275,0.69275,0.69275,-0.08499999999999996,-0.00424999999999999,0.029837325000000005,True,2.7063418051048465,False,True,outside_p10_p90
8820d897-a09e-4857-8095-5834fee6962f,2025-10-12 00:00:00+00:00,2025-10-12 05:00:00+00:00,6,0.60425,0.6895,0.6895,0.6895,-0.08525000000000005,-0.00399999999999999,0.032246550000000006,True,2.519649388849351,False,True,outside_p10_p90
8820d897-a09e-4857-8095-5834fee6962f,2025-10-12 00:00:00+00:00,2025-10-12 06:00:00+00:00,7,0.6045,0.6845000000000001,0.6845000000000001,0.6845000000000001,-0.08000000000000007,-0.00437499999999999,0.033914475000000006,True,2.2298738223133356,False,True,outside_p10_p90
8820d897-a09e-4857-8095-5834fee6962f,2025-10-12 00:00:00+00:00,2025-10-12 07:00:00+00:00,8,0.62025,0.6892499999999999,0.6892499999999999,0.6892499999999999,-0.06899999999999995,-0.0048749999999999905,0.033729149999999986,True,1.901174503359853,False,True,outside_p10_p90
8820d897-a09e-4857-8095-5834fee6962f,2025-10-12 00:00:00+00:00,2025-10-12 08:00:00+00:00,9,0.62025,0.7,0.7,0.7,-0.07974999999999999,-0.0051250000000000046,0.037064999999999966,True,2.013354917037638,False,True,outside_p10_p90
8820d897-a09e-4857-8095-5834fee6962f,2025-10-12 00:00:00+00:00,2025-10-12 09:00:00+00:00,10,0.598,0.68875,0.68875,0.68875,-0.09075,-0.004375000000000018,0.0355823999999999,True,2.427464139574627,False,True,outside_p10_p90
8820d897-a09e-4857-8095-5834fee6962f,2025-10-12 00:00:00+00:00,2025-10-12 10:00:00+00:00,11,0.5902499999999999,0.6715,0.6715,0.6715,-0.08125000000000004,-0.003500000000000003,0.035211749999999924,True,2.2080697494444386,False,True,outside_p10_p90
8820d897-a09e-4857-8095-5834fee6962f,2025-10-12 00:00:00+00:00,2025-10-12 11:00:00+00:00,12,0.5872499999999999,0.66475,0.66475,0.66475,-0.07750000000000001,-0.0020000000000000018,0.032246550000000006,True,2.341335739792319,False,True,outside_p10_p90
8820d897-a09e-4857-8095-5834fee6962f,2025-10-12 00:00:00+00:00,2025-10-12 12:00:00+00:00,13,0.5847499999999999,0.66125,0.66125,0.66125,-0.07650000000000012,-0.002750000000000058,0.03169057500000007,True,2.3271903397145652,False,True,outside_p10_p90
8820d897-a09e-4857-8095-5834fee6962f,2025-10-12 00:00:00+00:00,2025-10-12 13:00:00+00:00,14,0.583,0.65725,0.65725,0.65725,-0.07425000000000004,-0.0016250000000000014,0.03261720000000009,True,2.226585973044892,False,True,outside_p10_p90
8820d897-a09e-4857-8095-5834fee6962f,2025-10-12 00:00:00+00:00,2025-10-12 14:00:00+00:00,15,0.5812499999999999,0.655,0.655,0.655,-0.0737500000000001,-0.002250000000000002,0.03169057499999994,True,2.256191312401249,False,True,outside_p10_p90
8820d897-a09e-4857-8095-5834fee6962f,2025-10-12 00:00:00+00:00,2025-10-12 15:00:00+00:00,16,0.57725,0.65175,0.65175,0.65175,-0.07450000000000001,-0.0016250000000000014,0.031505249999999985,True,2.3131065457344424,False,True,outside_p10_p90
8820d897-a09e-4857-8095-5834fee6962f,2025-10-12 00:00:00+00:00,2025-10-12 16:00:00+00:00,17,0.57975,0.6485,0.6485,0.6485,-0.06874999999999998,-0.002125000000000002,0.034099799999999986,True,1.9538237760925286,False,True,outside_p10_p90
8820d897-a09e-4857-8095-5834fee6962f,2025-10-12 00:00:00+00:00,2025-10-12 17:00:00+00:00,18,0.597,0.6455000000000001,0.6455000000000001,0.6455000000000001,-0.0485000000000001,-0.0031250000000000028,0.03854760000000001,True,1.1771160850480986,False,True,outside_p10_p90
8820d897-a09e-4857-8095-5834fee6962f,2025-10-12 00:00:00+00:00,2025-10-12 18:00:00+00:00,19,0.5945,0.6425000000000001,0.6425000000000001,0.6425000000000001,-0.04800000000000004,-0.005250000000000005,0.031505250000000005,True,1.3569167043587984,False,True,outside_p10_p90
8820d897-a09e-4857-8095-5834fee6962f,2025-10-12 00:00:00+00:00,2025-10-12 19:00:00+00:00,20,0.5742499999999999,0.65575,0.65575,0.65575,-0.08150000000000013,-0.006000000000000005,0.033173175000000006,True,2.2759353001333187,False,True,outside_p10_p90
8820d897-a09e-4857-8095-5834fee6962f,2025-10-12 00:00:00+00:00,2025-10-12 20:00:00+00:00,21,0.567,0.6565000000000001,0.6565000000000001,0.6565000000000001,-0.08950000000000014,-0.004375000000000004,0.031875900000000006,True,2.6705128325788485,False,True,outside_p10_p90
8820d897-a09e-4857-8095-5834fee6962f,2025-10-12 00:00:00+00:00,2025-10-12 21:00:00+00:00,22,0.56475,0.635,0.635,0.635,-0.07025000000000003,-0.0037500000000000033,0.035026424999999944,True,1.8985665822304199,False,True,outside_p10_p90
8820d897-a09e-4857-8095-5834fee6962f,2025-10-12 00:00:00+00:00,2025-10-12 22:00:00+00:00,23,0.5625,0.62625,0.62625,0.62625,-0.06374999999999997,-0.002624999999999919,0.030949275000000005,True,1.9750058765512293,False,True,outside_p10_p90
8820d897-a09e-4857-8095-5834fee6962f,2025-10-12 00:00:00+00:00,2025-10-12 23:00:00+00:00,24,0.56125,0.6215,0.6215,0.6215,-0.060250000000000026,-0.0038750000000000034,0.034470449999999986,True,1.6354587770104552,False,True,outside_p10_p90
8820d897-a09e-4857-8095-5834fee6962f,2025-10-13 00:00:00+00:00,2025-10-13 00:00:00+00:00,1,0.5587500000000001,0.619,0.619,0.619,-0.060249999999999915,-0.0051250000000000046,0.028169399999999983,True,1.9569106903235405,False,True,outside_p10_p90
8820d897-a09e-4857-8095-5834fee6962f,2025-10-13 00:00:00+00:00,2025-10-13 01:00:00+00:00,2,0.55725,0.6165,0.6165,0.6165,-0.059250000000000025,-0.006000000000000005,0.029652000000000005,True,1.795831647106435,False,True,outside_p10_p90
8820d897-a09e-4857-8095-5834fee6962f,2025-10-13 00:00:00+00:00,2025-10-13 02:00:00+00:00,3,0.5557500000000001,0.61275,0.61275,0.61275,-0.05699999999999994,-0.005500000000000005,0.028725375000000004,True,1.7928399542216569,False,True,outside_p10_p90
8820d897-a09e-4857-8095-5834fee6962f,2025-10-13 00:00:00+00:00,2025-10-13 03:00:00+00:00,4,0.5547500000000001,0.61,0.61,0.61,-0.05524999999999991,-0.0036250000000000032,0.030393300000000005,True,1.6985651442916663,False,True,outside_p10_p90
8820d897-a09e-4857-8095-5834fee6962f,2025-10-13 00:00:00+00:00,2025-10-13 04:00:00+00:00,5,0.5705,0.60775,0.60775,0.60775,-0.037250000000000005,-0.00424999999999999,0.029837325000000005,True,1.105997270197647,False,True,outside_p10_p90
8820d897-a09e-4857-8095-5834fee6962f,2025-10-13 00:00:00+00:00,2025-10-13 05:00:00+00:00,6,0.5785,0.60425,0.60425,0.60425,-0.02574999999999994,-0.00399999999999999,0.032246550000000006,True,0.6744907594765935,False,True,outside_p10_p90
8820d897-a09e-4857-8095-5834fee6962f,2025-10-13 00:00:00+00:00,2025-10-13 06:00:00+00:00,7,0.55925,0.6045,0.6045,0.6045,-0.04525000000000001,-0.00437499999999999,0.033914475000000006,True,1.2052375866057197,False,True,outside_p10_p90
8820d897-a09e-4857-8095-5834fee6962f,2025-10-13 00:00:00+00:00,2025-10-13 07:00:00+00:00,8,0.5487500000000001,0.62025,0.62025,0.62025,-0.0714999999999999,-0.0048749999999999905,0.033729149999999986,True,1.9752943670385983,False,True,outside_p10_p90
8820d897-a09e-4857-8095-5834fee6962f,2025-10-13 00:00:00+00:00,2025-10-13 08:00:00+00:00,9,0.546,0.62025,0.62025,0.62025,-0.07424999999999993,-0.0051250000000000046,0.037064999999999966,True,1.8649669499527852,False,True,outside_p10_p90
8820d897-a09e-4857-8095-5834fee6962f,2025-10-13 00:00:00+00:00,2025-10-13 09:00:00+00:00,10,0.5437500000000001,0.598,0.598,0.598,-0.05424999999999991,-0.004375000000000018,0.0355823999999999,True,1.4016761095373,False,True,outside_p10_p90
8820d897-a09e-4857-8095-5834fee6962f,2025-10-13 00:00:00+00:00,2025-10-13 10:00:00+00:00,11,0.5425,0.5902499999999999,0.5902499999999999,0.5902499999999999,-0.04774999999999996,-0.003500000000000003,0.035211749999999924,True,1.2566827834458683,False,True,outside_p10_p90
8820d897-a09e-4857-8095-5834fee6962f,2025-10-13 00:00:00+00:00,2025-10-13 11:00:00+00:00,12,0.54,0.5872499999999999,0.5872499999999999,0.5872499999999999,-0.0472499999999999,-0.0020000000000000018,0.032246550000000006,True,1.403250890405327,False,True,outside_p10_p90
8820d897-a09e-4857-8095-5834fee6962f,2025-10-13 00:00:00+00:00,2025-10-13 12:00:00+00:00,13,0.5375000000000001,0.5847499999999999,0.5847499999999999,0.5847499999999999,-0.04724999999999979,-0.002750000000000058,0.03169057500000007,True,1.4042029846413213,False,True,outside_p10_p90
8820d897-a09e-4857-8095-5834fee6962f,2025-10-13 00:00:00+00:00,2025-10-13 13:00:00+00:00,14,0.535,0.583,0.583,0.583,-0.04799999999999993,-0.0016250000000000014,0.03261720000000009,True,1.4217958623057714,False,True,outside_p10_p90
8820d897-a09e-4857-8095-5834fee6962f,2025-10-13 00:00:00+00:00,2025-10-13 14:00:00+00:00,15,0.53975,0.5812499999999999,0.5812499999999999,0.5812499999999999,-0.04149999999999998,-0.002250000000000002,0.03169057499999994,True,1.2385385875769073,False,True,outside_p10_p90
8820d897-a09e-4857-8095-5834fee6962f,2025-10-13 00:00:00+00:00,2025-10-13 15:00:00+00:00,16,0.558,0.57725,0.57725,0.57725,-0.01924999999999999,-0.0016250000000000014,0.031505249999999985,True,0.5594305710952935,False,True,outside_p10_p90
8820d897-a09e-4857-8095-5834fee6962f,2025-10-13 00:00:00+00:00,2025-10-13 16:00:00+00:00,17,0.5495000000000001,0.57975,0.57975,0.57975,-0.030249999999999888,-0.002125000000000002,0.034099799999999986,True,0.8247848960990943,False,True,outside_p10_p90
8820d897-a09e-4857-8095-5834fee6962f,2025-10-13 00:00:00+00:00,2025-10-13 17:00:00+00:00,18,0.532,0.597,0.597,0.597,-0.06499999999999995,-0.0031250000000000028,0.03854760000000001,True,1.605158297792857,False,True,outside_p10_p90
8820d897-a09e-4857-8095-5834fee6962f,2025-10-13 00:00:00+00:00,2025-10-13 18:00:00+00:00,19,0.52725,0.5945,0.5945,0.5945,-0.06725000000000003,-0.005250000000000005,0.031505250000000005,True,1.967925980590537,False,True,outside_p10_p90
8820d897-a09e-4857-8095-5834fee6962f,2025-10-13 00:00:00+00:00,2025-10-13 19:00:00+00:00,20,0.52525,0.5742499999999999,0.5742499999999999,0.5742499999999999,-0.04899999999999993,-0.006000000000000005,0.033173175000000006,True,1.2962280517315548,False,True,outside_p10_p90
8820d897-a09e-4857-8095-5834fee6962f,2025-10-13 00:00:00+00:00,2025-10-13 20:00:00+00:00,21,0.5230000000000001,0.567,0.567,0.567,-0.04399999999999982,-0.004375000000000004,0.031875900000000006,True,1.2431021555469746,False,True,outside_p10_p90
8820d897-a09e-4857-8095-5834fee6962f,2025-10-13 00:00:00+00:00,2025-10-13 21:00:00+00:00,22,0.522,0.56475,0.56475,0.56475,-0.042749999999999955,-0.0037500000000000033,0.035026424999999944,True,1.1134450632629511,False,True,outside_p10_p90
8820d897-a09e-4857-8095-5834fee6962f,2025-10-13 00:00:00+00:00,2025-10-13 22:00:00+00:00,23,0.5205,0.5625,0.5625,0.5625,-0.04200000000000004,-0.002624999999999919,0.030949275000000005,True,1.2722430493121442,False,True,outside_p10_p90
8820d897-a09e-4857-8095-5834fee6962f,2025-10-13 00:00:00+00:00,2025-10-13 23:00:00+00:00,24,0.5195000000000001,0.56125,0.56125,0.56125,-0.041749999999999954,-0.0038750000000000034,0.034470449999999986,True,1.0987672049538073,False,True,outside_p10_p90
8820d897-a09e-4857-8095-5834fee6962f,2025-10-14 00:00:00+00:00,2025-10-14 00:00:00+00:00,1,0.5275,0.5587500000000001,0.5587500000000001,0.5587500000000001,-0.03125000000000011,-0.0051250000000000046,0.028169399999999983,True,0.9274247942803227,False,True,outside_p10_p90
8820d897-a09e-4857-8095-5834fee6962f,2025-10-14 00:00:00+00:00,2025-10-14 01:00:00+00:00,2,0.54525,0.55725,0.55725,0.55725,-0.01200000000000001,-0.006000000000000005,0.029652000000000005,True,0.2023472278429787,False,True,outside_p10_p90
8820d897-a09e-4857-8095-5834fee6962f,2025-10-14 00:00:00+00:00,2025-10-14 02:00:00+00:00,3,0.5385000000000001,0.5557500000000001,0.5557500000000001,0.5557500000000001,-0.017249999999999988,-0.005500000000000005,0.028725375000000004,True,0.4090460089729022,False,True,outside_p10_p90
8820d897-a09e-4857-8095-5834fee6962f,2025-10-14 00:00:00+00:00,2025-10-14 03:00:00+00:00,4,0.52075,0.5547500000000001,0.5547500000000001,0.5547500000000001,-0.03400000000000003,-0.0036250000000000032,0.030393300000000005,True,0.9993978936147119,False,True,outside_p10_p90
8820d897-a09e-4857-8095-5834fee6962f,2025-10-14 00:00:00+00:00,2025-10-14 04:00:00+00:00,5,0.516,0.5705,0.5705,0.5705,-0.05449999999999999,-0.00424999999999999,0.029837325000000005,True,1.684132206891871,False,True,outside_p10_p90
8820d897-a09e-4857-8095-5834fee6962f,2025-10-14 00:00:00+00:00,2025-10-14 05:00:00+00:00,6,0.51425,0.5785,0.5785,0.5785,-0.06425000000000003,-0.00399999999999999,0.032246550000000006,True,1.8684169314236725,False,True,outside_p10_p90
8820d897-a09e-4857-8095-5834fee6962f,2025-10-14 00:00:00+00:00,2025-10-14 06:00:00+00:00,7,0.51225,0.55925,0.55925,0.55925,-0.04700000000000004,-0.00437499999999999,0.033914475000000006,True,1.2568379725766077,False,True,outside_p10_p90
8820d897-a09e-4857-8095-5834fee6962f,2025-10-14 00:00:00+00:00,2025-10-14 07:00:00+00:00,8,0.511,0.5487500000000001,0.5487500000000001,0.5487500000000001,-0.03775000000000006,-0.0048749999999999905,0.033729149999999986,True,0.974676207375522,False,True,outside_p10_p90
8820d897-a09e-4857-8095-5834fee6962f,2025-10-14 00:00:00+00:00,2025-10-14 08:00:00+00:00,9,0.50975,0.546,0.546,0.546,-0.036250000000000004,-0.0051250000000000046,0.037064999999999966,True,0.8397409955483618,False,True,outside_p10_p90
8820d897-a09e-4857-8095-5834fee6962f,2025-10-14 00:00:00+00:00,2025-10-14 09:00:00+00:00,10,0.509,0.5437500000000001,0.5437500000000001,0.5437500000000001,-0.03475000000000006,-0.004375000000000018,0.0355823999999999,True,0.8536523674625692,False,True,outside_p10_p90
8820d897-a09e-4857-8095-5834fee6962f,2025-10-14 00:00:00+00:00,2025-10-14 10:00:00+00:00,11,0.5087499999999999,0.5425,0.5425,0.5425,-0.03375000000000006,-0.003500000000000003,0.035211749999999924,True,0.8590882304912457,False,True,outside_p10_p90
8820d897-a09e-4857-8095-5834fee6962f,2025-10-14 00:00:00+00:00,2025-10-14 11:00:00+00:00,12,0.5095,0.54,0.54,0.54,-0.030500000000000083,-0.0020000000000000018,0.032246550000000006,True,0.8838154779348512,False,True,outside_p10_p90
8820d897-a09e-4857-8095-5834fee6962f,2025-10-14 00:00:00+00:00,2025-10-14 12:00:00+00:00,13,0.534,0.5375000000000001,0.5375000000000001,0.5375000000000001,-0.0035000000000000586,-0.002750000000000058,0.03169057500000007,True,0.02366634243777524,False,True,outside_p10_p90
8820d897-a09e-4857-8095-5834fee6962f,2025-10-14 00:00:00+00:00,2025-10-14 13:00:00+00:00,14,0.5607500000000001,0.535,0.535,0.535,0.02575000000000005,-0.0016250000000000014,0.03261720000000009,True,0.8392811154850808,False,True,outside_p10_p90
8820d897-a09e-4857-8095-5834fee6962f,2025-10-14 00:00:00+00:00,2025-10-14 14:00:00+00:00,15,0.5507500000000001,0.53975,0.53975,0.53975,0.01100000000000012,-0.002250000000000002,0.03169057499999994,True,0.4181053830673677,False,True,outside_p10_p90
8820d897-a09e-4857-8095-5834fee6962f,2025-10-14 00:00:00+00:00,2025-10-14 15:00:00+00:00,16,0.5357500000000001,0.558,0.558,0.558,-0.022249999999999992,-0.0016250000000000014,0.031505249999999985,True,0.6546527959625776,False,True,outside_p10_p90
8820d897-a09e-4857-8095-5834fee6962f,2025-10-14 00:00:00+00:00,2025-10-14 16:00:00+00:00,17,0.51775,0.5495000000000001,0.5495000000000001,0.5495000000000001,-0.031750000000000056,-0.002125000000000002,0.034099799999999986,True,0.8687734238910512,False,True,outside_p10_p90
8820d897-a09e-4857-8095-5834fee6962f,2025-10-14 00:00:00+00:00,2025-10-14 17:00:00+00:00,18,0.5045,0.532,0.532,0.532,-0.02750000000000008,-0.0031250000000000028,0.03854760000000001,True,0.6323350870093098,False,True,outside_p10_p90
8820d897-a09e-4857-8095-5834fee6962f,2025-10-14 00:00:00+00:00,2025-10-14 18:00:00+00:00,19,0.498,0.52725,0.52725,0.52725,-0.029249999999999998,-0.005250000000000005,0.031505250000000005,True,0.7617777989382719,False,True,outside_p10_p90
8820d897-a09e-4857-8095-5834fee6962f,2025-10-14 00:00:00+00:00,2025-10-14 19:00:00+00:00,20,0.4942499999999999,0.52525,0.52525,0.52525,-0.031000000000000083,-0.006000000000000005,0.033173175000000006,True,0.7536209603090471,False,True,outside_p10_p90
8820d897-a09e-4857-8095-5834fee6962f,2025-10-14 00:00:00+00:00,2025-10-14 20:00:00+00:00,21,0.4934999999999999,0.5230000000000001,0.5230000000000001,0.5230000000000001,-0.029500000000000248,-0.004375000000000004,0.031875900000000006,True,0.7882130386906798,False,True,outside_p10_p90
8820d897-a09e-4857-8095-5834fee6962f,2025-10-14 00:00:00+00:00,2025-10-14 21:00:00+00:00,22,0.493,0.522,0.522,0.522,-0.029000000000000026,-0.0037500000000000033,0.035026424999999944,True,0.7208843037792199,False,True,outside_p10_p90
8820d897-a09e-4857-8095-5834fee6962f,2025-10-14 00:00:00+00:00,2025-10-14 22:00:00+00:00,23,0.50575,0.5205,0.5205,0.5205,-0.01474999999999993,-0.002624999999999919,0.030949275000000005,True,0.39177008185167533,False,True,outside_p10_p90
8820d897-a09e-4857-8095-5834fee6962f,2025-10-14 00:00:00+00:00,2025-10-14 23:00:00+00:00,24,0.5205,0.5195000000000001,0.5195000000000001,0.5195000000000001,0.0009999999999998899,-0.0038750000000000034,0.034470449999999986,True,0.14142548182573467,False,True,outside_p10_p90
8820d897-a09e-4857-8095-5834fee6962f,2025-10-15 00:00:00+00:00,2025-10-15 00:00:00+00:00,1,0.5035000000000001,0.5275,0.5275,0.5275,-0.02399999999999991,-0.0051250000000000046,0.028169399999999983,True,0.6700533202695094,False,True,outside_p10_p90
8820d897-a09e-4857-8095-5834fee6962f,2025-10-15 00:00:00+00:00,2025-10-15 01:00:00+00:00,2,0.4902499999999999,0.54525,0.54525,0.54525,-0.055000000000000104,-0.006000000000000005,0.029652000000000005,True,1.6525023607176612,False,True,outside_p10_p90
8820d897-a09e-4857-8095-5834fee6962f,2025-10-15 00:00:00+00:00,2025-10-15 02:00:00+00:00,3,0.4884999999999999,0.5385000000000001,0.5385000000000001,0.5385000000000001,-0.05000000000000021,-0.005500000000000005,0.028725375000000004,True,1.549152970152703,False,True,outside_p10_p90
8820d897-a09e-4857-8095-5834fee6962f,2025-10-15 00:00:00+00:00,2025-10-15 03:00:00+00:00,4,0.4884999999999999,0.52075,0.52075,0.52075,-0.03225000000000017,-0.0036250000000000032,0.030393300000000005,True,0.9418194141472022,False,True,outside_p10_p90
8820d897-a09e-4857-8095-5834fee6962f,2025-10-15 00:00:00+00:00,2025-10-15 04:00:00+00:00,5,0.4875,0.516,0.516,0.516,-0.028500000000000025,-0.00424999999999999,0.029837325000000005,True,0.812740418251302,False,True,outside_p10_p90
8820d897-a09e-4857-8095-5834fee6962f,2025-10-15 00:00:00+00:00,2025-10-15 05:00:00+00:00,6,0.48625,0.51425,0.51425,0.51425,-0.02799999999999997,-0.00399999999999999,0.032246550000000006,True,0.7442656656293456,False,True,outside_p10_p90
8820d897-a09e-4857-8095-5834fee6962f,2025-10-15 00:00:00+00:00,2025-10-15 06:00:00+00:00,7,0.48475,0.51225,0.51225,0.51225,-0.02749999999999997,-0.00437499999999999,0.033914475000000006,True,0.6818622431867212,False,True,outside_p10_p90
8820d897-a09e-4857-8095-5834fee6962f,2025-10-15 00:00:00+00:00,2025-10-15 07:00:00+00:00,8,0.4835,0.511,0.511,0.511,-0.027500000000000024,-0.0048749999999999905,0.033729149999999986,True,0.6707847662926592,False,True,outside_p10_p90
8820d897-a09e-4857-8095-5834fee6962f,2025-10-15 00:00:00+00:00,2025-10-15 08:00:00+00:00,9,0.495,0.50975,0.50975,0.50975,-0.01475000000000004,-0.0051250000000000046,0.037064999999999966,True,0.2596789423984904,False,True,outside_p10_p90
8820d897-a09e-4857-8095-5834fee6962f,2025-10-15 00:00:00+00:00,2025-10-15 09:00:00+00:00,10,0.509,0.509,0.509,0.509,0.0,-0.004375000000000018,0.0355823999999999,False,0.12295404469625516,False,False,
8820d897-a09e-4857-8095-5834fee6962f,2025-10-15 00:00:00+00:00,2025-10-15 10:00:00+00:00,11,0.4952499999999999,0.5087499999999999,0.5087499999999999,0.5087499999999999,-0.013500000000000012,-0.003500000000000003,0.035211749999999924,True,0.2839961092533041,False,True,outside_p10_p90
8820d897-a09e-4857-8095-5834fee6962f,2025-10-15 00:00:00+00:00,2025-10-15 11:00:00+00:00,12,0.4822499999999999,0.5095,0.5095,0.5095,-0.027250000000000052,-0.0020000000000000018,0.032246550000000006,True,0.7830295023808763,False,True,outside_p10_p90
8820d897-a09e-4857-8095-5834fee6962f,2025-10-15 00:00:00+00:00,2025-10-15 12:00:00+00:00,13,0.48,0.534,0.534,0.534,-0.05400000000000005,-0.002750000000000058,0.03169057500000007,True,1.6172000665813062,False,True,outside_p10_p90
8820d897-a09e-4857-8095-5834fee6962f,2025-10-15 00:00:00+00:00,2025-10-15 13:00:00+00:00,14,0.4785,0.5607500000000001,0.5607500000000001,0.5607500000000001,-0.0822500000000001,-0.0016250000000000014,0.03261720000000009,True,2.471855340127291,False,True,outside_p10_p90
8820d897-a09e-4857-8095-5834fee6962f,2025-10-15 00:00:00+00:00,2025-10-15 14:00:00+00:00,15,0.477,0.5507500000000001,0.5507500000000001,0.5507500000000001,-0.0737500000000001,-0.002250000000000002,0.03169057499999994,True,2.256191312401249,False,True,outside_p10_p90
8820d897-a09e-4857-8095-5834fee6962f,2025-10-15 00:00:00+00:00,2025-10-15 15:00:00+00:00,16,0.47575,0.5357500000000001,0.5357500000000001,0.5357500000000001,-0.06000000000000005,-0.0016250000000000014,0.031505249999999985,True,1.8528657922092375,False,True,outside_p10_p90
8820d897-a09e-4857-8095-5834fee6962f,2025-10-15 00:00:00+00:00,2025-10-15 16:00:00+00:00,17,0.4747499999999999,0.51775,0.51775,0.51775,-0.04300000000000015,-0.002125000000000002,0.034099799999999986,True,1.198687382330693,False,True,outside_p10_p90
8820d897-a09e-4857-8095-5834fee6962f,2025-10-15 00:00:00+00:00,2025-10-15 17:00:00+00:00,18,0.47375,0.5045,0.5045,0.5045,-0.030749999999999944,-0.0031250000000000028,0.03854760000000001,True,0.7166464319438807,False,True,outside_p10_p90
8820d897-a09e-4857-8095-5834fee6962f,2025-10-15 00:00:00+00:00,2025-10-15 18:00:00+00:00,19,0.4785,0.498,0.498,0.498,-0.019500000000000017,-0.005250000000000005,0.031505250000000005,True,0.45230556811959943,False,True,outside_p10_p90
8820d897-a09e-4857-8095-5834fee6962f,2025-10-15 00:00:00+00:00,2025-10-15 19:00:00+00:00,20,0.4974999999999999,0.4942499999999999,0.4942499999999999,0.4942499999999999,0.003249999999999975,-0.006000000000000005,0.033173175000000006,True,0.27883975531434596,False,True,outside_p10_p90
8820d897-a09e-4857-8095-5834fee6962f,2025-10-15 00:00:00+00:00,2025-10-15 20:00:00+00:00,21,0.4912499999999999,0.4934999999999999,0.4934999999999999,0.4934999999999999,-0.0022499999999999742,-0.004375000000000004,0.031875900000000006,True,0.0666647843668737,False,True,outside_p10_p90
8820d897-a09e-4857-8095-5834fee6962f,2025-10-15 00:00:00+00:00,2025-10-15 21:00:00+00:00,22,0.47175,0.493,0.493,0.493,-0.02124999999999999,-0.0037500000000000033,0.035026424999999944,True,0.49962278479747835,False,True,outside_p10_p90
8820d897-a09e-4857-8095-5834fee6962f,2025-10-15 00:00:00+00:00,2025-10-15 22:00:00+00:00,23,0.4675,0.50575,0.50575,0.50575,-0.038250000000000006,-0.002624999999999919,0.030949275000000005,True,1.1510770446157488,False,True,outside_p10_p90
8820d897-a09e-4857-8095-5834fee6962f,2025-10-15 00:00:00+00:00,2025-10-15 23:00:00+00:00,24,0.4665,0.5205,0.5205,0.5205,-0.05399999999999994,-0.0038750000000000034,0.034470449999999986,True,1.4541440567210453,False,True,outside_p10_p90
8820d897-a09e-4857-8095-5834fee6962f,2025-10-16 00:00:00+00:00,2025-10-16 00:00:00+00:00,1,0.465,0.5035000000000001,0.5035000000000001,0.5035000000000001,-0.038500000000000034,-0.0051250000000000046,0.028169399999999983,True,1.1847962682911262,False,True,outside_p10_p90
8820d897-a09e-4857-8095-5834fee6962f,2025-10-16 00:00:00+00:00,2025-10-16 01:00:00+00:00,2,0.465,0.4902499999999999,0.4902499999999999,0.4902499999999999,-0.025249999999999884,-0.006000000000000005,0.029652000000000005,True,0.6491973559962186,False,True,outside_p10_p90
8820d897-a09e-4857-8095-5834fee6962f,2025-10-16 00:00:00+00:00,2025-10-16 02:00:00+00:00,3,0.465,0.4884999999999999,0.4884999999999999,0.4884999999999999,-0.023499999999999854,-0.005500000000000005,0.028725375000000004,True,0.6266236733201863,False,True,outside_p10_p90
8820d897-a09e-4857-8095-5834fee6962f,2025-10-16 00:00:00+00:00,2025-10-16 03:00:00+00:00,4,0.465,0.4884999999999999,0.4884999999999999,0.4884999999999999,-0.023499999999999854,-0.0036250000000000032,0.030393300000000005,True,0.6539270168096208,False,True,outside_p10_p90
8820d897-a09e-4857-8095-5834fee6962f,2025-10-16 00:00:00+00:00,2025-10-16 04:00:00+00:00,5,0.47475,0.4875,0.4875,0.4875,-0.012749999999999984,-0.00424999999999999,0.029837325000000005,True,0.28487808474787846,False,True,outside_p10_p90
8820d897-a09e-4857-8095-5834fee6962f,2025-10-16 00:00:00+00:00,2025-10-16 05:00:00+00:00,6,0.49,0.48625,0.48625,0.48625,0.0037499999999999756,-0.00399999999999999,0.032246550000000006,True,0.24033578785947532,False,True,outside_p10_p90
8820d897-a09e-4857-8095-5834fee6962f,2025-10-16 00:00:00+00:00,2025-10-16 06:00:00+00:00,7,0.47875,0.48475,0.48475,0.48475,-0.006000000000000005,-0.00437499999999999,0.033914475000000006,True,0.04791464411582414,False,True,outside_p10_p90
8820d897-a09e-4857-8095-5834fee6962f,2025-10-16 00:00:00+00:00,2025-10-16 07:00:00+00:00,8,0.461,0.4835,0.4835,0.4835,-0.022499999999999964,-0.0048749999999999905,0.033729149999999986,True,0.5225450389351638,False,True,outside_p10_p90
8820d897-a09e-4857-8095-5834fee6962f,2025-10-16 00:00:00+00:00,2025-10-16 08:00:00+00:00,9,0.45875,0.495,0.495,0.495,-0.036250000000000004,-0.0051250000000000046,0.037064999999999966,True,0.8397409955483618,False,True,outside_p10_p90
8820d897-a09e-4857-8095-5834fee6962f,2025-10-16 00:00:00+00:00,2025-10-16 09:00:00+00:00,10,0.457,0.509,0.509,0.509,-0.05199999999999999,-0.004375000000000018,0.0355823999999999,True,1.3384426008363715,False,True,outside_p10_p90
8820d897-a09e-4857-8095-5834fee6962f,2025-10-16 00:00:00+00:00,2025-10-16 10:00:00+00:00,11,0.45625,0.4952499999999999,0.4952499999999999,0.4952499999999999,-0.038999999999999924,-0.003500000000000003,0.035211749999999924,True,1.0081861878492264,False,True,outside_p10_p90
8820d897-a09e-4857-8095-5834fee6962f,2025-10-16 00:00:00+00:00,2025-10-16 11:00:00+00:00,12,0.4545,0.4822499999999999,0.4822499999999999,0.4822499999999999,-0.027749999999999886,-0.0020000000000000018,0.032246550000000006,True,0.7985350370814825,False,True,outside_p10_p90
8820d897-a09e-4857-8095-5834fee6962f,2025-10-16 00:00:00+00:00,2025-10-16 12:00:00+00:00,13,0.45225,0.48,0.48,0.48,-0.027749999999999997,-0.002750000000000058,0.03169057500000007,True,0.788878081259172,False,True,outside_p10_p90
8820d897-a09e-4857-8095-5834fee6962f,2025-10-16 00:00:00+00:00,2025-10-16 13:00:00+00:00,14,0.4505,0.4785,0.4785,0.4785,-0.02799999999999997,-0.0016250000000000014,0.03261720000000009,True,0.8086224445997785,False,True,outside_p10_p90
8820d897-a09e-4857-8095-5834fee6962f,2025-10-16 00:00:00+00:00,2025-10-16 14:00:00+00:00,15,0.46225,0.477,0.477,0.477,-0.014749999999999985,-0.002250000000000002,0.03169057499999994,True,0.394439040629588,False,True,outside_p10_p90
8820d897-a09e-4857-8095-5834fee6962f,2025-10-16 00:00:00+00:00,2025-10-16 15:00:00+00:00,16,0.4785,0.47575,0.47575,0.47575,0.0027499999999999747,-0.0016250000000000014,0.031505249999999985,True,0.13886574459812184,False,True,outside_p10_p90
8820d897-a09e-4857-8095-5834fee6962f,2025-10-16 00:00:00+00:00,2025-10-16 16:00:00+00:00,17,0.46525,0.4747499999999999,0.4747499999999999,0.4747499999999999,-0.009499999999999897,-0.002125000000000002,0.034099799999999986,True,0.216276928310427,False,True,outside_p10_p90
8820d897-a09e-4857-8095-5834fee6962f,2025-10-16 00:00:00+00:00,2025-10-16 17:00:00+00:00,18,0.4505,0.47375,0.47375,0.47375,-0.023249999999999993,-0.0031250000000000028,0.03854760000000001,True,0.5220817897871719,False,True,outside_p10_p90
8820d897-a09e-4857-8095-5834fee6962f,2025-10-16 00:00:00+00:00,2025-10-16 18:00:00+00:00,19,0.4475,0.4785,0.4785,0.4785,-0.030999999999999972,-0.005250000000000005,0.031505250000000005,True,0.81732409677752,False,True,outside_p10_p90
8820d897-a09e-4857-8095-5834fee6962f,2025-10-16 00:00:00+00:00,2025-10-16 19:00:00+00:00,20,0.44625,0.4974999999999999,0.4974999999999999,0.4974999999999999,-0.05124999999999991,-0.006000000000000005,0.033173175000000006,True,1.364053938159368,False,True,outside_p10_p90
8820d897-a09e-4857-8095-5834fee6962f,2025-10-16 00:00:00+00:00,2025-10-16 20:00:00+00:00,21,0.44625,0.4912499999999999,0.4912499999999999,0.4912499999999999,-0.04499999999999993,-0.004375000000000004,0.031875900000000006,True,1.2744738187784477,False,True,outside_p10_p90
8820d897-a09e-4857-8095-5834fee6962f,2025-10-16 00:00:00+00:00,2025-10-16 21:00:00+00:00,22,0.4445,0.47175,0.47175,0.47175,-0.027249999999999996,-0.0037500000000000033,0.035026424999999944,True,0.6709220252994712,False,True,outside_p10_p90
8820d897-a09e-4857-8095-5834fee6962f,2025-10-16 00:00:00+00:00,2025-10-16 22:00:00+00:00,23,0.44325,0.4675,0.4675,0.4675,-0.02425000000000005,-0.002624999999999919,0.030949275000000005,True,0.6987239604158781,False,True,outside_p10_p90
8820d897-a09e-4857-8095-5834fee6962f,2025-10-16 00:00:00+00:00,2025-10-16 23:00:00+00:00,24,0.445,0.4665,0.4665,0.4665,-0.02150000000000002,-0.0038750000000000034,0.034470449999999986,True,0.5113075112161293,False,True,outside_p10_p90
9ad5d28c-7cfe-46db-b39d-58701689cd59,2025-10-01 00:00:00+00:00,2025-10-01 00:00:00+00:00,1,0.533,0.57,0.57,0.57,-0.03699999999999992,-0.014999999999999958,0.08043105000000027,True,0.2735262066080188,False,True,outside_p10_p90
9ad5d28c-7cfe-46db-b39d-58701689cd59,2025-10-01 00:00:00+00:00,2025-10-01 01:00:00+00:00,2,0.53225,0.569,0.569,0.569,-0.03674999999999995,-0.019749999999999934,0.07042349999999997,True,0.24139669286530804,False,True,outside_p10_p90
9ad5d28c-7cfe-46db-b39d-58701689cd59,2025-10-01 00:00:00+00:00,2025-10-01 02:00:00+00:00,3,0.5317500000000001,0.567,0.567,0.567,-0.03524999999999989,-0.016000000000000014,0.07931909999999982,True,0.24269060037241877,False,True,outside_p10_p90
9ad5d28c-7cfe-46db-b39d-58701689cd59,2025-10-01 00:00:00+00:00,2025-10-01 03:00:00+00:00,4,0.53075,0.5652499999999999,0.5652499999999999,0.5652499999999999,-0.034499999999999864,-0.01649999999999996,0.08673209999999999,True,0.20753561830048975,False,True,outside_p10_p90
9ad5d28c-7cfe-46db-b39d-58701689cd59,2025-10-01 00:00:00+00:00,2025-10-01 04:00:00+00:00,5,0.53075,0.5634999999999999,0.5634999999999999,0.5634999999999999,-0.032749999999999835,-0.016749999999999987,0.08487884999999995,True,0.18850396771398126,False,True,outside_p10_p90
9ad5d28c-7cfe-46db-b39d-58701689cd59,2025-10-01 00:00:00+00:00,2025-10-01 05:00:00+00:00,6,0.5317500000000001,0.56225,0.56225,0.56225,-0.03049999999999997,-0.018000000000000016,0.0722767500000001,True,0.1729463485837415,False,True,outside_p10_p90
9ad5d28c-7cfe-46db-b39d-58701689cd59,2025-10-01 00:00:00+00:00,2025-10-01 06:00:00+00:00,7,0.533,0.56075,0.56075,0.56075,-0.02774999999999994,-0.0182500000000001,0.08376690000000016,True,0.11340995070845196,False,True,outside_p10_p90
9ad5d28c-7cfe-46db-b39d-58701689cd59,2025-10-01 00:00:00+00:00,2025-10-01 07:00:00+00:00,8,0.5335000000000001,0.5587500000000001,0.5587500000000001,0.5587500000000001,-0.025249999999999995,-0.018249999999999933,0.06782895000000001,True,0.10320077194177502,False,True,outside_p10_p90
9ad5d28c-7cfe-46db-b39d-58701689cd59,2025-10-01 00:00:00+00:00,2025-10-01 08:00:00+00:00,9,0.5347500000000001,0.5575,0.5575,0.5575,-0.022749999999999937,-0.016000000000000014,0.07598324999999986,True,0.0888353683213068,False,True,outside_p10_p90
9ad5d28c-7cfe-46db-b39d-58701689cd59,2025-10-01 00:00:00+00:00,2025-10-01 09:00:00+00:00,10,0.53525,0.5547500000000001,0.5547500000000001,0.5547500000000001,-0.019500000000000073,-0.01874999999999999,0.0667169999999998,True,0.011241512657944545,False,True,outside_p10_p90
9ad5d28c-7cfe-46db-b39d-58701689cd59,2025-10-01 00:00:00+00:00,2025-10-01 10:00:00+00:00,11,0.53725,0.551,0.551,0.551,-0.01375000000000004,-0.016250000000000042,0.06634635000000001,True,0.03768104801545227,False,True,outside_p10_p90
9ad5d28c-7cfe-46db-b39d-58701689cd59,2025-10-01 00:00:00+00:00,2025-10-01 11:00:00+00:00,12,0.539,0.54925,0.54925,0.54925,-0.010249999999999981,-0.015250000000000097,0.08821469999999983,True,0.05667989575433715,False,True,outside_p10_p90
9ad5d28c-7cfe-46db-b39d-58701689cd59,2025-10-01 00:00:00+00:00,2025-10-01 12:00:00+00:00,13,0.5407500000000001,0.5485000000000001,0.5485000000000001,0.5485000000000001,-0.007750000000000035,-0.015500000000000014,0.0670876500000001,True,0.11552051681643295,False,True,outside_p10_p90
9ad5d28c-7cfe-46db-b39d-58701689cd59,2025-10-01 00:00:00+00:00,2025-10-01 13:00:00+00:00,14,0.54425,0.5472500000000001,0.5472500000000001,0.5472500000000001,-0.0030000000000001137,-0.017500000000000016,0.08265495000000003,True,0.1754280899087096,False,True,outside_p10_p90
9ad5d28c-7cfe-46db-b39d-58701689cd59,2025-10-01 00:00:00+00:00,2025-10-01 14:00:00+00:00,15,0.5495000000000001,0.54525,0.54525,0.54525,0.004250000000000087,-0.017999999999999905,0.08191365000000012,True,0.27162750042270073,False,True,outside_p10_p90
9ad5d28c-7cfe-46db-b39d-58701689cd59,2025-10-01 00:00:00+00:00,2025-10-01 15:00:00+00:00,16,0.5585000000000001,0.5447500000000001,0.5447500000000001,0.5447500000000001,0.01375000000000004,-0.01924999999999999,0.06671699999999989,True,0.4946265569495044,False,True,outside_p10_p90
9ad5d28c-7cfe-46db-b39d-58701689cd59,2025-10-01 00:00:00+00:00,2025-10-01 16:00:00+00:00,17,0.5735,0.54325,0.54325,0.54325,0.03025,-0.019000000000000128,0.07450065000000018,True,0.661068057795469,False,True,outside_p10_p90
9ad5d28c-7cfe-46db-b39d-58701689cd59,2025-10-01 00:00:00+00:00,2025-10-01 17:00:00+00:00,18,0.588,0.54225,0.54225,0.54225,0.04574999999999996,-0.014249999999999985,0.07709519999999999,True,0.77825856862684,False,True,outside_p10_p90
9ad5d28c-7cfe-46db-b39d-58701689cd59,2025-10-01 00:00:00+00:00,2025-10-01 18:00:00+00:00,19,0.64575,0.5405,0.5405,0.5405,0.10525000000000007,-0.01474999999999993,0.07412999999999974,True,1.618777822743834,False,True,outside_p10_p90
9ad5d28c-7cfe-46db-b39d-58701689cd59,2025-10-01 00:00:00+00:00,2025-10-01 19:00:00+00:00,20,0.7004999999999999,0.5387500000000001,0.5387500000000001,0.5387500000000001,0.16174999999999984,-0.014000000000000012,0.0782071500000001,True,2.247236985365144,False,True,outside_p10_p90
9ad5d28c-7cfe-46db-b39d-58701689cd59,2025-10-01 00:00:00+00:00,2025-10-01 20:00:00+00:00,21,0.7229999999999999,0.5382500000000001,0.5382500000000001,0.5382500000000001,0.18474999999999975,-0.016999999999999904,0.07783649999999999,True,2.5919716328457687,False,True,outside_p10_p90
9ad5d28c-7cfe-46db-b39d-58701689cd59,2025-10-01 00:00:00+00:00,2025-10-01 21:00:00+00:00,22,0.7350000000000001,0.5375000000000001,0.5375000000000001,0.5375000000000001,0.1975,-0.014749999999999985,0.08228430000000007,True,2.579471417998328,False,True,outside_p10_p90
9ad5d28c-7cfe-46db-b39d-58701689cd59,2025-10-01 00:00:00+00:00,2025-10-01 22:00:00+00:00,23,0.748,0.5355000000000001,0.5355000000000001,0.5355000000000001,0.2124999999999999,-0.014500000000000013,0.08228429999999991,True,2.7587279711925627,False,True,outside_p10_p90
9ad5d28c-7cfe-46db-b39d-58701689cd59,2025-10-01 00:00:00+00:00,2025-10-01 23:00:00+00:00,24,0.7562499999999999,0.53425,0.53425,0.53425,0.22199999999999986,-0.015749999999999986,0.07857780000000014,True,3.02566373708604,False,True,outside_p10_p90
9ad5d28c-7cfe-46db-b39d-58701689cd59,2025-10-02 00:00:00+00:00,2025-10-02 00:00:00+00:00,1,0.75875,0.533,0.533,0.533,0.22575,-0.014999999999999958,0.08043105000000027,True,2.993247010949119,False,True,outside_p10_p90
9ad5d28c-7cfe-46db-b39d-58701689cd59,2025-10-02 00:00:00+00:00,2025-10-02 01:00:00+00:00,2,0.7585,0.53225,0.53225,0.53225,0.22624999999999995,-0.019749999999999934,0.07042349999999997,True,3.4931521438156294,False,True,outside_p10_p90
9ad5d28c-7cfe-46db-b39d-58701689cd59,2025-10-02 00:00:00+00:00,2025-10-02 02:00:00+00:00,3,0.75575,0.5317500000000001,0.5317500000000001,0.5317500000000001,0.22399999999999998,-0.016000000000000014,0.07931909999999982,True,3.0257529397080973,False,True,outside_p10_p90
9ad5d28c-7cfe-46db-b39d-58701689cd59,2025-10-02 00:00:00+00:00,2025-10-02 03:00:00+00:00,4,0.7527499999999999,0.53075,0.53075,0.53075,0.22199999999999986,-0.01649999999999996,0.08673209999999999,True,2.7498469424815015,False,True,outside_p10_p90
9ad5d28c-7cfe-46db-b39d-58701689cd59,2025-10-02 00:00:00+00:00,2025-10-02 04:00:00+00:00,5,0.74475,0.53075,0.53075,0.53075,0.21399999999999997,-0.016749999999999987,0.08487884999999995,True,2.7185806593750987,False,True,outside_p10_p90
9ad5d28c-7cfe-46db-b39d-58701689cd59,2025-10-02 00:00:00+00:00,2025-10-02 05:00:00+00:00,6,0.7372500000000001,0.5317500000000001,0.5317500000000001,0.5317500000000001,0.20550000000000002,-0.018000000000000016,0.0722767500000001,True,3.0922807126773093,False,True,outside_p10_p90
9ad5d28c-7cfe-46db-b39d-58701689cd59,2025-10-02 00:00:00+00:00,2025-10-02 06:00:00+00:00,7,0.72825,0.533,0.533,0.533,0.19524999999999992,-0.0182500000000001,0.08376690000000016,True,2.548739418553147,False,True,outside_p10_p90
9ad5d28c-7cfe-46db-b39d-58701689cd59,2025-10-02 00:00:00+00:00,2025-10-02 07:00:00+00:00,8,0.71775,0.5335000000000001,0.5335000000000001,0.5335000000000001,0.1842499999999999,-0.018249999999999933,0.06782895000000001,True,2.98545090260132,False,True,outside_p10_p90
9ad5d28c-7cfe-46db-b39d-58701689cd59,2025-10-02 00:00:00+00:00,2025-10-02 08:00:00+00:00,9,0.7077499999999999,0.5347500000000001,0.5347500000000001,0.5347500000000001,0.17299999999999982,-0.016000000000000014,0.07598324999999986,True,2.4873903129966166,False,True,outside_p10_p90
9ad5d28c-7cfe-46db-b39d-58701689cd59,2025-10-02 00:00:00+00:00,2025-10-02 09:00:00+00:00,10,0.6992499999999999,0.53525,0.53525,0.53525,0.16399999999999992,-0.01874999999999999,0.0667169999999998,True,2.7391819176521794,False,True,outside_p10_p90
9ad5d28c-7cfe-46db-b39d-58701689cd59,2025-10-02 00:00:00+00:00,2025-10-02 10:00:00+00:00,11,0.6915,0.53725,0.53725,0.53725,0.15425,-0.016250000000000042,0.06634635000000001,True,2.569847474653843,False,True,outside_p10_p90
9ad5d28c-7cfe-46db-b39d-58701689cd59,2025-10-02 00:00:00+00:00,2025-10-02 11:00:00+00:00,12,0.68175,0.539,0.539,0.539,0.14274999999999993,-0.015250000000000097,0.08821469999999983,True,1.791084705837013,False,True,outside_p10_p90
9ad5d28c-7cfe-46db-b39d-58701689cd59,2025-10-02 00:00:00+00:00,2025-10-02 12:00:00+00:00,13,0.67425,0.5407500000000001,0.5407500000000001,0.5407500000000001,0.13349999999999995,-0.015500000000000014,0.0670876500000001,True,2.220975097503039,False,True,outside_p10_p90
9ad5d28c-7cfe-46db-b39d-58701689cd59,2025-10-02 00:00:00+00:00,2025-10-02 13:00:00+00:00,14,0.66825,0.54425,0.54425,0.54425,0.124,-0.017500000000000016,0.08265495000000003,True,1.711936187729833,False,True,outside_p10_p90
9ad5d28c-7cfe-46db-b39d-58701689cd59,2025-10-02 00:00:00+00:00,2025-10-02 14:00:00+00:00,15,0.6605000000000001,0.5495000000000001,0.5495000000000001,0.5495000000000001,0.11099999999999999,-0.017999999999999905,0.08191365000000012,True,1.5748291035743092,False,True,outside_p10_p90
9ad5d28c-7cfe-46db-b39d-58701689cd59,2025-10-02 00:00:00+00:00,2025-10-02 15:00:00+00:00,16,0.656,0.5585000000000001,0.5585000000000001,0.5585000000000001,0.09749999999999992,-0.01924999999999999,0.06671699999999989,True,1.749928803753168,False,True,outside_p10_p90
9ad5d28c-7cfe-46db-b39d-58701689cd59,2025-10-02 00:00:00+00:00,2025-10-02 16:00:00+00:00,17,0.648,0.5735,0.5735,0.5735,0.07450000000000001,-0.019000000000000128,0.07450065000000018,True,1.2550226071853052,False,True,outside_p10_p90
9ad5d28c-7cfe-46db-b39d-58701689cd59,2025-10-02 00:00:00+00:00,2025-10-02 17:00:00+00:00,18,0.6425000000000001,0.588,0.588,0.588,0.054500000000000104,-0.014249999999999985,0.07709519999999999,True,0.8917546098849228,False,True,outside_p10_p90
9ad5d28c-7cfe-46db-b39d-58701689cd59,2025-10-02 00:00:00+00:00,2025-10-02 18:00:00+00:00,19,0.63775,0.64575,0.64575,0.64575,-0.008000000000000007,-0.01474999999999993,0.07412999999999974,True,0.09105625252933963,False,True,outside_p10_p90
9ad5d28c-7cfe-46db-b39d-58701689cd59,2025-10-02 00:00:00+00:00,2025-10-02 19:00:00+00:00,20,0.633,0.7004999999999999,0.7004999999999999,0.7004999999999999,-0.0674999999999999,-0.014000000000000012,0.0782071500000001,True,0.6840806754881084,False,True,outside_p10_p90
9ad5d28c-7cfe-46db-b39d-58701689cd59,2025-10-02 00:00:00+00:00,2025-10-02 20:00:00+00:00,21,0.62825,0.7229999999999999,0.7229999999999999,0.7229999999999999,-0.09474999999999989,-0.016999999999999904,0.07783649999999999,True,0.9988886961772433,False,True,outside_p10_p90
9ad5d28c-7cfe-46db-b39d-58701689cd59,2025-10-02 00:00:00+00:00,2025-10-02 21:00:00+00:00,22,0.62425,0.7350000000000001,0.7350000000000001,0.7350000000000001,-0.11075000000000013,-0.014749999999999985,0.08228430000000007,True,1.1666867190946517,False,True,outside_p10_p90
9ad5d28c-7cfe-46db-b39d-58701689cd59,2025-10-02 00:00:00+00:00,2025-10-02 22:00:00+00:00,23,0.62225,0.748,0.748,0.748,-0.12575000000000003,-0.014500000000000013,0.08228429999999991,True,1.352019765617501,False,True,outside_p10_p90
9ad5d28c-7cfe-46db-b39d-58701689cd59,2025-10-02 00:00:00+00:00,2025-10-02 23:00:00+00:00,24,0.618,0.7562499999999999,0.7562499999999999,0.7562499999999999,-0.13824999999999987,-0.015749999999999986,0.07857780000000014,True,1.5589644912430696,False,True,outside_p10_p90
9ad5d28c-7cfe-46db-b39d-58701689cd59,2025-10-03 00:00:00+00:00,2025-10-03 00:00:00+00:00,1,0.62,0.75875,0.75875,0.75875,-0.13875000000000004,-0.014999999999999958,0.08043105000000027,True,1.5385849121701094,False,True,outside_p10_p90
9ad5d28c-7cfe-46db-b39d-58701689cd59,2025-10-03 00:00:00+00:00,2025-10-03 01:00:00+00:00,2,0.62075,0.7585,0.7585,0.7585,-0.13774999999999993,-0.019749999999999934,0.07042349999999997,True,1.6755770445944895,False,True,outside_p10_p90
9ad5d28c-7cfe-46db-b39d-58701689cd59,2025-10-03 00:00:00+00:00,2025-10-03 02:00:00+00:00,3,0.63375,0.75575,0.75575,0.75575,-0.122,-0.016000000000000014,0.07931909999999982,True,1.3363742150377427,False,True,outside_p10_p90
9ad5d28c-7cfe-46db-b39d-58701689cd59,2025-10-03 00:00:00+00:00,2025-10-03 03:00:00+00:00,4,0.65125,0.7527499999999999,0.7527499999999999,0.7527499999999999,-0.10149999999999992,-0.01649999999999996,0.08673209999999999,True,0.9800293086412063,False,True,outside_p10_p90
9ad5d28c-7cfe-46db-b39d-58701689cd59,2025-10-03 00:00:00+00:00,2025-10-03 04:00:00+00:00,5,0.6685000000000001,0.74475,0.74475,0.74475,-0.07624999999999993,-0.016749999999999987,0.08487884999999995,True,0.7009991299363737,False,True,outside_p10_p90
9ad5d28c-7cfe-46db-b39d-58701689cd59,2025-10-03 00:00:00+00:00,2025-10-03 05:00:00+00:00,6,0.7397499999999999,0.7372500000000001,0.7372500000000001,0.7372500000000001,0.0024999999999998357,-0.018000000000000016,0.0722767500000001,True,0.28363201167733504,False,True,outside_p10_p90
9ad5d28c-7cfe-46db-b39d-58701689cd59,2025-10-03 00:00:00+00:00,2025-10-03 06:00:00+00:00,7,0.90275,0.72825,0.72825,0.72825,0.1745000000000001,-0.0182500000000001,0.08376690000000016,True,2.3010282104267894,False,True,outside_p10_p90
9ad5d28c-7cfe-46db-b39d-58701689cd59,2025-10-03 00:00:00+00:00,2025-10-03 07:00:00+00:00,8,1.288,0.71775,0.71775,0.71775,0.57025,-0.018249999999999933,0.06782895000000001,True,8.676236326819152,True,True,outside_p10_p90|large_residual
9ad5d28c-7cfe-46db-b39d-58701689cd59,2025-10-03 00:00:00+00:00,2025-10-03 08:00:00+00:00,9,1.71575,0.7077499999999999,0.7077499999999999,0.7077499999999999,1.0080000000000002,-0.016000000000000014,0.07598324999999986,True,13.47665439422507,True,True,outside_p10_p90|large_residual
9ad5d28c-7cfe-46db-b39d-58701689cd59,2025-10-03 00:00:00+00:00,2025-10-03 09:00:00+00:00,10,1.85375,0.6992499999999999,0.6992499999999999,0.6992499999999999,1.1545,-0.01874999999999999,0.0667169999999998,True,17.585472967909283,True,True,outside_p10_p90|large_residual
9ad5d28c-7cfe-46db-b39d-58701689cd59,2025-10-03 00:00:00+00:00,2025-10-03 10:00:00+00:00,11,1.871,0.6915,0.6915,0.6915,1.1795,-0.016250000000000042,0.06634635000000001,True,18.022845265790806,True,True,outside_p10_p90|large_residual
9ad5d28c-7cfe-46db-b39d-58701689cd59,2025-10-03 00:00:00+00:00,2025-10-03 11:00:00+00:00,12,1.80875,0.68175,0.68175,0.68175,1.1270000000000002,-0.015250000000000097,0.08821469999999983,True,12.948522185078025,True,True,outside_p10_p90|large_residual
9ad5d28c-7cfe-46db-b39d-58701689cd59,2025-10-03 00:00:00+00:00,2025-10-03 12:00:00+00:00,13,1.7134999999999998,0.67425,0.67425,0.67425,1.0392499999999998,-0.015500000000000014,0.0670876500000001,True,15.721969691888125,True,True,outside_p10_p90|large_residual
9ad5d28c-7cfe-46db-b39d-58701689cd59,2025-10-03 00:00:00+00:00,2025-10-03 13:00:00+00:00,14,1.60875,0.66825,0.66825,0.66825,0.9404999999999999,-0.017500000000000016,0.08265495000000003,True,11.590352422934133,True,True,outside_p10_p90|large_residual
9ad5d28c-7cfe-46db-b39d-58701689cd59,2025-10-03 00:00:00+00:00,2025-10-03 14:00:00+00:00,15,1.5335,0.6605000000000001,0.6605000000000001,0.6605000000000001,0.873,-0.017999999999999905,0.08191365000000012,True,10.87730799445512,True,True,outside_p10_p90|large_residual
9ad5d28c-7cfe-46db-b39d-58701689cd59,2025-10-03 00:00:00+00:00,2025-10-03 15:00:00+00:00,16,1.5124999999999995,0.656,0.656,0.656,0.8564999999999995,-0.01924999999999999,0.06671699999999989,True,13.126339613591753,True,True,outside_p10_p90|large_residual
9ad5d28c-7cfe-46db-b39d-58701689cd59,2025-10-03 00:00:00+00:00,2025-10-03 16:00:00+00:00,17,1.58075,0.648,0.648,0.648,0.9327500000000001,-0.019000000000000128,0.07450065000000018,True,12.775056325011901,True,True,outside_p10_p90|large_residual
9ad5d28c-7cfe-46db-b39d-58701689cd59,2025-10-03 00:00:00+00:00,2025-10-03 17:00:00+00:00,18,1.79675,0.6425000000000001,0.6425000000000001,0.6425000000000001,1.15425,-0.014249999999999985,0.07709519999999999,True,15.156585624007722,True,True,outside_p10_p90|large_residual
9ad5d28c-7cfe-46db-b39d-58701689cd59,2025-10-03 00:00:00+00:00,2025-10-03 18:00:00+00:00,19,2.15475,0.63775,0.63775,0.63775,1.517,-0.01474999999999993,0.07412999999999974,True,20.663024416565563,True,True,outside_p10_p90|large_residual
9ad5d28c-7cfe-46db-b39d-58701689cd59,2025-10-03 00:00:00+00:00,2025-10-03 19:00:00+00:00,20,2.591,0.633,0.633,0.633,1.9580000000000002,-0.014000000000000012,0.0782071500000001,True,25.21508583294491,True,True,outside_p10_p90|large_residual
9ad5d28c-7cfe-46db-b39d-58701689cd59,2025-10-03 00:00:00+00:00,2025-10-03 20:00:00+00:00,21,3.0605,0.62825,0.62825,0.62825,2.4322500000000002,-0.016999999999999904,0.07783649999999999,True,31.466599859962876,True,True,outside_p10_p90|large_residual
9ad5d28c-7cfe-46db-b39d-58701689cd59,2025-10-03 00:00:00+00:00,2025-10-03 21:00:00+00:00,22,3.386,0.62425,0.62425,0.62425,2.76175,-0.014749999999999985,0.08228430000000007,True,33.74276745381558,True,True,outside_p10_p90|large_residual
9ad5d28c-7cfe-46db-b39d-58701689cd59,2025-10-03 00:00:00+00:00,2025-10-03 22:00:00+00:00,23,3.53025,0.62225,0.62225,0.62225,2.9080000000000004,-0.014500000000000013,0.08228429999999991,True,35.517103505772106,True,True,outside_p10_p90|large_residual
9ad5d28c-7cfe-46db-b39d-58701689cd59,2025-10-03 00:00:00+00:00,2025-10-03 23:00:00+00:00,24,3.6845,0.618,0.618,0.618,3.0665,-0.015749999999999986,0.07857780000000014,True,39.22545553578739,True,True,outside_p10_p90|large_residual
9ad5d28c-7cfe-46db-b39d-58701689cd59,2025-10-04 00:00:00+00:00,2025-10-04 00:00:00+00:00,1,3.88425,0.62,0.62,0.62,3.26425,-0.014999999999999958,0.08043105000000027,True,40.77094604633396,True,True,outside_p10_p90|large_residual
9ad5d28c-7cfe-46db-b39d-58701689cd59,2025-10-04 00:00:00+00:00,2025-10-04 01:00:00+00:00,2,4.0280000000000005,0.62075,0.62075,0.62075,3.4072500000000003,-0.019749999999999934,0.07042349999999997,True,48.662733320553535,True,True,outside_p10_p90|large_residual
9ad5d28c-7cfe-46db-b39d-58701689cd59,2025-10-04 00:00:00+00:00,2025-10-04 02:00:00+00:00,3,3.948,0.63375,0.63375,0.63375,3.31425,-0.016000000000000014,0.07931909999999982,True,41.98547386442871,True,True,outside_p10_p90|large_residual
9ad5d28c-7cfe-46db-b39d-58701689cd59,2025-10-04 00:00:00+00:00,2025-10-04 03:00:00+00:00,4,3.6625,0.65125,0.65125,0.65125,3.01125,-0.01649999999999996,0.08673209999999999,True,34.9092204616284,True,True,outside_p10_p90|large_residual
9ad5d28c-7cfe-46db-b39d-58701689cd59,2025-10-04 00:00:00+00:00,2025-10-04 04:00:00+00:00,5,3.2927500000000003,0.6685000000000001,0.6685000000000001,0.6685000000000001,2.62425,-0.016749999999999987,0.08487884999999995,True,31.114936170789324,True,True,outside_p10_p90|large_residual
9ad5d28c-7cfe-46db-b39d-58701689cd59,2025-10-04 00:00:00+00:00,2025-10-04 05:00:00+00:00,6,2.93,0.7397499999999999,0.7397499999999999,0.7397499999999999,2.1902500000000003,-0.018000000000000016,0.0722767500000001,True,30.55270194080389,True,True,outside_p10_p90|large_residual
9ad5d28c-7cfe-46db-b39d-58701689cd59,2025-10-04 00:00:00+00:00,2025-10-04 06:00:00+00:00,7,2.604,0.90275,0.90275,0.90275,1.70125,-0.0182500000000001,0.08376690000000016,True,20.527201078230146,True,True,outside_p10_p90|large_residual
9ad5d28c-7cfe-46db-b39d-58701689cd59,2025-10-04 00:00:00+00:00,2025-10-04 07:00:00+00:00,8,2.35725,1.288,1.288,1.288,1.06925,-0.018249999999999933,0.06782895000000001,True,16.032977069525618,True,True,outside_p10_p90|large_residual
9ad5d28c-7cfe-46db-b39d-58701689cd59,2025-10-04 00:00:00+00:00,2025-10-04 08:00:00+00:00,9,2.1784999999999997,1.71575,1.71575,1.71575,0.46274999999999955,-0.016000000000000014,0.07598324999999986,True,6.300730753159419,True,True,outside_p10_p90|large_residual
9ad5d28c-7cfe-46db-b39d-58701689cd59,2025-10-04 00:00:00+00:00,2025-10-04 09:00:00+00:00,10,2.0587500000000003,1.85375,1.85375,1.85375,0.2050000000000003,-0.01874999999999999,0.0667169999999998,True,3.3537179429530846,False,True,outside_p10_p90
9ad5d28c-7cfe-46db-b39d-58701689cd59,2025-10-04 00:00:00+00:00,2025-10-04 10:00:00+00:00,11,2.00575,1.871,1.871,1.871,0.13474999999999993,-0.016250000000000042,0.06634635000000001,True,2.2759353001333147,False,True,outside_p10_p90
9ad5d28c-7cfe-46db-b39d-58701689cd59,2025-10-04 00:00:00+00:00,2025-10-04 11:00:00+00:00,12,2.0335,1.80875,1.80875,1.80875,0.22475,-0.015250000000000097,0.08821469999999983,True,2.7206349962081213,False,True,outside_p10_p90
9ad5d28c-7cfe-46db-b39d-58701689cd59,2025-10-04 00:00:00+00:00,2025-10-04 12:00:00+00:00,13,2.10675,1.7134999999999998,1.7134999999999998,1.7134999999999998,0.3932500000000001,-0.015500000000000014,0.0670876500000001,True,6.092775644995756,True,True,outside_p10_p90|large_residual
9ad5d28c-7cfe-46db-b39d-58701689cd59,2025-10-04 00:00:00+00:00,2025-10-04 13:00:00+00:00,14,2.1652500000000003,1.60875,1.60875,1.60875,0.5565000000000004,-0.017500000000000016,0.08265495000000003,True,6.944532662593109,True,True,outside_p10_p90|large_residual
9ad5d28c-7cfe-46db-b39d-58701689cd59,2025-10-04 00:00:00+00:00,2025-10-04 14:00:00+00:00,15,2.2925,1.5335,1.5335,1.5335,0.7589999999999999,-0.017999999999999905,0.08191365000000012,True,9.485598554087124,True,True,outside_p10_p90|large_residual
9ad5d28c-7cfe-46db-b39d-58701689cd59,2025-10-04 00:00:00+00:00,2025-10-04 15:00:00+00:00,16,2.4625,1.5124999999999995,1.5124999999999995,1.5124999999999995,0.9500000000000004,-0.01924999999999999,0.06671699999999989,True,14.527781524948693,True,True,outside_p10_p90|large_residual
9ad5d28c-7cfe-46db-b39d-58701689cd59,2025-10-04 00:00:00+00:00,2025-10-04 16:00:00+00:00,17,2.5435,1.58075,1.58075,1.58075,0.9627499999999998,-0.019000000000000128,0.07450065000000018,True,13.177737375445684,True,True,outside_p10_p90|large_residual
9ad5d28c-7cfe-46db-b39d-58701689cd59,2025-10-04 00:00:00+00:00,2025-10-04 17:00:00+00:00,18,2.5175,1.79675,1.79675,1.79675,0.72075,-0.014249999999999985,0.07709519999999999,True,9.533667465678798,True,True,outside_p10_p90|large_residual
9ad5d28c-7cfe-46db-b39d-58701689cd59,2025-10-04 00:00:00+00:00,2025-10-04 18:00:00+00:00,19,2.4155,2.15475,2.15475,2.15475,0.26075000000000026,-0.01474999999999993,0.07412999999999974,True,3.716444084716055,True,True,outside_p10_p90|large_residual
9ad5d28c-7cfe-46db-b39d-58701689cd59,2025-10-04 00:00:00+00:00,2025-10-04 19:00:00+00:00,20,2.2802499999999997,2.591,2.591,2.591,-0.3107500000000005,-0.014000000000000012,0.0782071500000001,True,3.7944101018896625,True,True,outside_p10_p90|large_residual
9ad5d28c-7cfe-46db-b39d-58701689cd59,2025-10-04 00:00:00+00:00,2025-10-04 20:00:00+00:00,21,2.1397500000000003,3.0605,3.0605,3.0605,-0.92075,-0.016999999999999904,0.07783649999999999,True,11.610876645275676,True,True,outside_p10_p90|large_residual
9ad5d28c-7cfe-46db-b39d-58701689cd59,2025-10-04 00:00:00+00:00,2025-10-04 21:00:00+00:00,22,2.02125,3.386,3.386,3.386,-1.36475,-0.014749999999999985,0.08228430000000007,True,16.406531987268515,True,True,outside_p10_p90|large_residual
9ad5d28c-7cfe-46db-b39d-58701689cd59,2025-10-04 00:00:00+00:00,2025-10-04 22:00:00+00:00,23,1.9145,3.53025,3.53025,3.53025,-1.61575,-0.014500000000000013,0.08228429999999991,True,19.459969884899085,True,True,outside_p10_p90|large_residual
9ad5d28c-7cfe-46db-b39d-58701689cd59,2025-10-04 00:00:00+00:00,2025-10-04 23:00:00+00:00,24,1.8232500000000005,3.6845,3.6845,3.6845,-1.8612499999999994,-0.015749999999999986,0.07857780000000014,True,23.48627729460479,True,True,outside_p10_p90|large_residual
9ad5d28c-7cfe-46db-b39d-58701689cd59,2025-10-05 00:00:00+00:00,2025-10-05 00:00:00+00:00,1,1.74525,3.88425,3.88425,3.88425,-2.1390000000000002,-0.014999999999999958,0.08043105000000027,True,26.40771194706513,True,True,outside_p10_p90|large_residual
9ad5d28c-7cfe-46db-b39d-58701689cd59,2025-10-05 00:00:00+00:00,2025-10-05 01:00:00+00:00,2,1.67625,4.0280000000000005,4.0280000000000005,4.0280000000000005,-2.3517500000000005,-0.019749999999999934,0.07042349999999997,True,33.11394633893518,True,True,outside_p10_p90|large_residual
9ad5d28c-7cfe-46db-b39d-58701689cd59,2025-10-05 00:00:00+00:00,2025-10-05 02:00:00+00:00,3,1.6135000000000002,3.948,3.948,3.948,-2.3345,-0.016000000000000014,0.07931909999999982,True,29.230034127971763,True,True,outside_p10_p90|large_residual
9ad5d28c-7cfe-46db-b39d-58701689cd59,2025-10-05 00:00:00+00:00,2025-10-05 03:00:00+00:00,4,1.5557500000000002,3.6625,3.6625,3.6625,-2.10675,-0.01649999999999996,0.08673209999999999,True,24.1000736751445,True,True,outside_p10_p90|large_residual
9ad5d28c-7cfe-46db-b39d-58701689cd59,2025-10-05 00:00:00+00:00,2025-10-05 04:00:00+00:00,5,1.5005,3.2927500000000003,3.2927500000000003,3.2927500000000003,-1.7922500000000003,-0.016749999999999987,0.08487884999999995,True,20.91804966726106,True,True,outside_p10_p90|large_residual
9ad5d28c-7cfe-46db-b39d-58701689cd59,2025-10-05 00:00:00+00:00,2025-10-05 05:00:00+00:00,6,1.4505,2.93,2.93,2.93,-1.4795000000000003,-0.018000000000000016,0.0722767500000001,True,20.22088707641113,True,True,outside_p10_p90|large_residual
9ad5d28c-7cfe-46db-b39d-58701689cd59,2025-10-05 00:00:00+00:00,2025-10-05 06:00:00+00:00,7,1.4042499999999998,2.604,2.604,2.604,-1.1997500000000003,-0.0182500000000001,0.08376690000000016,True,14.104616501267182,True,True,outside_p10_p90|large_residual
9ad5d28c-7cfe-46db-b39d-58701689cd59,2025-10-05 00:00:00+00:00,2025-10-05 07:00:00+00:00,8,1.359,2.35725,2.35725,2.35725,-0.9982500000000001,-0.018249999999999933,0.06782895000000001,True,14.448108071848377,True,True,outside_p10_p90|large_residual
9ad5d28c-7cfe-46db-b39d-58701689cd59,2025-10-05 00:00:00+00:00,2025-10-05 08:00:00+00:00,9,1.3205,2.1784999999999997,2.1784999999999997,2.1784999999999997,-0.8579999999999997,-0.016000000000000014,0.07598324999999986,True,11.081389648376467,True,True,outside_p10_p90|large_residual
9ad5d28c-7cfe-46db-b39d-58701689cd59,2025-10-05 00:00:00+00:00,2025-10-05 09:00:00+00:00,10,1.282,2.0587500000000003,2.0587500000000003,2.0587500000000003,-0.7767500000000003,-0.01874999999999999,0.0667169999999998,True,11.361422126294684,True,True,outside_p10_p90|large_residual
9ad5d28c-7cfe-46db-b39d-58701689cd59,2025-10-05 00:00:00+00:00,2025-10-05 10:00:00+00:00,11,1.24775,2.00575,2.00575,2.00575,-0.758,-0.016250000000000042,0.06634635000000001,True,11.179966946184678,True,True,outside_p10_p90|large_residual
9ad5d28c-7cfe-46db-b39d-58701689cd59,2025-10-05 00:00:00+00:00,2025-10-05 11:00:00+00:00,12,1.214,2.0335,2.0335,2.0335,-0.8195000000000001,-0.015250000000000097,0.08821469999999983,True,9.11696123208492,True,True,outside_p10_p90|large_residual
9ad5d28c-7cfe-46db-b39d-58701689cd59,2025-10-05 00:00:00+00:00,2025-10-05 12:00:00+00:00,13,1.1865,2.10675,2.10675,2.10675,-0.9202499999999998,-0.015500000000000014,0.0670876500000001,True,13.486088721247478,True,True,outside_p10_p90|large_residual
9ad5d28c-7cfe-46db-b39d-58701689cd59,2025-10-05 00:00:00+00:00,2025-10-05 13:00:00+00:00,14,1.15925,2.1652500000000003,2.1652500000000003,2.1652500000000003,-1.0060000000000004,-0.017500000000000016,0.08265495000000003,True,11.95935633619039,True,True,outside_p10_p90|large_residual
9ad5d28c-7cfe-46db-b39d-58701689cd59,2025-10-05 00:00:00+00:00,2025-10-05 14:00:00+00:00,15,1.13325,2.2925,2.2925,2.2925,-1.15925,-0.017999999999999905,0.08191365000000012,True,13.93235437561381,True,True,outside_p10_p90|large_residual
9ad5d28c-7cfe-46db-b39d-58701689cd59,2025-10-05 00:00:00+00:00,2025-10-05 15:00:00+00:00,16,1.10975,2.4625,2.4625,2.4625,-1.35275,-0.01924999999999999,0.06671699999999989,True,19.987409505823138,True,True,outside_p10_p90|large_residual
9ad5d28c-7cfe-46db-b39d-58701689cd59,2025-10-05 00:00:00+00:00,2025-10-05 16:00:00+00:00,17,1.08475,2.5435,2.5435,2.5435,-1.4587499999999998,-0.019000000000000128,0.07450065000000018,True,19.3253347454015,True,True,outside_p10_p90|large_residual
9ad5d28c-7cfe-46db-b39d-58701689cd59,2025-10-05 00:00:00+00:00,2025-10-05 17:00:00+00:00,18,1.064,2.5175,2.5175,2.5175,-1.4535,-0.014249999999999985,0.07709519999999999,True,18.66847741493634,True,True,outside_p10_p90|large_residual
9ad5d28c-7cfe-46db-b39d-58701689cd59,2025-10-05 00:00:00+00:00,2025-10-05 18:00:00+00:00,19,1.0467499999999998,2.4155,2.4155,2.4155,-1.3687500000000004,-0.01474999999999993,0.07412999999999974,True,18.26520976662627,True,True,outside_p10_p90|large_residual
9ad5d28c-7cfe-46db-b39d-58701689cd59,2025-10-05 00:00:00+00:00,2025-10-05 19:00:00+00:00,20,1.0275,2.2802499999999997,2.2802499999999997,2.2802499999999997,-1.2527499999999996,-0.014000000000000012,0.0782071500000001,True,15.839344612353193,True,True,outside_p10_p90|large_residual
9ad5d28c-7cfe-46db-b39d-58701689cd59,2025-10-05 00:00:00+00:00,2025-10-05 20:00:00+00:00,21,1.0115,2.1397500000000003,2.1397500000000003,2.1397500000000003,-1.1282500000000002,-0.016999999999999904,0.07783649999999999,True,14.276721075587936,True,True,outside_p10_p90|large_residual
9ad5d28c-7cfe-46db-b39d-58701689cd59,2025-10-05 00:00:00+00:00,2025-10-05 21:00:00+00:00,22,0.9945,2.02125,2.02125,2.02125,-1.0267500000000003,-0.014749999999999985,0.08228430000000007,True,12.298822497122773,True,True,outside_p10_p90|large_residual
9ad5d28c-7cfe-46db-b39d-58701689cd59,2025-10-05 00:00:00+00:00,2025-10-05 22:00:00+00:00,23,0.98125,1.9145,1.9145,1.9145,-0.9332500000000001,-0.014500000000000013,0.08228429999999991,True,11.165556491335543,True,True,outside_p10_p90|large_residual
9ad5d28c-7cfe-46db-b39d-58701689cd59,2025-10-05 00:00:00+00:00,2025-10-05 23:00:00+00:00,24,0.9675,1.8232500000000005,1.8232500000000005,1.8232500000000005,-0.8557500000000005,-0.015749999999999986,0.07857780000000014,True,10.69004222566678,True,True,outside_p10_p90|large_residual
9ad5d28c-7cfe-46db-b39d-58701689cd59,2025-10-06 00:00:00+00:00,2025-10-06 00:00:00+00:00,1,0.9545,1.74525,1.74525,1.74525,-0.79075,-0.014999999999999958,0.08043105000000027,True,9.644907035280497,True,True,outside_p10_p90|large_residual
9ad5d28c-7cfe-46db-b39d-58701689cd59,2025-10-06 00:00:00+00:00,2025-10-06 01:00:00+00:00,2,0.94325,1.67625,1.67625,1.67625,-0.733,-0.019749999999999934,0.07042349999999997,True,10.128011246245931,True,True,outside_p10_p90|large_residual
9ad5d28c-7cfe-46db-b39d-58701689cd59,2025-10-06 00:00:00+00:00,2025-10-06 02:00:00+00:00,3,0.933,1.6135000000000002,1.6135000000000002,1.6135000000000002,-0.6805000000000001,-0.016000000000000014,0.07931909999999982,True,8.377553451816796,True,True,outside_p10_p90|large_residual
9ad5d28c-7cfe-46db-b39d-58701689cd59,2025-10-06 00:00:00+00:00,2025-10-06 03:00:00+00:00,4,0.92375,1.5557500000000002,1.5557500000000002,1.5557500000000002,-0.6320000000000002,-0.01649999999999996,0.08673209999999999,True,7.096565170219565,True,True,outside_p10_p90|large_residual
9ad5d28c-7cfe-46db-b39d-58701689cd59,2025-10-06 00:00:00+00:00,2025-10-06 04:00:00+00:00,5,0.9145,1.5005,1.5005,1.5005,-0.586,-0.016749999999999987,0.08487884999999995,True,6.706617726324053,True,True,outside_p10_p90|large_residual
9ad5d28c-7cfe-46db-b39d-58701689cd59,2025-10-06 00:00:00+00:00,2025-10-06 05:00:00+00:00,6,0.905,1.4505,1.4505,1.4505,-0.5454999999999999,-0.018000000000000016,0.0722767500000001,True,7.298335910233916,True,True,outside_p10_p90|large_residual
9ad5d28c-7cfe-46db-b39d-58701689cd59,2025-10-06 00:00:00+00:00,2025-10-06 06:00:00+00:00,7,0.89825,1.4042499999999998,1.4042499999999998,1.4042499999999998,-0.5059999999999998,-0.0182500000000001,0.08376690000000016,True,5.822705627162982,True,True,outside_p10_p90|large_residual
9ad5d28c-7cfe-46db-b39d-58701689cd59,2025-10-06 00:00:00+00:00,2025-10-06 07:00:00+00:00,8,0.8915000000000001,1.359,1.359,1.359,-0.4674999999999999,-0.018249999999999933,0.06782895000000001,True,6.623278113548859,True,True,outside_p10_p90|large_residual
9ad5d28c-7cfe-46db-b39d-58701689cd59,2025-10-06 00:00:00+00:00,2025-10-06 08:00:00+00:00,9,0.8845000000000001,1.3205,1.3205,1.3205,-0.43599999999999994,-0.016000000000000014,0.07598324999999986,True,5.527534028881374,True,True,outside_p10_p90|large_residual
9ad5d28c-7cfe-46db-b39d-58701689cd59,2025-10-06 00:00:00+00:00,2025-10-06 09:00:00+00:00,10,0.87825,1.282,1.282,1.282,-0.40375000000000005,-0.01874999999999999,0.0667169999999998,True,5.770643164410887,True,True,outside_p10_p90|large_residual
9ad5d28c-7cfe-46db-b39d-58701689cd59,2025-10-06 00:00:00+00:00,2025-10-06 10:00:00+00:00,11,0.8732499999999999,1.24775,1.24775,1.24775,-0.37450000000000006,-0.016250000000000042,0.06634635000000001,True,5.399694180614306,True,True,outside_p10_p90|large_residual
9ad5d28c-7cfe-46db-b39d-58701689cd59,2025-10-06 00:00:00+00:00,2025-10-06 11:00:00+00:00,12,0.8685,1.214,1.214,1.214,-0.3454999999999999,-0.015250000000000097,0.08821469999999983,True,3.7437071145738803,True,True,outside_p10_p90|large_residual
9ad5d28c-7cfe-46db-b39d-58701689cd59,2025-10-06 00:00:00+00:00,2025-10-06 12:00:00+00:00,13,0.864,1.1865,1.1865,1.1865,-0.3225000000000001,-0.015500000000000014,0.0670876500000001,True,4.576103053244519,True,True,outside_p10_p90|large_residual
9ad5d28c-7cfe-46db-b39d-58701689cd59,2025-10-06 00:00:00+00:00,2025-10-06 13:00:00+00:00,14,0.86,1.15925,1.15925,1.15925,-0.2992499999999999,-0.017500000000000016,0.08265495000000003,True,3.4087492642606376,False,True,outside_p10_p90
9ad5d28c-7cfe-46db-b39d-58701689cd59,2025-10-06 00:00:00+00:00,2025-10-06 14:00:00+00:00,15,0.857,1.13325,1.13325,1.13325,-0.2762500000000001,-0.017999999999999905,0.08191365000000012,True,3.1527102015353954,False,True,outside_p10_p90
9ad5d28c-7cfe-46db-b39d-58701689cd59,2025-10-06 00:00:00+00:00,2025-10-06 15:00:00+00:00,16,0.8527499999999999,1.10975,1.10975,1.10975,-0.2570000000000001,-0.01924999999999999,0.06671699999999989,True,3.5635595125680193,True,True,outside_p10_p90|large_residual
9ad5d28c-7cfe-46db-b39d-58701689cd59,2025-10-06 00:00:00+00:00,2025-10-06 16:00:00+00:00,17,0.8502500000000001,1.08475,1.08475,1.08475,-0.23450000000000004,-0.019000000000000128,0.07450065000000018,True,2.8925922122827035,False,True,outside_p10_p90
9ad5d28c-7cfe-46db-b39d-58701689cd59,2025-10-06 00:00:00+00:00,2025-10-06 17:00:00+00:00,18,0.8485,1.064,1.064,1.064,-0.21550000000000002,-0.014249999999999985,0.07709519999999999,True,2.610408948935862,False,True,outside_p10_p90
9ad5d28c-7cfe-46db-b39d-58701689cd59,2025-10-06 00:00:00+00:00,2025-10-06 18:00:00+00:00,19,0.8454999999999999,1.0467499999999998,1.0467499999999998,1.0467499999999998,-0.20124999999999993,-0.01474999999999993,0.07412999999999974,True,2.515850532847709,False,True,outside_p10_p90
9ad5d28c-7cfe-46db-b39d-58701689cd59,2025-10-06 00:00:00+00:00,2025-10-06 19:00:00+00:00,20,0.8455,1.0275,1.0275,1.0275,-0.18200000000000005,-0.014000000000000012,0.0782071500000001,True,2.1481411865794855,False,True,outside_p10_p90
9ad5d28c-7cfe-46db-b39d-58701689cd59,2025-10-06 00:00:00+00:00,2025-10-06 20:00:00+00:00,21,0.8432499999999999,1.0115,1.0115,1.0115,-0.16825000000000012,-0.016999999999999904,0.07783649999999999,True,1.9431757594444796,False,True,outside_p10_p90
9ad5d28c-7cfe-46db-b39d-58701689cd59,2025-10-06 00:00:00+00:00,2025-10-06 21:00:00+00:00,22,0.8434999999999999,0.9945,0.9945,0.9945,-0.15100000000000013,-0.014749999999999985,0.08228430000000007,True,1.6558444320483983,False,True,outside_p10_p90
9ad5d28c-7cfe-46db-b39d-58701689cd59,2025-10-06 00:00:00+00:00,2025-10-06 22:00:00+00:00,23,0.84175,0.98125,0.98125,0.98125,-0.13949999999999996,-0.014500000000000013,0.08228429999999991,True,1.5191233321544946,False,True,outside_p10_p90
9ad5d28c-7cfe-46db-b39d-58701689cd59,2025-10-06 00:00:00+00:00,2025-10-06 23:00:00+00:00,24,0.8395,0.9675,0.9675,0.9675,-0.128,-0.015749999999999986,0.07857780000000014,True,1.4285205236084468,False,True,outside_p10_p90
9ad5d28c-7cfe-46db-b39d-58701689cd59,2025-10-07 00:00:00+00:00,2025-10-07 00:00:00+00:00,1,0.8355,0.9545,0.9545,0.9545,-0.119,-0.014999999999999958,0.08043105000000027,True,1.293032976692455,False,True,outside_p10_p90
9ad5d28c-7cfe-46db-b39d-58701689cd59,2025-10-07 00:00:00+00:00,2025-10-07 01:00:00+00:00,2,0.8315,0.94325,0.94325,0.94325,-0.11175000000000002,-0.019749999999999934,0.07042349999999997,True,1.3063821025651965,False,True,outside_p10_p90
9ad5d28c-7cfe-46db-b39d-58701689cd59,2025-10-07 00:00:00+00:00,2025-10-07 02:00:00+00:00,3,0.8275,0.933,0.933,0.933,-0.10550000000000004,-0.016000000000000014,0.07931909999999982,True,1.1283537004328115,False,True,outside_p10_p90
9ad5d28c-7cfe-46db-b39d-58701689cd59,2025-10-07 00:00:00+00:00,2025-10-07 03:00:00+00:00,4,0.8242499999999999,0.92375,0.92375,0.92375,-0.09950000000000003,-0.01649999999999996,0.08673209999999999,True,0.9569697954967086,False,True,outside_p10_p90
9ad5d28c-7cfe-46db-b39d-58701689cd59,2025-10-07 00:00:00+00:00,2025-10-07 04:00:00+00:00,5,0.8192499999999999,0.9145,0.9145,0.9145,-0.09525000000000006,-0.016749999999999987,0.08487884999999995,True,0.9248475915967301,False,True,outside_p10_p90
9ad5d28c-7cfe-46db-b39d-58701689cd59,2025-10-07 00:00:00+00:00,2025-10-07 05:00:00+00:00,6,0.81375,0.905,0.905,0.905,-0.09125000000000005,-0.018000000000000016,0.0722767500000001,True,1.0134656027007294,False,True,outside_p10_p90
9ad5d28c-7cfe-46db-b39d-58701689cd59,2025-10-07 00:00:00+00:00,2025-10-07 06:00:00+00:00,7,0.8085,0.89825,0.89825,0.89825,-0.08975,-0.0182500000000001,0.08376690000000016,True,0.8535591027004672,False,True,outside_p10_p90
9ad5d28c-7cfe-46db-b39d-58701689cd59,2025-10-07 00:00:00+00:00,2025-10-07 07:00:00+00:00,8,0.8047500000000001,0.8915000000000001,0.8915000000000001,0.8915000000000001,-0.08675,-0.018249999999999933,0.06782895000000001,True,1.0098932682873618,False,True,outside_p10_p90
9ad5d28c-7cfe-46db-b39d-58701689cd59,2025-10-07 00:00:00+00:00,2025-10-07 08:00:00+00:00,9,0.799,0.8845000000000001,0.8845000000000001,0.8845000000000001,-0.08550000000000002,-0.016000000000000014,0.07598324999999986,True,0.914675273826799,False,True,outside_p10_p90
9ad5d28c-7cfe-46db-b39d-58701689cd59,2025-10-07 00:00:00+00:00,2025-10-07 09:00:00+00:00,10,0.79325,0.87825,0.87825,0.87825,-0.08499999999999996,-0.01874999999999999,0.0667169999999998,True,0.9930002847849899,False,True,outside_p10_p90
9ad5d28c-7cfe-46db-b39d-58701689cd59,2025-10-07 00:00:00+00:00,2025-10-07 10:00:00+00:00,11,0.7882500000000001,0.8732499999999999,0.8732499999999999,0.8732499999999999,-0.08499999999999974,-0.016250000000000042,0.06634635000000001,True,1.036228820424932,False,True,outside_p10_p90
9ad5d28c-7cfe-46db-b39d-58701689cd59,2025-10-07 00:00:00+00:00,2025-10-07 11:00:00+00:00,12,0.7845,0.8685,0.8685,0.8685,-0.08400000000000007,-0.015250000000000097,0.08821469999999983,True,0.7793485666221176,False,True,outside_p10_p90
9ad5d28c-7cfe-46db-b39d-58701689cd59,2025-10-07 00:00:00+00:00,2025-10-07 12:00:00+00:00,13,0.77975,0.864,0.864,0.864,-0.08424999999999994,-0.015500000000000014,0.0670876500000001,True,1.024778778210294,False,True,outside_p10_p90
9ad5d28c-7cfe-46db-b39d-58701689cd59,2025-10-07 00:00:00+00:00,2025-10-07 13:00:00+00:00,14,0.776,0.86,0.86,0.86,-0.08399999999999996,-0.017500000000000016,0.08265495000000003,True,0.8045495157882246,False,True,outside_p10_p90
9ad5d28c-7cfe-46db-b39d-58701689cd59,2025-10-07 00:00:00+00:00,2025-10-07 14:00:00+00:00,15,0.77175,0.857,0.857,0.857,-0.08524999999999994,-0.017999999999999905,0.08191365000000012,True,0.8209864900416467,False,True,outside_p10_p90
9ad5d28c-7cfe-46db-b39d-58701689cd59,2025-10-07 00:00:00+00:00,2025-10-07 15:00:00+00:00,16,0.77075,0.8527499999999999,0.8527499999999999,0.8527499999999999,-0.08199999999999985,-0.01924999999999999,0.06671699999999989,True,0.9405398923812517,False,True,outside_p10_p90
9ad5d28c-7cfe-46db-b39d-58701689cd59,2025-10-07 00:00:00+00:00,2025-10-07 16:00:00+00:00,17,0.769,0.8502500000000001,0.8502500000000001,0.8502500000000001,-0.08125000000000004,-0.019000000000000128,0.07450065000000018,True,0.8355631796501073,False,True,outside_p10_p90
9ad5d28c-7cfe-46db-b39d-58701689cd59,2025-10-07 00:00:00+00:00,2025-10-07 17:00:00+00:00,18,0.7685000000000001,0.8485,0.8485,0.8485,-0.07999999999999996,-0.014249999999999985,0.07709519999999999,True,0.8528416814535793,False,True,outside_p10_p90
9ad5d28c-7cfe-46db-b39d-58701689cd59,2025-10-07 00:00:00+00:00,2025-10-07 18:00:00+00:00,19,0.77225,0.8454999999999999,0.8454999999999999,0.8454999999999999,-0.07324999999999993,-0.01474999999999993,0.07412999999999974,True,0.7891541885876191,False,True,outside_p10_p90
9ad5d28c-7cfe-46db-b39d-58701689cd59,2025-10-07 00:00:00+00:00,2025-10-07 19:00:00+00:00,20,0.786,0.8455,0.8455,0.8455,-0.0595,-0.014000000000000012,0.0782071500000001,True,0.5817882380319437,False,True,outside_p10_p90
9ad5d28c-7cfe-46db-b39d-58701689cd59,2025-10-07 00:00:00+00:00,2025-10-07 20:00:00+00:00,21,0.8047500000000001,0.8432499999999999,0.8432499999999999,0.8432499999999999,-0.03849999999999987,-0.016999999999999904,0.07783649999999999,True,0.2762200253094624,False,True,outside_p10_p90
9ad5d28c-7cfe-46db-b39d-58701689cd59,2025-10-07 00:00:00+00:00,2025-10-07 21:00:00+00:00,22,0.8262499999999999,0.8434999999999999,0.8434999999999999,0.8434999999999999,-0.017249999999999988,-0.014749999999999985,0.08228430000000007,True,0.030382466643089873,False,True,outside_p10_p90
9ad5d28c-7cfe-46db-b39d-58701689cd59,2025-10-07 00:00:00+00:00,2025-10-07 22:00:00+00:00,23,0.8434999999999999,0.84175,0.84175,0.84175,0.0017499999999999183,-0.014500000000000013,0.08228429999999991,True,0.19748603318008356,False,True,outside_p10_p90
9ad5d28c-7cfe-46db-b39d-58701689cd59,2025-10-07 00:00:00+00:00,2025-10-07 23:00:00+00:00,24,0.86125,0.8395,0.8395,0.8395,0.021749999999999936,-0.015749999999999986,0.07857780000000014,True,0.47723402793155134,False,True,outside_p10_p90
9ad5d28c-7cfe-46db-b39d-58701689cd59,2025-10-08 00:00:00+00:00,2025-10-08 00:00:00+00:00,1,0.8807499999999999,0.8355,0.8355,0.8355,0.0452499999999999,-0.014999999999999958,0.08043105000000027,True,0.7490888158242328,False,True,outside_p10_p90
9ad5d28c-7cfe-46db-b39d-58701689cd59,2025-10-08 00:00:00+00:00,2025-10-08 01:00:00+00:00,2,0.90875,0.8315,0.8315,0.8315,0.07724999999999993,-0.019749999999999934,0.07042349999999997,True,1.3773811298785192,False,True,outside_p10_p90
9ad5d28c-7cfe-46db-b39d-58701689cd59,2025-10-08 00:00:00+00:00,2025-10-08 02:00:00+00:00,3,0.9305,0.8275,0.8275,0.8275,0.10299999999999998,-0.016000000000000014,0.07931909999999982,True,1.500269165938598,False,True,outside_p10_p90
9ad5d28c-7cfe-46db-b39d-58701689cd59,2025-10-08 00:00:00+00:00,2025-10-08 03:00:00+00:00,4,0.9385,0.8242499999999999,0.8242499999999999,0.8242499999999999,0.11425000000000007,-0.01649999999999996,0.08673209999999999,True,1.5075156718216214,False,True,outside_p10_p90
9ad5d28c-7cfe-46db-b39d-58701689cd59,2025-10-08 00:00:00+00:00,2025-10-08 04:00:00+00:00,5,0.94175,0.8192499999999999,0.8192499999999999,0.8192499999999999,0.12250000000000005,-0.016749999999999987,0.08487884999999995,True,1.640573594010759,False,True,outside_p10_p90
9ad5d28c-7cfe-46db-b39d-58701689cd59,2025-10-08 00:00:00+00:00,2025-10-08 05:00:00+00:00,6,0.9465,0.81375,0.81375,0.81375,0.13275000000000003,-0.018000000000000016,0.0722767500000001,True,2.0857329639199307,False,True,outside_p10_p90
9ad5d28c-7cfe-46db-b39d-58701689cd59,2025-10-08 00:00:00+00:00,2025-10-08 06:00:00+00:00,7,0.951,0.8085,0.8085,0.8085,0.14249999999999996,-0.0182500000000001,0.08376690000000016,True,1.9190157448825222,False,True,outside_p10_p90
9ad5d28c-7cfe-46db-b39d-58701689cd59,2025-10-08 00:00:00+00:00,2025-10-08 07:00:00+00:00,8,0.94925,0.8047500000000001,0.8047500000000001,0.8047500000000001,0.14449999999999996,-0.018249999999999933,0.06782895000000001,True,2.3994179476462465,False,True,outside_p10_p90
9ad5d28c-7cfe-46db-b39d-58701689cd59,2025-10-08 00:00:00+00:00,2025-10-08 08:00:00+00:00,9,0.947,0.799,0.799,0.799,0.1479999999999999,-0.016000000000000014,0.07598324999999986,True,2.1583704303251072,False,True,outside_p10_p90
9ad5d28c-7cfe-46db-b39d-58701689cd59,2025-10-08 00:00:00+00:00,2025-10-08 09:00:00+00:00,10,0.94,0.79325,0.79325,0.79325,0.14674999999999994,-0.01874999999999999,0.0667169999999998,True,2.480627126519484,False,True,outside_p10_p90
9ad5d28c-7cfe-46db-b39d-58701689cd59,2025-10-08 00:00:00+00:00,2025-10-08 10:00:00+00:00,11,0.93075,0.7882500000000001,0.7882500000000001,0.7882500000000001,0.14249999999999985,-0.016250000000000042,0.06634635000000001,True,2.3927465489812154,False,True,outside_p10_p90
9ad5d28c-7cfe-46db-b39d-58701689cd59,2025-10-08 00:00:00+00:00,2025-10-08 11:00:00+00:00,12,0.92075,0.7845,0.7845,0.7845,0.13624999999999998,-0.015250000000000097,0.08821469999999983,True,1.7174008413563768,False,True,outside_p10_p90
9ad5d28c-7cfe-46db-b39d-58701689cd59,2025-10-08 00:00:00+00:00,2025-10-08 12:00:00+00:00,13,0.909,0.77975,0.77975,0.77975,0.12924999999999998,-0.015500000000000014,0.0670876500000001,True,2.157625136668221,False,True,outside_p10_p90
9ad5d28c-7cfe-46db-b39d-58701689cd59,2025-10-08 00:00:00+00:00,2025-10-08 13:00:00+00:00,14,0.89775,0.776,0.776,0.776,0.12175000000000002,-0.017500000000000016,0.08265495000000003,True,1.684714587571585,False,True,outside_p10_p90
9ad5d28c-7cfe-46db-b39d-58701689cd59,2025-10-08 00:00:00+00:00,2025-10-08 14:00:00+00:00,15,0.8845,0.77175,0.77175,0.77175,0.1127499999999999,-0.017999999999999905,0.08191365000000012,True,1.5961930642817117,False,True,outside_p10_p90
9ad5d28c-7cfe-46db-b39d-58701689cd59,2025-10-08 00:00:00+00:00,2025-10-08 15:00:00+00:00,16,0.87175,0.77075,0.77075,0.77075,0.10099999999999998,-0.01924999999999999,0.06671699999999989,True,1.802389196156904,False,True,outside_p10_p90
9ad5d28c-7cfe-46db-b39d-58701689cd59,2025-10-08 00:00:00+00:00,2025-10-08 16:00:00+00:00,17,0.8594999999999999,0.769,0.769,0.769,0.09049999999999991,-0.019000000000000128,0.07450065000000018,True,1.4697858340833239,False,True,outside_p10_p90
9ad5d28c-7cfe-46db-b39d-58701689cd59,2025-10-08 00:00:00+00:00,2025-10-08 17:00:00+00:00,18,0.8485,0.7685000000000001,0.7685000000000001,0.7685000000000001,0.07999999999999996,-0.014249999999999985,0.07709519999999999,True,1.2225145015513281,False,True,outside_p10_p90
9ad5d28c-7cfe-46db-b39d-58701689cd59,2025-10-08 00:00:00+00:00,2025-10-08 18:00:00+00:00,19,0.8367499999999999,0.77225,0.77225,0.77225,0.06449999999999989,-0.01474999999999993,0.07412999999999974,True,1.0690678537704048,False,True,outside_p10_p90
9ad5d28c-7cfe-46db-b39d-58701689cd59,2025-10-08 00:00:00+00:00,2025-10-08 19:00:00+00:00,20,0.8259999999999998,0.786,0.786,0.786,0.039999999999999813,-0.014000000000000012,0.0782071500000001,True,0.690473952829118,False,True,outside_p10_p90
9ad5d28c-7cfe-46db-b39d-58701689cd59,2025-10-08 00:00:00+00:00,2025-10-08 20:00:00+00:00,21,0.817,0.8047500000000001,0.8047500000000001,0.8047500000000001,0.012249999999999872,-0.016999999999999904,0.07783649999999999,True,0.3757877088512431,False,True,outside_p10_p90
9ad5d28c-7cfe-46db-b39d-58701689cd59,2025-10-08 00:00:00+00:00,2025-10-08 21:00:00+00:00,22,0.80725,0.8262499999999999,0.8262499999999999,0.8262499999999999,-0.018999999999999906,-0.014749999999999985,0.08228430000000007,True,0.051650193293251774,False,True,outside_p10_p90
9ad5d28c-7cfe-46db-b39d-58701689cd59,2025-10-08 00:00:00+00:00,2025-10-08 22:00:00+00:00,23,0.79825,0.8434999999999999,0.8434999999999999,0.8434999999999999,-0.0452499999999999,-0.014500000000000013,0.08228429999999991,True,0.3737043397100045,False,True,outside_p10_p90
9ad5d28c-7cfe-46db-b39d-58701689cd59,2025-10-08 00:00:00+00:00,2025-10-08 23:00:00+00:00,24,0.7917500000000001,0.86125,0.86125,0.86125,-0.0694999999999999,-0.015749999999999986,0.07857780000000014,True,0.6840354400352239,False,True,outside_p10_p90
9ad5d28c-7cfe-46db-b39d-58701689cd59,2025-10-09 00:00:00+00:00,2025-10-09 00:00:00+00:00,1,0.784,0.8807499999999999,0.8807499999999999,0.8807499999999999,-0.09674999999999989,-0.014999999999999958,0.08043105000000027,True,1.0163985177366162,False,True,outside_p10_p90
9ad5d28c-7cfe-46db-b39d-58701689cd59,2025-10-09 00:00:00+00:00,2025-10-09 01:00:00+00:00,2,0.77675,0.90875,0.90875,0.90875,-0.1319999999999999,-0.019749999999999934,0.07042349999999997,True,1.5939281631841644,False,True,outside_p10_p90
9ad5d28c-7cfe-46db-b39d-58701689cd59,2025-10-09 00:00:00+00:00,2025-10-09 02:00:00+00:00,3,0.7695000000000001,0.9305,0.9305,0.9305,-0.16099999999999992,-0.016000000000000014,0.07931909999999982,True,1.8280590677403075,False,True,outside_p10_p90
9ad5d28c-7cfe-46db-b39d-58701689cd59,2025-10-09 00:00:00+00:00,2025-10-09 03:00:00+00:00,4,0.763,0.9385,0.9385,0.9385,-0.1755,-0.01649999999999996,0.08673209999999999,True,1.8332312949876695,False,True,outside_p10_p90
9ad5d28c-7cfe-46db-b39d-58701689cd59,2025-10-09 00:00:00+00:00,2025-10-09 04:00:00+00:00,5,0.75675,0.94175,0.94175,0.94175,-0.18499999999999994,-0.016749999999999987,0.08487884999999995,True,1.9822370354923524,False,True,outside_p10_p90
9ad5d28c-7cfe-46db-b39d-58701689cd59,2025-10-09 00:00:00+00:00,2025-10-09 05:00:00+00:00,6,0.75125,0.9465,0.9465,0.9465,-0.19525000000000003,-0.018000000000000016,0.0722767500000001,True,2.4523792229174637,False,True,outside_p10_p90
9ad5d28c-7cfe-46db-b39d-58701689cd59,2025-10-09 00:00:00+00:00,2025-10-09 06:00:00+00:00,7,0.745,0.951,0.951,0.951,-0.20599999999999996,-0.0182500000000001,0.08376690000000016,True,2.241338762685494,False,True,outside_p10_p90
9ad5d28c-7cfe-46db-b39d-58701689cd59,2025-10-09 00:00:00+00:00,2025-10-09 07:00:00+00:00,8,0.74025,0.94925,0.94925,0.94925,-0.20900000000000007,-0.018249999999999933,0.06782895000000001,True,2.8122210354133466,False,True,outside_p10_p90
9ad5d28c-7cfe-46db-b39d-58701689cd59,2025-10-09 00:00:00+00:00,2025-10-09 08:00:00+00:00,9,0.7352500000000001,0.947,0.947,0.947,-0.21174999999999988,-0.016000000000000014,0.07598324999999986,True,2.5762256813179247,False,True,outside_p10_p90
9ad5d28c-7cfe-46db-b39d-58701689cd59,2025-10-09 00:00:00+00:00,2025-10-09 09:00:00+00:00,10,0.7305,0.94,0.94,0.94,-0.2094999999999999,-0.01874999999999999,0.0667169999999998,True,2.8590913860035747,False,True,outside_p10_p90
9ad5d28c-7cfe-46db-b39d-58701689cd59,2025-10-09 00:00:00+00:00,2025-10-09 10:00:00+00:00,11,0.726,0.93075,0.93075,0.93075,-0.20475,-0.016250000000000042,0.06634635000000001,True,2.841151020365098,False,True,outside_p10_p90
9ad5d28c-7cfe-46db-b39d-58701689cd59,2025-10-09 00:00:00+00:00,2025-10-09 11:00:00+00:00,12,0.72125,0.92075,0.92075,0.92075,-0.1995,-0.015250000000000097,0.08821469999999983,True,2.088654158547275,False,True,outside_p10_p90
9ad5d28c-7cfe-46db-b39d-58701689cd59,2025-10-09 00:00:00+00:00,2025-10-09 12:00:00+00:00,13,0.7175,0.909,0.909,0.909,-0.1915,-0.015500000000000014,0.0670876500000001,True,2.623433672218355,False,True,outside_p10_p90
9ad5d28c-7cfe-46db-b39d-58701689cd59,2025-10-09 00:00:00+00:00,2025-10-09 13:00:00+00:00,14,0.71375,0.89775,0.89775,0.89775,-0.18400000000000005,-0.017500000000000016,0.08265495000000003,True,2.0143984117103693,False,True,outside_p10_p90
9ad5d28c-7cfe-46db-b39d-58701689cd59,2025-10-09 00:00:00+00:00,2025-10-09 14:00:00+00:00,15,0.71,0.8845,0.8845,0.8845,-0.1745,-0.017999999999999905,0.08191365000000012,True,1.9105484861192226,False,True,outside_p10_p90
9ad5d28c-7cfe-46db-b39d-58701689cd59,2025-10-09 00:00:00+00:00,2025-10-09 15:00:00+00:00,16,0.70575,0.87175,0.87175,0.87175,-0.16600000000000004,-0.01924999999999999,0.06671699999999989,True,2.199589310070901,False,True,outside_p10_p90
9ad5d28c-7cfe-46db-b39d-58701689cd59,2025-10-09 00:00:00+00:00,2025-10-09 16:00:00+00:00,17,0.7017499999999999,0.8594999999999999,0.8594999999999999,0.8594999999999999,-0.15775000000000006,-0.019000000000000128,0.07450065000000018,True,1.8623998582562646,False,True,outside_p10_p90
9ad5d28c-7cfe-46db-b39d-58701689cd59,2025-10-09 00:00:00+00:00,2025-10-09 17:00:00+00:00,18,0.6982499999999999,0.8485,0.8485,0.8485,-0.1502500000000001,-0.014249999999999985,0.07709519999999999,True,1.7640527555541738,False,True,outside_p10_p90
9ad5d28c-7cfe-46db-b39d-58701689cd59,2025-10-09 00:00:00+00:00,2025-10-09 18:00:00+00:00,19,0.6955,0.8367499999999999,0.8367499999999999,0.8367499999999999,-0.14124999999999988,-0.01474999999999993,0.07412999999999974,True,1.706461621475791,False,True,outside_p10_p90
9ad5d28c-7cfe-46db-b39d-58701689cd59,2025-10-09 00:00:00+00:00,2025-10-09 19:00:00+00:00,20,0.6914999999999999,0.8259999999999998,0.8259999999999998,0.8259999999999998,-0.13449999999999995,-0.014000000000000012,0.0782071500000001,True,1.540779839183499,False,True,outside_p10_p90
9ad5d28c-7cfe-46db-b39d-58701689cd59,2025-10-09 00:00:00+00:00,2025-10-09 20:00:00+00:00,21,0.6884999999999999,0.817,0.817,0.817,-0.12850000000000006,-0.016999999999999904,0.07783649999999999,True,1.4324898986979138,False,True,outside_p10_p90
9ad5d28c-7cfe-46db-b39d-58701689cd59,2025-10-09 00:00:00+00:00,2025-10-09 21:00:00+00:00,22,0.68525,0.80725,0.80725,0.80725,-0.122,-0.014749999999999985,0.08228430000000007,True,1.3034078189885545,False,True,outside_p10_p90
9ad5d28c-7cfe-46db-b39d-58701689cd59,2025-10-09 00:00:00+00:00,2025-10-09 22:00:00+00:00,23,0.68275,0.79825,0.79825,0.79825,-0.11550000000000005,-0.014500000000000013,0.08228429999999991,True,1.2274516523808325,False,True,outside_p10_p90
9ad5d28c-7cfe-46db-b39d-58701689cd59,2025-10-09 00:00:00+00:00,2025-10-09 23:00:00+00:00,24,0.6787500000000001,0.7917500000000001,0.7917500000000001,0.7917500000000001,-0.11299999999999999,-0.015749999999999986,0.07857780000000014,True,1.2376269124358257,False,True,outside_p10_p90
9ad5d28c-7cfe-46db-b39d-58701689cd59,2025-10-10 00:00:00+00:00,2025-10-10 00:00:00+00:00,1,0.6755,0.784,0.784,0.784,-0.10850000000000004,-0.014999999999999958,0.08043105000000027,True,1.1624863780840828,False,True,outside_p10_p90
9ad5d28c-7cfe-46db-b39d-58701689cd59,2025-10-10 00:00:00+00:00,2025-10-10 01:00:00+00:00,2,0.6735000000000001,0.77675,0.77675,0.77675,-0.10324999999999995,-0.019749999999999934,0.07042349999999997,True,1.1856837561325417,False,True,outside_p10_p90
9ad5d28c-7cfe-46db-b39d-58701689cd59,2025-10-10 00:00:00+00:00,2025-10-10 02:00:00+00:00,3,0.67,0.7695000000000001,0.7695000000000001,0.7695000000000001,-0.09950000000000003,-0.016000000000000014,0.07931909999999982,True,1.052709876940109,False,True,outside_p10_p90
9ad5d28c-7cfe-46db-b39d-58701689cd59,2025-10-10 00:00:00+00:00,2025-10-10 03:00:00+00:00,4,0.66725,0.763,0.763,0.763,-0.09575,-0.01649999999999996,0.08673209999999999,True,0.9137332083507727,False,True,outside_p10_p90
9ad5d28c-7cfe-46db-b39d-58701689cd59,2025-10-10 00:00:00+00:00,2025-10-10 04:00:00+00:00,5,0.6645,0.75675,0.75675,0.75675,-0.09225000000000005,-0.016749999999999987,0.08487884999999995,True,0.8895030976503583,False,True,outside_p10_p90
9ad5d28c-7cfe-46db-b39d-58701689cd59,2025-10-10 00:00:00+00:00,2025-10-10 05:00:00+00:00,6,0.66225,0.75125,0.75125,0.75125,-0.08899999999999997,-0.018000000000000016,0.0722767500000001,True,0.9823352599556545,False,True,outside_p10_p90
9ad5d28c-7cfe-46db-b39d-58701689cd59,2025-10-10 00:00:00+00:00,2025-10-10 06:00:00+00:00,7,0.659,0.745,0.745,0.745,-0.08599999999999997,-0.0182500000000001,0.08376690000000016,True,0.8087920168944982,False,True,outside_p10_p90
9ad5d28c-7cfe-46db-b39d-58701689cd59,2025-10-10 00:00:00+00:00,2025-10-10 07:00:00+00:00,8,0.6565000000000001,0.74025,0.74025,0.74025,-0.08374999999999988,-0.018249999999999933,0.06782895000000001,True,0.9656643660265998,False,True,outside_p10_p90
9ad5d28c-7cfe-46db-b39d-58701689cd59,2025-10-10 00:00:00+00:00,2025-10-10 08:00:00+00:00,9,0.65375,0.7352500000000001,0.7352500000000001,0.7352500000000001,-0.08150000000000002,-0.016000000000000014,0.07598324999999986,True,0.8620320925993573,False,True,outside_p10_p90
9ad5d28c-7cfe-46db-b39d-58701689cd59,2025-10-10 00:00:00+00:00,2025-10-10 09:00:00+00:00,10,0.651,0.7305,0.7305,0.7305,-0.07950000000000002,-0.01874999999999999,0.0667169999999998,True,0.9105625252934065,False,True,outside_p10_p90
9ad5d28c-7cfe-46db-b39d-58701689cd59,2025-10-10 00:00:00+00:00,2025-10-10 10:00:00+00:00,11,0.6485000000000001,0.726,0.726,0.726,-0.0774999999999999,-0.016250000000000042,0.06634635000000001,True,0.9231856763785777,False,True,outside_p10_p90
9ad5d28c-7cfe-46db-b39d-58701689cd59,2025-10-10 00:00:00+00:00,2025-10-10 11:00:00+00:00,12,0.6465000000000001,0.72125,0.72125,0.72125,-0.07474999999999987,-0.015250000000000097,0.08821469999999983,True,0.674490759476594,False,True,outside_p10_p90
9ad5d28c-7cfe-46db-b39d-58701689cd59,2025-10-10 00:00:00+00:00,2025-10-10 12:00:00+00:00,13,0.6445000000000001,0.7175,0.7175,0.7175,-0.07299999999999995,-0.015500000000000014,0.0670876500000001,True,0.8570877054122459,False,True,outside_p10_p90
9ad5d28c-7cfe-46db-b39d-58701689cd59,2025-10-10 00:00:00+00:00,2025-10-10 13:00:00+00:00,14,0.6425000000000001,0.71375,0.71375,0.71375,-0.07124999999999992,-0.017500000000000016,0.08265495000000003,True,0.650293781558151,False,True,outside_p10_p90
9ad5d28c-7cfe-46db-b39d-58701689cd59,2025-10-10 00:00:00+00:00,2025-10-10 14:00:00+00:00,15,0.64,0.71,0.71,0.71,-0.06999999999999995,-0.017999999999999905,0.08191365000000012,True,0.6348148324485599,False,True,outside_p10_p90
9ad5d28c-7cfe-46db-b39d-58701689cd59,2025-10-10 00:00:00+00:00,2025-10-10 15:00:00+00:00,16,0.63825,0.70575,0.70575,0.70575,-0.0675,-0.01924999999999999,0.06671699999999989,True,0.7232039809943507,False,True,outside_p10_p90
9ad5d28c-7cfe-46db-b39d-58701689cd59,2025-10-10 00:00:00+00:00,2025-10-10 16:00:00+00:00,17,0.6360000000000001,0.7017499999999999,0.7017499999999999,0.7017499999999999,-0.06574999999999975,-0.019000000000000128,0.07450065000000018,True,0.6275113035926466,False,True,outside_p10_p90
9ad5d28c-7cfe-46db-b39d-58701689cd59,2025-10-10 00:00:00+00:00,2025-10-10 17:00:00+00:00,18,0.6352500000000001,0.6982499999999999,0.6982499999999999,0.6982499999999999,-0.06299999999999983,-0.014249999999999985,0.07709519999999999,True,0.6323350870093061,False,True,outside_p10_p90
9ad5d28c-7cfe-46db-b39d-58701689cd59,2025-10-10 00:00:00+00:00,2025-10-10 18:00:00+00:00,19,0.63375,0.6955,0.6955,0.6955,-0.06174999999999997,-0.01474999999999993,0.07412999999999974,True,0.6340213139080023,False,True,outside_p10_p90
9ad5d28c-7cfe-46db-b39d-58701689cd59,2025-10-10 00:00:00+00:00,2025-10-10 19:00:00+00:00,20,0.63175,0.6914999999999999,0.6914999999999999,0.6914999999999999,-0.05974999999999986,-0.014000000000000012,0.0782071500000001,True,0.5849848767024471,False,True,outside_p10_p90
9ad5d28c-7cfe-46db-b39d-58701689cd59,2025-10-10 00:00:00+00:00,2025-10-10 20:00:00+00:00,21,0.63,0.6884999999999999,0.6884999999999999,0.6884999999999999,-0.058499999999999885,-0.016999999999999904,0.07783649999999999,True,0.5331688860624513,False,True,outside_p10_p90
9ad5d28c-7cfe-46db-b39d-58701689cd59,2025-10-10 00:00:00+00:00,2025-10-10 21:00:00+00:00,22,0.62775,0.68525,0.68525,0.68525,-0.057499999999999996,-0.014749999999999985,0.08228430000000007,True,0.5195401795968365,False,True,outside_p10_p90
9ad5d28c-7cfe-46db-b39d-58701689cd59,2025-10-10 00:00:00+00:00,2025-10-10 22:00:00+00:00,23,0.6265,0.68275,0.68275,0.68275,-0.05625000000000002,-0.014500000000000013,0.08228429999999991,True,0.5073871929396016,False,True,outside_p10_p90
9ad5d28c-7cfe-46db-b39d-58701689cd59,2025-10-10 00:00:00+00:00,2025-10-10 23:00:00+00:00,24,0.62475,0.6787500000000001,0.6787500000000001,0.6787500000000001,-0.05400000000000005,-0.015749999999999986,0.07857780000000014,True,0.4867787084901842,False,True,outside_p10_p90
9ad5d28c-7cfe-46db-b39d-58701689cd59,2025-10-11 00:00:00+00:00,2025-10-11 00:00:00+00:00,1,0.62325,0.6755,0.6755,0.6755,-0.05225000000000002,-0.014999999999999958,0.08043105000000027,True,0.46312959982494245,False,True,outside_p10_p90
9ad5d28c-7cfe-46db-b39d-58701689cd59,2025-10-11 00:00:00+00:00,2025-10-11 01:00:00+00:00,2,0.6217499999999999,0.6735000000000001,0.6735000000000001,0.6735000000000001,-0.051750000000000185,-0.019749999999999934,0.07042349999999997,True,0.4543937748052889,False,True,outside_p10_p90
9ad5d28c-7cfe-46db-b39d-58701689cd59,2025-10-11 00:00:00+00:00,2025-10-11 02:00:00+00:00,3,0.6205,0.67,0.67,0.67,-0.04949999999999999,-0.016000000000000014,0.07931909999999982,True,0.4223446811675882,False,True,outside_p10_p90
9ad5d28c-7cfe-46db-b39d-58701689cd59,2025-10-11 00:00:00+00:00,2025-10-11 03:00:00+00:00,4,0.619,0.66725,0.66725,0.66725,-0.048250000000000015,-0.01649999999999996,0.08673209999999999,True,0.366069771168922,False,True,outside_p10_p90
9ad5d28c-7cfe-46db-b39d-58701689cd59,2025-10-11 00:00:00+00:00,2025-10-11 04:00:00+00:00,5,0.618,0.6645,0.6645,0.6645,-0.046499999999999986,-0.016749999999999987,0.08487884999999995,True,0.3504995649681872,False,True,outside_p10_p90
9ad5d28c-7cfe-46db-b39d-58701689cd59,2025-10-11 00:00:00+00:00,2025-10-11 05:00:00+00:00,6,0.6165,0.66225,0.66225,0.66225,-0.04574999999999996,-0.018000000000000016,0.0722767500000001,True,0.3839408938559067,False,True,outside_p10_p90
9ad5d28c-7cfe-46db-b39d-58701689cd59,2025-10-11 00:00:00+00:00,2025-10-11 06:00:00+00:00,7,0.61525,0.659,0.659,0.659,-0.04375000000000007,-0.0182500000000001,0.08376690000000016,True,0.30441618348058624,False,True,outside_p10_p90
9ad5d28c-7cfe-46db-b39d-58701689cd59,2025-10-11 00:00:00+00:00,2025-10-11 07:00:00+00:00,8,0.6135,0.6565000000000001,0.6565000000000001,0.6565000000000001,-0.04300000000000004,-0.018249999999999933,0.06782895000000001,True,0.36488844365127426,False,True,outside_p10_p90
9ad5d28c-7cfe-46db-b39d-58701689cd59,2025-10-11 00:00:00+00:00,2025-10-11 08:00:00+00:00,9,0.612,0.65375,0.65375,0.65375,-0.041750000000000065,-0.016000000000000014,0.07598324999999986,True,0.33889047915165643,False,True,outside_p10_p90
9ad5d28c-7cfe-46db-b39d-58701689cd59,2025-10-11 00:00:00+00:00,2025-10-11 09:00:00+00:00,10,0.6095,0.651,0.651,0.651,-0.04149999999999998,-0.01874999999999999,0.0667169999999998,True,0.3409925506242796,False,True,outside_p10_p90
9ad5d28c-7cfe-46db-b39d-58701689cd59,2025-10-11 00:00:00+00:00,2025-10-11 10:00:00+00:00,11,0.608,0.6485000000000001,0.6485000000000001,0.6485000000000001,-0.04050000000000009,-0.016250000000000042,0.06634635000000001,True,0.3655061657498874,False,True,outside_p10_p90
9ad5d28c-7cfe-46db-b39d-58701689cd59,2025-10-11 00:00:00+00:00,2025-10-11 11:00:00+00:00,12,0.6074999999999999,0.6465000000000001,0.6465000000000001,0.6465000000000001,-0.039000000000000146,-0.015250000000000097,0.08821469999999983,True,0.26922950483309577,False,True,outside_p10_p90
9ad5d28c-7cfe-46db-b39d-58701689cd59,2025-10-11 00:00:00+00:00,2025-10-11 12:00:00+00:00,13,0.606,0.6445000000000001,0.6445000000000001,0.6445000000000001,-0.03850000000000009,-0.015500000000000014,0.0670876500000001,True,0.34283508216489983,False,True,outside_p10_p90
9ad5d28c-7cfe-46db-b39d-58701689cd59,2025-10-11 00:00:00+00:00,2025-10-11 13:00:00+00:00,14,0.6042500000000001,0.6425000000000001,0.6425000000000001,0.6425000000000001,-0.038250000000000006,-0.017500000000000016,0.08265495000000003,True,0.25104364590384465,False,True,outside_p10_p90
9ad5d28c-7cfe-46db-b39d-58701689cd59,2025-10-11 00:00:00+00:00,2025-10-11 14:00:00+00:00,15,0.60375,0.64,0.64,0.64,-0.036250000000000004,-0.017999999999999905,0.08191365000000012,True,0.22279559023435133,False,True,outside_p10_p90
9ad5d28c-7cfe-46db-b39d-58701689cd59,2025-10-11 00:00:00+00:00,2025-10-11 15:00:00+00:00,16,0.60225,0.63825,0.63825,0.63825,-0.03600000000000003,-0.01924999999999999,0.06671699999999989,True,0.2510604493607337,False,True,outside_p10_p90
9ad5d28c-7cfe-46db-b39d-58701689cd59,2025-10-11 00:00:00+00:00,2025-10-11 16:00:00+00:00,17,0.6005,0.6360000000000001,0.6360000000000001,0.6360000000000001,-0.03550000000000009,-0.019000000000000128,0.07450065000000018,True,0.2214745777385824,False,True,outside_p10_p90
9ad5d28c-7cfe-46db-b39d-58701689cd59,2025-10-11 00:00:00+00:00,2025-10-11 17:00:00+00:00,18,0.6,0.6352500000000001,0.6352500000000001,0.6352500000000001,-0.035250000000000115,-0.014249999999999985,0.07709519999999999,True,0.27239049901939594,False,True,outside_p10_p90
9ad5d28c-7cfe-46db-b39d-58701689cd59,2025-10-11 00:00:00+00:00,2025-10-11 18:00:00+00:00,19,0.597,0.63375,0.63375,0.63375,-0.03675000000000006,-0.01474999999999993,0.07412999999999974,True,0.2967759341697047,False,True,outside_p10_p90
9ad5d28c-7cfe-46db-b39d-58701689cd59,2025-10-11 00:00:00+00:00,2025-10-11 19:00:00+00:00,20,0.5952500000000001,0.63175,0.63175,0.63175,-0.03649999999999998,-0.014000000000000012,0.0782071500000001,True,0.2876974803454663,False,True,outside_p10_p90
9ad5d28c-7cfe-46db-b39d-58701689cd59,2025-10-11 00:00:00+00:00,2025-10-11 20:00:00+00:00,21,0.5934999999999999,0.63,0.63,0.63,-0.03650000000000009,-0.016999999999999904,0.07783649999999999,True,0.2505251392341663,False,True,outside_p10_p90
9ad5d28c-7cfe-46db-b39d-58701689cd59,2025-10-11 00:00:00+00:00,2025-10-11 21:00:00+00:00,22,0.5922499999999999,0.62775,0.62775,0.62775,-0.03550000000000009,-0.014749999999999985,0.08228430000000007,True,0.25217447313764696,False,True,outside_p10_p90
9ad5d28c-7cfe-46db-b39d-58701689cd59,2025-10-11 00:00:00+00:00,2025-10-11 22:00:00+00:00,23,0.5904999999999999,0.6265,0.6265,0.6265,-0.03600000000000003,-0.014500000000000013,0.08228429999999991,True,0.2612892131305734,False,True,outside_p10_p90
9ad5d28c-7cfe-46db-b39d-58701689cd59,2025-10-11 00:00:00+00:00,2025-10-11 23:00:00+00:00,24,0.589,0.62475,0.62475,0.62475,-0.03575000000000006,-0.015749999999999986,0.07857780000000014,True,0.2545248148968288,False,True,outside_p10_p90
9ad5d28c-7cfe-46db-b39d-58701689cd59,2025-10-12 00:00:00+00:00,2025-10-12 00:00:00+00:00,1,0.5874999999999999,0.62325,0.62325,0.62325,-0.03575000000000006,-0.014999999999999958,0.08043105000000027,True,0.25798494486892853,False,True,outside_p10_p90
9ad5d28c-7cfe-46db-b39d-58701689cd59,2025-10-12 00:00:00+00:00,2025-10-12 01:00:00+00:00,2,0.5864999999999999,0.6217499999999999,0.6217499999999999,0.6217499999999999,-0.035250000000000004,-0.019749999999999934,0.07042349999999997,True,0.22009698467131109,False,True,outside_p10_p90
9ad5d28c-7cfe-46db-b39d-58701689cd59,2025-10-12 00:00:00+00:00,2025-10-12 02:00:00+00:00,3,0.584,0.6205,0.6205,0.6205,-0.03650000000000009,-0.016000000000000014,0.07931909999999982,True,0.25844973026673423,False,True,outside_p10_p90
9ad5d28c-7cfe-46db-b39d-58701689cd59,2025-10-12 00:00:00+00:00,2025-10-12 03:00:00+00:00,4,0.5822499999999999,0.619,0.619,0.619,-0.03675000000000006,-0.01649999999999996,0.08673209999999999,True,0.23347757058805335,False,True,outside_p10_p90
9ad5d28c-7cfe-46db-b39d-58701689cd59,2025-10-12 00:00:00+00:00,2025-10-12 04:00:00+00:00,5,0.5805,0.618,0.618,0.618,-0.03749999999999998,-0.016749999999999987,0.08487884999999995,True,0.24446608312907164,False,True,outside_p10_p90
9ad5d28c-7cfe-46db-b39d-58701689cd59,2025-10-12 00:00:00+00:00,2025-10-12 05:00:00+00:00,6,0.5787499999999999,0.6165,0.6165,0.6165,-0.03775000000000017,-0.018000000000000016,0.0722767500000001,True,0.2732552307623147,False,True,outside_p10_p90
9ad5d28c-7cfe-46db-b39d-58701689cd59,2025-10-12 00:00:00+00:00,2025-10-12 06:00:00+00:00,7,0.5782499999999999,0.61525,0.61525,0.61525,-0.03700000000000003,-0.0182500000000001,0.08376690000000016,True,0.22383542902984233,False,True,outside_p10_p90
9ad5d28c-7cfe-46db-b39d-58701689cd59,2025-10-12 00:00:00+00:00,2025-10-12 07:00:00+00:00,8,0.5760000000000001,0.6135,0.6135,0.6135,-0.03749999999999998,-0.018249999999999933,0.06782895000000001,True,0.28380212283987943,False,True,outside_p10_p90
9ad5d28c-7cfe-46db-b39d-58701689cd59,2025-10-12 00:00:00+00:00,2025-10-12 08:00:00+00:00,9,0.5752499999999999,0.612,0.612,0.612,-0.03675000000000006,-0.016000000000000014,0.07598324999999986,True,0.2730865026173543,False,True,outside_p10_p90
9ad5d28c-7cfe-46db-b39d-58701689cd59,2025-10-12 00:00:00+00:00,2025-10-12 09:00:00+00:00,10,0.5734999999999999,0.6095,0.6095,0.6095,-0.03600000000000014,-0.01874999999999999,0.0667169999999998,True,0.25855479113269786,False,True,outside_p10_p90
9ad5d28c-7cfe-46db-b39d-58701689cd59,2025-10-12 00:00:00+00:00,2025-10-12 10:00:00+00:00,11,0.57225,0.608,0.608,0.608,-0.03574999999999995,-0.016250000000000042,0.06634635000000001,True,0.29391217452052604,False,True,outside_p10_p90
9ad5d28c-7cfe-46db-b39d-58701689cd59,2025-10-12 00:00:00+00:00,2025-10-12 11:00:00+00:00,12,0.5712499999999999,0.6074999999999999,0.6074999999999999,0.6074999999999999,-0.036250000000000004,-0.015250000000000097,0.08821469999999983,True,0.23805556216820947,False,True,outside_p10_p90
9ad5d28c-7cfe-46db-b39d-58701689cd59,2025-10-12 00:00:00+00:00,2025-10-12 12:00:00+00:00,13,0.56975,0.606,0.606,0.606,-0.036250000000000004,-0.015500000000000014,0.0670876500000001,True,0.3092968676052889,False,True,outside_p10_p90
9ad5d28c-7cfe-46db-b39d-58701689cd59,2025-10-12 00:00:00+00:00,2025-10-12 13:00:00+00:00,14,0.5680000000000001,0.6042500000000001,0.6042500000000001,0.6042500000000001,-0.036250000000000004,-0.017500000000000016,0.08265495000000003,True,0.22684666798540173,False,True,outside_p10_p90
9ad5d28c-7cfe-46db-b39d-58701689cd59,2025-10-12 00:00:00+00:00,2025-10-12 14:00:00+00:00,15,0.5664999999999999,0.60375,0.60375,0.60375,-0.037250000000000116,-0.017999999999999905,0.08191365000000012,True,0.23500356778144038,False,True,outside_p10_p90
9ad5d28c-7cfe-46db-b39d-58701689cd59,2025-10-12 00:00:00+00:00,2025-10-12 15:00:00+00:00,16,0.5662499999999999,0.60225,0.60225,0.60225,-0.03600000000000003,-0.01924999999999999,0.06671699999999989,True,0.2510604493607337,False,True,outside_p10_p90
9ad5d28c-7cfe-46db-b39d-58701689cd59,2025-10-12 00:00:00+00:00,2025-10-12 16:00:00+00:00,17,0.565,0.6005,0.6005,0.6005,-0.03550000000000009,-0.019000000000000128,0.07450065000000018,True,0.2214745777385824,False,True,outside_p10_p90
9ad5d28c-7cfe-46db-b39d-58701689cd59,2025-10-12 00:00:00+00:00,2025-10-12 17:00:00+00:00,18,0.5634999999999999,0.6,0.6,0.6,-0.03650000000000009,-0.014249999999999985,0.07709519999999999,True,0.28860421919912144,False,True,outside_p10_p90
9ad5d28c-7cfe-46db-b39d-58701689cd59,2025-10-12 00:00:00+00:00,2025-10-12 18:00:00+00:00,19,0.5625,0.597,0.597,0.597,-0.034499999999999975,-0.01474999999999993,0.07412999999999974,True,0.26642384999325663,False,True,outside_p10_p90
9ad5d28c-7cfe-46db-b39d-58701689cd59,2025-10-12 00:00:00+00:00,2025-10-12 19:00:00+00:00,20,0.5617500000000001,0.5952500000000001,0.5952500000000001,0.5952500000000001,-0.033499999999999974,-0.014000000000000012,0.0782071500000001,True,0.24933781629940405,False,True,outside_p10_p90
9ad5d28c-7cfe-46db-b39d-58701689cd59,2025-10-12 00:00:00+00:00,2025-10-12 20:00:00+00:00,21,0.5607500000000001,0.5934999999999999,0.5934999999999999,0.5934999999999999,-0.032749999999999835,-0.016999999999999904,0.07783649999999999,True,0.20234722784297768,False,True,outside_p10_p90
9ad5d28c-7cfe-46db-b39d-58701689cd59,2025-10-12 00:00:00+00:00,2025-10-12 21:00:00+00:00,22,0.5595000000000001,0.5922499999999999,0.5922499999999999,0.5922499999999999,-0.032749999999999835,-0.014749999999999985,0.08228430000000007,True,0.21875375983024506,False,True,outside_p10_p90
9ad5d28c-7cfe-46db-b39d-58701689cd59,2025-10-12 00:00:00+00:00,2025-10-12 22:00:00+00:00,23,0.5582500000000001,0.5904999999999999,0.5904999999999999,0.5904999999999999,-0.03224999999999978,-0.014500000000000013,0.08228429999999991,True,0.21571551316593549,False,True,outside_p10_p90
9ad5d28c-7cfe-46db-b39d-58701689cd59,2025-10-12 00:00:00+00:00,2025-10-12 23:00:00+00:00,24,0.5575,0.589,0.589,0.589,-0.03149999999999997,-0.015749999999999986,0.07857780000000014,True,0.2004382917312518,False,True,outside_p10_p90
9ad5d28c-7cfe-46db-b39d-58701689cd59,2025-10-13 00:00:00+00:00,2025-10-13 00:00:00+00:00,1,0.55625,0.5874999999999999,0.5874999999999999,0.5874999999999999,-0.03124999999999989,-0.014999999999999958,0.08043105000000027,True,0.2020364026081952,False,True,outside_p10_p90
9ad5d28c-7cfe-46db-b39d-58701689cd59,2025-10-13 00:00:00+00:00,2025-10-13 01:00:00+00:00,2,0.5555000000000001,0.5864999999999999,0.5864999999999999,0.5864999999999999,-0.030999999999999805,-0.019749999999999934,0.07042349999999997,True,0.1597478114549813,False,True,outside_p10_p90
9ad5d28c-7cfe-46db-b39d-58701689cd59,2025-10-13 00:00:00+00:00,2025-10-13 02:00:00+00:00,3,0.5542500000000001,0.584,0.584,0.584,-0.029749999999999832,-0.016000000000000014,0.07931909999999982,True,0.17335042883744078,False,True,outside_p10_p90
9ad5d28c-7cfe-46db-b39d-58701689cd59,2025-10-13 00:00:00+00:00,2025-10-13 03:00:00+00:00,4,0.55325,0.5822499999999999,0.5822499999999999,0.5822499999999999,-0.028999999999999915,-0.01649999999999996,0.08673209999999999,True,0.14412195715311812,False,True,outside_p10_p90
9ad5d28c-7cfe-46db-b39d-58701689cd59,2025-10-13 00:00:00+00:00,2025-10-13 04:00:00+00:00,5,0.552,0.5805,0.5805,0.5805,-0.02849999999999997,-0.016749999999999987,0.08487884999999995,True,0.1384326012899561,False,True,outside_p10_p90
9ad5d28c-7cfe-46db-b39d-58701689cd59,2025-10-13 00:00:00+00:00,2025-10-13 05:00:00+00:00,6,0.55125,0.5787499999999999,0.5787499999999999,0.5787499999999999,-0.027499999999999858,-0.018000000000000016,0.0722767500000001,True,0.13143922492364182,False,True,outside_p10_p90
9ad5d28c-7cfe-46db-b39d-58701689cd59,2025-10-13 00:00:00+00:00,2025-10-13 06:00:00+00:00,7,0.5505,0.5782499999999999,0.5782499999999999,0.5782499999999999,-0.02774999999999994,-0.0182500000000001,0.08376690000000016,True,0.11340995070845196,False,True,outside_p10_p90
9ad5d28c-7cfe-46db-b39d-58701689cd59,2025-10-13 00:00:00+00:00,2025-10-13 07:00:00+00:00,8,0.5487500000000001,0.5760000000000001,0.5760000000000001,0.5760000000000001,-0.027249999999999996,-0.018249999999999933,0.06782895000000001,True,0.13268670678228192,False,True,outside_p10_p90
9ad5d28c-7cfe-46db-b39d-58701689cd59,2025-10-13 00:00:00+00:00,2025-10-13 08:00:00+00:00,9,0.548,0.5752499999999999,0.5752499999999999,0.5752499999999999,-0.027249999999999885,-0.016000000000000014,0.07598324999999986,True,0.148058947202178,False,True,outside_p10_p90
9ad5d28c-7cfe-46db-b39d-58701689cd59,2025-10-13 00:00:00+00:00,2025-10-13 09:00:00+00:00,10,0.54625,0.5734999999999999,0.5734999999999999,0.5734999999999999,-0.027249999999999885,-0.01874999999999999,0.0667169999999998,True,0.1274038101233557,False,True,outside_p10_p90
9ad5d28c-7cfe-46db-b39d-58701689cd59,2025-10-13 00:00:00+00:00,2025-10-13 10:00:00+00:00,11,0.5477500000000001,0.57225,0.57225,0.57225,-0.024499999999999966,-0.016250000000000042,0.06634635000000001,True,0.12434745845099124,False,True,outside_p10_p90
9ad5d28c-7cfe-46db-b39d-58701689cd59,2025-10-13 00:00:00+00:00,2025-10-13 11:00:00+00:00,12,0.54725,0.5712499999999999,0.5712499999999999,0.5712499999999999,-0.02399999999999991,-0.015250000000000097,0.08821469999999983,True,0.0991898175700856,False,True,outside_p10_p90
9ad5d28c-7cfe-46db-b39d-58701689cd59,2025-10-13 00:00:00+00:00,2025-10-13 12:00:00+00:00,13,0.5457500000000001,0.56975,0.56975,0.56975,-0.02399999999999991,-0.015500000000000014,0.0670876500000001,True,0.12669992166963495,False,True,outside_p10_p90
9ad5d28c-7cfe-46db-b39d-58701689cd59,2025-10-13 00:00:00+00:00,2025-10-13 13:00:00+00:00,14,0.5455000000000001,0.5680000000000001,0.5680000000000001,0.5680000000000001,-0.022499999999999964,-0.017500000000000016,0.08265495000000003,True,0.06049244479610655,False,True,outside_p10_p90
9ad5d28c-7cfe-46db-b39d-58701689cd59,2025-10-13 00:00:00+00:00,2025-10-13 14:00:00+00:00,15,0.54425,0.5664999999999999,0.5664999999999999,0.5664999999999999,-0.02224999999999988,-0.017999999999999905,0.08191365000000012,True,0.05188390457512234,False,True,outside_p10_p90
9ad5d28c-7cfe-46db-b39d-58701689cd59,2025-10-13 00:00:00+00:00,2025-10-13 15:00:00+00:00,16,0.5425,0.5662499999999999,0.5662499999999999,0.5662499999999999,-0.023749999999999938,-0.01924999999999999,0.06671699999999989,True,0.06744907594765887,False,True,outside_p10_p90
9ad5d28c-7cfe-46db-b39d-58701689cd59,2025-10-13 00:00:00+00:00,2025-10-13 16:00:00+00:00,17,0.54175,0.565,0.565,0.565,-0.023249999999999993,-0.019000000000000128,0.07450065000000018,True,0.05704648214478471,False,True,outside_p10_p90
9ad5d28c-7cfe-46db-b39d-58701689cd59,2025-10-13 00:00:00+00:00,2025-10-13 17:00:00+00:00,18,0.5407500000000001,0.5634999999999999,0.5634999999999999,0.5634999999999999,-0.022749999999999826,-0.014249999999999985,0.07709519999999999,True,0.1102532972221337,False,True,outside_p10_p90
9ad5d28c-7cfe-46db-b39d-58701689cd59,2025-10-13 00:00:00+00:00,2025-10-13 18:00:00+00:00,19,0.5397500000000001,0.5625,0.5625,0.5625,-0.022749999999999937,-0.01474999999999993,0.07412999999999974,True,0.10791852151625571,False,True,outside_p10_p90
9ad5d28c-7cfe-46db-b39d-58701689cd59,2025-10-13 00:00:00+00:00,2025-10-13 19:00:00+00:00,20,0.5392500000000001,0.5617500000000001,0.5617500000000001,0.5617500000000001,-0.022499999999999964,-0.014000000000000012,0.0782071500000001,True,0.10868571479717572,False,True,outside_p10_p90
9ad5d28c-7cfe-46db-b39d-58701689cd59,2025-10-13 00:00:00+00:00,2025-10-13 20:00:00+00:00,21,0.5385,0.5607500000000001,0.5607500000000001,0.5607500000000001,-0.022250000000000103,-0.016999999999999904,0.07783649999999999,True,0.06744907594766208,False,True,outside_p10_p90
9ad5d28c-7cfe-46db-b39d-58701689cd59,2025-10-13 00:00:00+00:00,2025-10-13 21:00:00+00:00,22,0.5377500000000001,0.5595000000000001,0.5595000000000001,0.5595000000000001,-0.021750000000000047,-0.014749999999999985,0.08228430000000007,True,0.08507090660065232,False,True,outside_p10_p90
9ad5d28c-7cfe-46db-b39d-58701689cd59,2025-10-13 00:00:00+00:00,2025-10-13 22:00:00+00:00,23,0.5365,0.5582500000000001,0.5582500000000001,0.5582500000000001,-0.021750000000000158,-0.014500000000000013,0.08228429999999991,True,0.08810915326496249,False,True,outside_p10_p90
9ad5d28c-7cfe-46db-b39d-58701689cd59,2025-10-13 00:00:00+00:00,2025-10-13 23:00:00+00:00,24,0.5355000000000001,0.5575,0.5575,0.5575,-0.02199999999999991,-0.015749999999999986,0.07857780000000014,True,0.07953900465525773,False,True,outside_p10_p90
9ad5d28c-7cfe-46db-b39d-58701689cd59,2025-10-14 00:00:00+00:00,2025-10-14 00:00:00+00:00,1,0.5347500000000001,0.55625,0.55625,0.55625,-0.021499999999999964,-0.014999999999999958,0.08043105000000027,True,0.08081456104327848,False,True,outside_p10_p90
9ad5d28c-7cfe-46db-b39d-58701689cd59,2025-10-14 00:00:00+00:00,2025-10-14 01:00:00+00:00,2,0.53375,0.5555000000000001,0.5555000000000001,0.5555000000000001,-0.021750000000000158,-0.019749999999999934,0.07042349999999997,True,0.028399610925333513,False,True,outside_p10_p90
9ad5d28c-7cfe-46db-b39d-58701689cd59,2025-10-14 00:00:00+00:00,2025-10-14 02:00:00+00:00,3,0.53375,0.5542500000000001,0.5542500000000001,0.5542500000000001,-0.020500000000000185,-0.016000000000000014,0.07931909999999982,True,0.056732867619528976,False,True,outside_p10_p90
9ad5d28c-7cfe-46db-b39d-58701689cd59,2025-10-14 00:00:00+00:00,2025-10-14 03:00:00+00:00,4,0.5325,0.55325,0.55325,0.55325,-0.020750000000000046,-0.01649999999999996,0.08673209999999999,True,0.04900146543206134,False,True,outside_p10_p90
9ad5d28c-7cfe-46db-b39d-58701689cd59,2025-10-14 00:00:00+00:00,2025-10-14 04:00:00+00:00,5,0.5317500000000001,0.552,0.552,0.552,-0.02024999999999999,-0.016749999999999987,0.08487884999999995,True,0.04123524293743382,False,True,outside_p10_p90
9ad5d28c-7cfe-46db-b39d-58701689cd59,2025-10-14 00:00:00+00:00,2025-10-14 05:00:00+00:00,6,0.531,0.55125,0.55125,0.55125,-0.02024999999999999,-0.018000000000000016,0.0722767500000001,True,0.031130342745073224,False,True,outside_p10_p90
9ad5d28c-7cfe-46db-b39d-58701689cd59,2025-10-14 00:00:00+00:00,2025-10-14 06:00:00+00:00,7,0.53,0.5505,0.5505,0.5505,-0.020499999999999963,-0.0182500000000001,0.08376690000000016,True,0.02686025148357954,False,True,outside_p10_p90
9ad5d28c-7cfe-46db-b39d-58701689cd59,2025-10-14 00:00:00+00:00,2025-10-14 07:00:00+00:00,8,0.52875,0.5487500000000001,0.5487500000000001,0.5487500000000001,-0.020000000000000018,-0.018249999999999933,0.06782895000000001,True,0.025800192985444777,False,True,outside_p10_p90
9ad5d28c-7cfe-46db-b39d-58701689cd59,2025-10-14 00:00:00+00:00,2025-10-14 08:00:00+00:00,9,0.52775,0.548,0.548,0.548,-0.02024999999999999,-0.016000000000000014,0.07598324999999986,True,0.055933380054156455,False,True,outside_p10_p90
9ad5d28c-7cfe-46db-b39d-58701689cd59,2025-10-14 00:00:00+00:00,2025-10-14 09:00:00+00:00,10,0.5272500000000001,0.54625,0.54625,0.54625,-0.018999999999999906,-0.01874999999999999,0.0667169999999998,True,0.0037471708859798504,False,True,outside_p10_p90
9ad5d28c-7cfe-46db-b39d-58701689cd59,2025-10-14 00:00:00+00:00,2025-10-14 10:00:00+00:00,11,0.526,0.5477500000000001,0.5477500000000001,0.5477500000000001,-0.021750000000000047,-0.016250000000000042,0.06634635000000001,True,0.082898305633995,False,True,outside_p10_p90
9ad5d28c-7cfe-46db-b39d-58701689cd59,2025-10-14 00:00:00+00:00,2025-10-14 11:00:00+00:00,12,0.525,0.54725,0.54725,0.54725,-0.022249999999999992,-0.015250000000000097,0.08821469999999983,True,0.07935185405606898,False,True,outside_p10_p90
9ad5d28c-7cfe-46db-b39d-58701689cd59,2025-10-14 00:00:00+00:00,2025-10-14 12:00:00+00:00,13,0.524,0.5457500000000001,0.5457500000000001,0.5457500000000001,-0.021750000000000047,-0.015500000000000014,0.0670876500000001,True,0.09316170711002732,False,True,outside_p10_p90
9ad5d28c-7cfe-46db-b39d-58701689cd59,2025-10-14 00:00:00+00:00,2025-10-14 13:00:00+00:00,14,0.524,0.5455000000000001,0.5455000000000001,0.5455000000000001,-0.021500000000000075,-0.017500000000000016,0.08265495000000003,True,0.048393955836886444,False,True,outside_p10_p90
9ad5d28c-7cfe-46db-b39d-58701689cd59,2025-10-14 00:00:00+00:00,2025-10-14 14:00:00+00:00,15,0.52225,0.54425,0.54425,0.54425,-0.02200000000000002,-0.017999999999999905,0.08191365000000012,True,0.04883191018835211,False,True,outside_p10_p90
9ad5d28c-7cfe-46db-b39d-58701689cd59,2025-10-14 00:00:00+00:00,2025-10-14 15:00:00+00:00,16,0.522,0.5425,0.5425,0.5425,-0.020499999999999963,-0.01924999999999999,0.06671699999999989,True,0.018735854429905052,False,True,outside_p10_p90
9ad5d28c-7cfe-46db-b39d-58701689cd59,2025-10-14 00:00:00+00:00,2025-10-14 16:00:00+00:00,17,0.521,0.54175,0.54175,0.54175,-0.020749999999999935,-0.019000000000000128,0.07450065000000018,True,0.02348972794196833,False,True,outside_p10_p90
9ad5d28c-7cfe-46db-b39d-58701689cd59,2025-10-14 00:00:00+00:00,2025-10-14 17:00:00+00:00,18,0.52,0.5407500000000001,0.5407500000000001,0.5407500000000001,-0.020750000000000046,-0.014249999999999985,0.07709519999999999,True,0.0843113449345752,False,True,outside_p10_p90
9ad5d28c-7cfe-46db-b39d-58701689cd59,2025-10-14 00:00:00+00:00,2025-10-14 18:00:00+00:00,19,0.51925,0.5397500000000001,0.5397500000000001,0.5397500000000001,-0.020500000000000074,-0.01474999999999993,0.07412999999999974,True,0.07756643733981065,False,True,outside_p10_p90
9ad5d28c-7cfe-46db-b39d-58701689cd59,2025-10-14 00:00:00+00:00,2025-10-14 19:00:00+00:00,20,0.51825,0.5392500000000001,0.5392500000000001,0.5392500000000001,-0.02100000000000013,-0.014000000000000012,0.0782071500000001,True,0.08950588277414671,False,True,outside_p10_p90
9ad5d28c-7cfe-46db-b39d-58701689cd59,2025-10-14 00:00:00+00:00,2025-10-14 20:00:00+00:00,21,0.5175000000000001,0.5385,0.5385,0.5385,-0.020999999999999908,-0.016999999999999904,0.07783649999999999,True,0.05138977215059778,False,True,outside_p10_p90
9ad5d28c-7cfe-46db-b39d-58701689cd59,2025-10-14 00:00:00+00:00,2025-10-14 21:00:00+00:00,22,0.5167499999999999,0.5377500000000001,0.5377500000000001,0.5377500000000001,-0.02100000000000013,-0.014749999999999985,0.08228430000000007,True,0.07595616660772636,False,True,outside_p10_p90
9ad5d28c-7cfe-46db-b39d-58701689cd59,2025-10-14 00:00:00+00:00,2025-10-14 22:00:00+00:00,23,0.5155000000000001,0.5365,0.5365,0.5365,-0.020999999999999908,-0.014500000000000013,0.08228429999999991,True,0.07899441327203248,False,True,outside_p10_p90
9ad5d28c-7cfe-46db-b39d-58701689cd59,2025-10-14 00:00:00+00:00,2025-10-14 23:00:00+00:00,24,0.5145,0.5355000000000001,0.5355000000000001,0.5355000000000001,-0.02100000000000013,-0.015749999999999986,0.07857780000000014,True,0.06681276391041915,False,True,outside_p10_p90
9ad5d28c-7cfe-46db-b39d-58701689cd59,2025-10-15 00:00:00+00:00,2025-10-15 00:00:00+00:00,1,0.514,0.5347500000000001,0.5347500000000001,0.5347500000000001,-0.020750000000000046,-0.014999999999999958,0.08043105000000027,True,0.07148980399982431,False,True,outside_p10_p90
9ad5d28c-7cfe-46db-b39d-58701689cd59,2025-10-15 00:00:00+00:00,2025-10-15 01:00:00+00:00,2,0.51275,0.53375,0.53375,0.53375,-0.020999999999999908,-0.019749999999999934,0.07042349999999997,True,0.01774975682833108,False,True,outside_p10_p90
9ad5d28c-7cfe-46db-b39d-58701689cd59,2025-10-15 00:00:00+00:00,2025-10-15 02:00:00+00:00,3,0.512,0.53375,0.53375,0.53375,-0.021749999999999936,-0.016000000000000014,0.07931909999999982,True,0.07249199751383885,False,True,outside_p10_p90
9ad5d28c-7cfe-46db-b39d-58701689cd59,2025-10-15 00:00:00+00:00,2025-10-15 03:00:00+00:00,4,0.5105,0.5325,0.5325,0.5325,-0.02200000000000002,-0.01649999999999996,0.08673209999999999,True,0.0634136611473729,False,True,outside_p10_p90
9ad5d28c-7cfe-46db-b39d-58701689cd59,2025-10-15 00:00:00+00:00,2025-10-15 04:00:00+00:00,5,0.51,0.5317500000000001,0.5317500000000001,0.5317500000000001,-0.021750000000000047,-0.016749999999999987,0.08487884999999995,True,0.058907489910620406,False,True,outside_p10_p90
9ad5d28c-7cfe-46db-b39d-58701689cd59,2025-10-15 00:00:00+00:00,2025-10-15 05:00:00+00:00,6,0.50925,0.531,0.531,0.531,-0.021750000000000047,-0.018000000000000016,0.0722767500000001,True,0.05188390457512307,False,True,outside_p10_p90
9ad5d28c-7cfe-46db-b39d-58701689cd59,2025-10-15 00:00:00+00:00,2025-10-15 06:00:00+00:00,7,0.5085,0.53,0.53,0.53,-0.021500000000000075,-0.0182500000000001,0.08376690000000016,True,0.03879814103183918,False,True,outside_p10_p90
9ad5d28c-7cfe-46db-b39d-58701689cd59,2025-10-15 00:00:00+00:00,2025-10-15 07:00:00+00:00,8,0.507,0.52875,0.52875,0.52875,-0.021750000000000047,-0.018249999999999933,0.06782895000000001,True,0.051600385970888736,False,True,outside_p10_p90
9ad5d28c-7cfe-46db-b39d-58701689cd59,2025-10-15 00:00:00+00:00,2025-10-15 08:00:00+00:00,9,0.50625,0.52775,0.52775,0.52775,-0.021500000000000075,-0.016000000000000014,0.07598324999999986,True,0.0723843741877331,False,True,outside_p10_p90
9ad5d28c-7cfe-46db-b39d-58701689cd59,2025-10-15 00:00:00+00:00,2025-10-15 09:00:00+00:00,10,0.5057499999999999,0.5272500000000001,0.5272500000000001,0.5272500000000001,-0.021500000000000186,-0.01874999999999999,0.0667169999999998,True,0.041218879745794995,False,True,outside_p10_p90
9ad5d28c-7cfe-46db-b39d-58701689cd59,2025-10-15 00:00:00+00:00,2025-10-15 10:00:00+00:00,11,0.50525,0.526,0.526,0.526,-0.020750000000000046,-0.016250000000000042,0.06634635000000001,True,0.06782588642781409,False,True,outside_p10_p90
9ad5d28c-7cfe-46db-b39d-58701689cd59,2025-10-15 00:00:00+00:00,2025-10-15 11:00:00+00:00,12,0.5045,0.525,0.525,0.525,-0.020500000000000074,-0.015250000000000097,0.08821469999999983,True,0.05951389054205237,False,True,outside_p10_p90
9ad5d28c-7cfe-46db-b39d-58701689cd59,2025-10-15 00:00:00+00:00,2025-10-15 12:00:00+00:00,13,0.5035000000000001,0.524,0.524,0.524,-0.020499999999999963,-0.015500000000000014,0.0670876500000001,True,0.0745293656880207,False,True,outside_p10_p90
9ad5d28c-7cfe-46db-b39d-58701689cd59,2025-10-15 00:00:00+00:00,2025-10-15 13:00:00+00:00,14,0.503,0.524,0.524,0.524,-0.02100000000000002,-0.017500000000000016,0.08265495000000003,True,0.04234471135727506,False,True,outside_p10_p90
9ad5d28c-7cfe-46db-b39d-58701689cd59,2025-10-15 00:00:00+00:00,2025-10-15 14:00:00+00:00,15,0.502,0.52225,0.52225,0.52225,-0.02024999999999999,-0.017999999999999905,0.08191365000000012,True,0.027467949480948318,False,True,outside_p10_p90
9ad5d28c-7cfe-46db-b39d-58701689cd59,2025-10-15 00:00:00+00:00,2025-10-15 15:00:00+00:00,16,0.5015000000000001,0.522,0.522,0.522,-0.020499999999999963,-0.01924999999999999,0.06671699999999989,True,0.018735854429905052,False,True,outside_p10_p90
9ad5d28c-7cfe-46db-b39d-58701689cd59,2025-10-15 00:00:00+00:00,2025-10-15 16:00:00+00:00,17,0.50075,0.521,0.521,0.521,-0.02024999999999999,-0.019000000000000128,0.07450065000000018,True,0.01677837710140595,False,True,outside_p10_p90
9ad5d28c-7cfe-46db-b39d-58701689cd59,2025-10-15 00:00:00+00:00,2025-10-15 17:00:00+00:00,18,0.5,0.52,0.52,0.52,-0.020000000000000018,-0.014249999999999985,0.07709519999999999,True,0.07458311282673932,False,True,outside_p10_p90
9ad5d28c-7cfe-46db-b39d-58701689cd59,2025-10-15 00:00:00+00:00,2025-10-15 18:00:00+00:00,19,0.4992499999999999,0.51925,0.51925,0.51925,-0.020000000000000073,-0.01474999999999993,0.07412999999999974,True,0.07082152974504467,False,True,outside_p10_p90
9ad5d28c-7cfe-46db-b39d-58701689cd59,2025-10-15 00:00:00+00:00,2025-10-15 19:00:00+00:00,20,0.49825,0.51825,0.51825,0.51825,-0.019999999999999962,-0.014000000000000012,0.0782071500000001,True,0.07671932809212383,False,True,outside_p10_p90
9ad5d28c-7cfe-46db-b39d-58701689cd59,2025-10-15 00:00:00+00:00,2025-10-15 20:00:00+00:00,21,0.49825,0.5175000000000001,0.5175000000000001,0.5175000000000001,-0.019250000000000045,-0.016999999999999904,0.07783649999999999,True,0.028906746834713035,False,True,outside_p10_p90
9ad5d28c-7cfe-46db-b39d-58701689cd59,2025-10-15 00:00:00+00:00,2025-10-15 21:00:00+00:00,22,0.497,0.5167499999999999,0.5167499999999999,0.5167499999999999,-0.019749999999999934,-0.014749999999999985,0.08228430000000007,True,0.06076493328617907,False,True,outside_p10_p90
9ad5d28c-7cfe-46db-b39d-58701689cd59,2025-10-15 00:00:00+00:00,2025-10-15 22:00:00+00:00,23,0.496,0.5155000000000001,0.5155000000000001,0.5155000000000001,-0.019500000000000073,-0.014500000000000013,0.08228429999999991,True,0.060764933286180545,False,True,outside_p10_p90
9ad5d28c-7cfe-46db-b39d-58701689cd59,2025-10-15 00:00:00+00:00,2025-10-15 23:00:00+00:00,24,0.4952499999999999,0.5145,0.5145,0.5145,-0.019250000000000045,-0.015749999999999986,0.07857780000000014,True,0.04454184260694563,False,True,outside_p10_p90
9ad5d28c-7cfe-46db-b39d-58701689cd59,2025-10-16 00:00:00+00:00,2025-10-16 00:00:00+00:00,1,0.495,0.514,0.514,0.514,-0.019000000000000017,-0.014999999999999958,0.08043105000000027,True,0.049732037565095144,False,True,outside_p10_p90
9ad5d28c-7cfe-46db-b39d-58701689cd59,2025-10-16 00:00:00+00:00,2025-10-16 01:00:00+00:00,2,0.494,0.51275,0.51275,0.51275,-0.018750000000000044,-0.019749999999999934,0.07042349999999997,True,0.014199805462663603,False,True,outside_p10_p90
9ad5d28c-7cfe-46db-b39d-58701689cd59,2025-10-16 00:00:00+00:00,2025-10-16 02:00:00+00:00,3,0.4932499999999999,0.512,0.512,0.512,-0.0187500000000001,-0.016000000000000014,0.07931909999999982,True,0.03467008576748969,False,True,outside_p10_p90
9ad5d28c-7cfe-46db-b39d-58701689cd59,2025-10-16 00:00:00+00:00,2025-10-16 03:00:00+00:00,4,0.49275,0.5105,0.5105,0.5105,-0.017749999999999932,-0.01649999999999996,0.08673209999999999,True,0.014412195715311557,False,True,outside_p10_p90
9ad5d28c-7cfe-46db-b39d-58701689cd59,2025-10-16 00:00:00+00:00,2025-10-16 04:00:00+00:00,5,0.4925,0.51,0.51,0.51,-0.017500000000000016,-0.016749999999999987,0.08487884999999995,True,0.00883612348659329,False,True,outside_p10_p90
9ad5d28c-7cfe-46db-b39d-58701689cd59,2025-10-16 00:00:00+00:00,2025-10-16 05:00:00+00:00,6,0.49175,0.50925,0.50925,0.50925,-0.01749999999999996,-0.018000000000000016,0.0722767500000001,True,0.006917853943350459,False,True,outside_p10_p90
9ad5d28c-7cfe-46db-b39d-58701689cd59,2025-10-16 00:00:00+00:00,2025-10-16 06:00:00+00:00,7,0.4902499999999999,0.5085,0.5085,0.5085,-0.018250000000000044,-0.0182500000000001,0.08376690000000016,True,6.626859920954186e-16,False,True,outside_p10_p90
9ad5d28c-7cfe-46db-b39d-58701689cd59,2025-10-16 00:00:00+00:00,2025-10-16 07:00:00+00:00,8,0.4894999999999999,0.507,0.507,0.507,-0.017500000000000127,-0.018249999999999933,0.06782895000000001,True,0.011057225565187227,False,True,outside_p10_p90
9ad5d28c-7cfe-46db-b39d-58701689cd59,2025-10-16 00:00:00+00:00,2025-10-16 08:00:00+00:00,9,0.489,0.50625,0.50625,0.50625,-0.017249999999999988,-0.016000000000000014,0.07598324999999986,True,0.016450994133575172,False,True,outside_p10_p90
9ad5d28c-7cfe-46db-b39d-58701689cd59,2025-10-16 00:00:00+00:00,2025-10-16 09:00:00+00:00,10,0.488,0.5057499999999999,0.5057499999999999,0.5057499999999999,-0.017749999999999932,-0.01874999999999999,0.0667169999999998,True,0.014988683543925227,False,True,outside_p10_p90
9ad5d28c-7cfe-46db-b39d-58701689cd59,2025-10-16 00:00:00+00:00,2025-10-16 10:00:00+00:00,11,0.4872499999999999,0.50525,0.50525,0.50525,-0.01800000000000007,-0.016250000000000042,0.06634635000000001,True,0.026376733610817008,False,True,outside_p10_p90
9ad5d28c-7cfe-46db-b39d-58701689cd59,2025-10-16 00:00:00+00:00,2025-10-16 11:00:00+00:00,12,0.48625,0.5045,0.5045,0.5045,-0.018249999999999933,-0.015250000000000097,0.08821469999999983,True,0.03400793745259965,False,True,outside_p10_p90
9ad5d28c-7cfe-46db-b39d-58701689cd59,2025-10-16 00:00:00+00:00,2025-10-16 12:00:00+00:00,13,0.4857499999999999,0.5035000000000001,0.5035000000000001,0.5035000000000001,-0.017750000000000155,-0.015500000000000014,0.0670876500000001,True,0.033538214559611756,False,True,outside_p10_p90
9ad5d28c-7cfe-46db-b39d-58701689cd59,2025-10-16 00:00:00+00:00,2025-10-16 13:00:00+00:00,14,0.48575,0.503,0.503,0.503,-0.017249999999999988,-0.017500000000000016,0.08265495000000003,True,0.003024622239805697,False,True,outside_p10_p90
9ad5d28c-7cfe-46db-b39d-58701689cd59,2025-10-16 00:00:00+00:00,2025-10-16 14:00:00+00:00,15,0.4842499999999999,0.502,0.502,0.502,-0.0177500000000001,-0.017999999999999905,0.08191365000000012,True,0.0030519943867695506,False,True,outside_p10_p90
9ad5d28c-7cfe-46db-b39d-58701689cd59,2025-10-16 00:00:00+00:00,2025-10-16 15:00:00+00:00,16,0.4842499999999999,0.5015000000000001,0.5015000000000001,0.5015000000000001,-0.017250000000000154,-0.01924999999999999,0.06671699999999989,True,0.029977367087846256,False,True,outside_p10_p90
9ad5d28c-7cfe-46db-b39d-58701689cd59,2025-10-16 00:00:00+00:00,2025-10-16 16:00:00+00:00,17,0.48375,0.50075,0.50075,0.50075,-0.017000000000000015,-0.019000000000000128,0.07450065000000018,True,0.02684540336225399,False,True,outside_p10_p90
9ad5d28c-7cfe-46db-b39d-58701689cd59,2025-10-16 00:00:00+00:00,2025-10-16 17:00:00+00:00,18,0.4827499999999999,0.5,0.5,0.5,-0.0172500000000001,-0.014249999999999985,0.07709519999999999,True,0.03891292843134351,False,True,outside_p10_p90
9ad5d28c-7cfe-46db-b39d-58701689cd59,2025-10-16 00:00:00+00:00,2025-10-16 18:00:00+00:00,19,0.482,0.4992499999999999,0.4992499999999999,0.4992499999999999,-0.017249999999999932,-0.01474999999999993,0.07412999999999974,True,0.033724537973829904,False,True,outside_p10_p90
9ad5d28c-7cfe-46db-b39d-58701689cd59,2025-10-16 00:00:00+00:00,2025-10-16 19:00:00+00:00,20,0.4812499999999999,0.49825,0.49825,0.49825,-0.017000000000000126,-0.014000000000000012,0.0782071500000001,True,0.03835966404606369,False,True,outside_p10_p90
9ad5d28c-7cfe-46db-b39d-58701689cd59,2025-10-16 00:00:00+00:00,2025-10-16 20:00:00+00:00,21,0.4814999999999999,0.49825,0.49825,0.49825,-0.016750000000000154,-0.016999999999999904,0.07783649999999999,True,0.003211860759409152,False,True,outside_p10_p90
9ad5d28c-7cfe-46db-b39d-58701689cd59,2025-10-16 00:00:00+00:00,2025-10-16 21:00:00+00:00,22,0.4805,0.497,0.497,0.497,-0.016500000000000015,-0.014749999999999985,0.08228430000000007,True,0.021267726650163247,False,True,outside_p10_p90
9ad5d28c-7cfe-46db-b39d-58701689cd59,2025-10-16 00:00:00+00:00,2025-10-16 22:00:00+00:00,23,0.48,0.496,0.496,0.496,-0.016000000000000014,-0.014500000000000013,0.08228429999999991,True,0.01822947998585396,False,True,outside_p10_p90
9ad5d28c-7cfe-46db-b39d-58701689cd59,2025-10-16 00:00:00+00:00,2025-10-16 23:00:00+00:00,24,0.4792499999999999,0.4952499999999999,0.4952499999999999,0.4952499999999999,-0.016000000000000014,-0.015749999999999986,0.07857780000000014,True,0.003181560186210705,False,True,outside_p10_p90
e786e60f-a0f1-4955-aa57-f22ba39c7427,2025-10-01 00:00:00+00:00,2025-10-01 00:00:00+00:00,1,0.7355,0.7484999999999999,0.7484999999999999,0.7484999999999999,-0.0129999999999999,-0.012249999999999983,0.069126225,True,0.010849717310614277,False,True,outside_p10_p90
e786e60f-a0f1-4955-aa57-f22ba39c7427,2025-10-01 00:00:00+00:00,2025-10-01 01:00:00+00:00,2,0.73425,0.7477500000000001,0.7477500000000001,0.7477500000000001,-0.013500000000000179,-0.010875000000000051,0.0696821999999998,True,0.037671026460130916,False,True,outside_p10_p90
e786e60f-a0f1-4955-aa57-f22ba39c7427,2025-10-01 00:00:00+00:00,2025-10-01 02:00:00+00:00,3,0.7332500000000001,0.7484999999999999,0.7484999999999999,0.7484999999999999,-0.015249999999999875,-0.01112499999999994,0.06912622499999992,True,0.05967344520838422,False,True,outside_p10_p90
e786e60f-a0f1-4955-aa57-f22ba39c7427,2025-10-01 00:00:00+00:00,2025-10-01 03:00:00+00:00,4,0.7262500000000001,0.73725,0.73725,0.73725,-0.010999999999999899,-0.014750000000000069,0.06041594999999993,True,0.0620697017923276,False,True,outside_p10_p90
e786e60f-a0f1-4955-aa57-f22ba39c7427,2025-10-01 00:00:00+00:00,2025-10-01 04:00:00+00:00,5,0.70875,0.719,0.719,0.719,-0.010249999999999981,-0.015874999999999972,0.060601275000000156,True,0.0928198292857696,False,True,outside_p10_p90
e786e60f-a0f1-4955-aa57-f22ba39c7427,2025-10-01 00:00:00+00:00,2025-10-01 05:00:00+00:00,6,0.7104999999999999,0.7145,0.7145,0.7145,-0.004000000000000115,-0.0170000000000001,0.07227675000000001,True,0.1798642025270918,False,True,outside_p10_p90
e786e60f-a0f1-4955-aa57-f22ba39c7427,2025-10-01 00:00:00+00:00,2025-10-01 06:00:00+00:00,7,0.7169999999999999,0.7132499999999999,0.7132499999999999,0.7132499999999999,0.00374999999999992,-0.017750000000000016,0.080616375,True,0.26669519685051496,False,True,outside_p10_p90
e786e60f-a0f1-4955-aa57-f22ba39c7427,2025-10-01 00:00:00+00:00,2025-10-01 07:00:00+00:00,8,0.73975,0.7244999999999999,0.7244999999999999,0.7244999999999999,0.015250000000000097,-0.013000000000000012,0.07746585000000002,True,0.3646768221093566,False,True,outside_p10_p90
e786e60f-a0f1-4955-aa57-f22ba39c7427,2025-10-01 00:00:00+00:00,2025-10-01 08:00:00+00:00,9,0.748,0.738,0.738,0.738,0.010000000000000009,-0.01037499999999994,0.0761685749999998,True,0.2674987683568979,False,True,outside_p10_p90
e786e60f-a0f1-4955-aa57-f22ba39c7427,2025-10-01 00:00:00+00:00,2025-10-01 09:00:00+00:00,10,0.7450000000000001,0.7384999999999999,0.7384999999999999,0.7384999999999999,0.006500000000000172,-0.013500000000000068,0.07968974999999995,True,0.25097330585175953,False,True,outside_p10_p90
e786e60f-a0f1-4955-aa57-f22ba39c7427,2025-10-01 00:00:00+00:00,2025-10-01 10:00:00+00:00,11,0.74275,0.73775,0.73775,0.73775,0.0050000000000000044,-0.015500000000000014,0.0730180500000001,True,0.28075249886843034,False,True,outside_p10_p90
e786e60f-a0f1-4955-aa57-f22ba39c7427,2025-10-01 00:00:00+00:00,2025-10-01 11:00:00+00:00,12,0.74225,0.73675,0.73675,0.73675,0.005499999999999949,-0.015625,0.07968974999999999,True,0.26509055430591705,False,True,outside_p10_p90
e786e60f-a0f1-4955-aa57-f22ba39c7427,2025-10-01 00:00:00+00:00,2025-10-01 12:00:00+00:00,13,0.74175,0.7374999999999999,0.7374999999999999,0.7374999999999999,0.004250000000000087,-0.013999999999999985,0.08302559999999995,True,0.21981172072228425,False,True,outside_p10_p90
e786e60f-a0f1-4955-aa57-f22ba39c7427,2025-10-01 00:00:00+00:00,2025-10-01 13:00:00+00:00,14,0.7410000000000001,0.736,0.736,0.736,0.0050000000000001155,-0.014375000000000027,0.07301805000000014,True,0.2653453495402863,False,True,outside_p10_p90
e786e60f-a0f1-4955-aa57-f22ba39c7427,2025-10-01 00:00:00+00:00,2025-10-01 14:00:00+00:00,15,0.73925,0.73625,0.73625,0.73625,0.0030000000000000027,-0.010124999999999995,0.06245452500000003,True,0.21015290725531882,False,True,outside_p10_p90
e786e60f-a0f1-4955-aa57-f22ba39c7427,2025-10-01 00:00:00+00:00,2025-10-01 15:00:00+00:00,16,0.7215,0.7350000000000001,0.7350000000000001,0.7350000000000001,-0.013500000000000068,-0.011124999999999996,0.06393712500000008,True,0.037145867913204865,False,True,outside_p10_p90
e786e60f-a0f1-4955-aa57-f22ba39c7427,2025-10-01 00:00:00+00:00,2025-10-01 16:00:00+00:00,17,0.707,0.7144999999999999,0.7144999999999999,0.7144999999999999,-0.007499999999999951,-0.015625,0.06912622500000004,True,0.11753860419833491,False,True,outside_p10_p90
e786e60f-a0f1-4955-aa57-f22ba39c7427,2025-10-01 00:00:00+00:00,2025-10-01 17:00:00+00:00,18,0.7055,0.7072499999999999,0.7072499999999999,0.7072499999999999,-0.0017499999999999183,-0.01899999999999999,0.06838492500000008,True,0.2522485767148249,False,True,outside_p10_p90
e786e60f-a0f1-4955-aa57-f22ba39c7427,2025-10-01 00:00:00+00:00,2025-10-01 18:00:00+00:00,19,0.7054999999999999,0.7067499999999999,0.7067499999999999,0.7067499999999999,-0.0012499999999999734,-0.01924999999999996,0.07116480000000006,True,0.25293403480372284,False,True,outside_p10_p90
e786e60f-a0f1-4955-aa57-f22ba39c7427,2025-10-01 00:00:00+00:00,2025-10-01 19:00:00+00:00,20,0.7185,0.70975,0.70975,0.70975,0.008750000000000036,-0.016625000000000056,0.07135012499999996,True,0.3556405822694789,False,True,outside_p10_p90
e786e60f-a0f1-4955-aa57-f22ba39c7427,2025-10-01 00:00:00+00:00,2025-10-01 20:00:00+00:00,21,0.73475,0.73025,0.73025,0.73025,0.0045000000000000595,-0.015000000000000013,0.07023817499999992,True,0.2776268033729535,False,True,outside_p10_p90
e786e60f-a0f1-4955-aa57-f22ba39c7427,2025-10-01 00:00:00+00:00,2025-10-01 21:00:00+00:00,22,0.73675,0.73525,0.73525,0.73525,0.0015000000000000568,-0.011624999999999996,0.07301805000000001,True,0.1797500754950324,False,True,outside_p10_p90
e786e60f-a0f1-4955-aa57-f22ba39c7427,2025-10-01 00:00:00+00:00,2025-10-01 22:00:00+00:00,23,0.73825,0.73525,0.73525,0.73525,0.0030000000000000027,-0.015999999999999986,0.08228429999999987,True,0.23090674648748327,False,True,outside_p10_p90
e786e60f-a0f1-4955-aa57-f22ba39c7427,2025-10-01 00:00:00+00:00,2025-10-01 23:00:00+00:00,24,0.7405,0.7354999999999999,0.7354999999999999,0.7354999999999999,0.0050000000000001155,-0.01650000000000007,0.06319582500000007,True,0.3402123478884905,False,True,outside_p10_p90
e786e60f-a0f1-4955-aa57-f22ba39c7427,2025-10-02 00:00:00+00:00,2025-10-02 00:00:00+00:00,1,0.74375,0.7355,0.7355,0.7355,0.00824999999999998,-0.012249999999999983,0.069126225,True,0.296558939823489,False,True,outside_p10_p90
e786e60f-a0f1-4955-aa57-f22ba39c7427,2025-10-02 00:00:00+00:00,2025-10-02 01:00:00+00:00,2,0.7464999999999999,0.73425,0.73425,0.73425,0.012249999999999983,-0.010875000000000051,0.0696821999999998,True,0.33186380452970915,False,True,outside_p10_p90
e786e60f-a0f1-4955-aa57-f22ba39c7427,2025-10-02 00:00:00+00:00,2025-10-02 02:00:00+00:00,3,0.7495,0.7332500000000001,0.7332500000000001,0.7332500000000001,0.016249999999999987,-0.01112499999999994,0.06912622499999992,True,0.39601468183746413,False,True,outside_p10_p90
e786e60f-a0f1-4955-aa57-f22ba39c7427,2025-10-02 00:00:00+00:00,2025-10-02 03:00:00+00:00,4,0.747,0.7262500000000001,0.7262500000000001,0.7262500000000001,0.020749999999999935,-0.014750000000000069,0.06041594999999993,True,0.5875931769673414,False,True,outside_p10_p90
e786e60f-a0f1-4955-aa57-f22ba39c7427,2025-10-02 00:00:00+00:00,2025-10-02 04:00:00+00:00,5,0.7285,0.70875,0.70875,0.70875,0.019750000000000045,-0.015874999999999972,0.060601275000000156,True,0.5878589188098753,False,True,outside_p10_p90
e786e60f-a0f1-4955-aa57-f22ba39c7427,2025-10-02 00:00:00+00:00,2025-10-02 05:00:00+00:00,6,0.7252500000000001,0.7104999999999999,0.7104999999999999,0.7104999999999999,0.014750000000000152,-0.0170000000000001,0.07227675000000001,True,0.43928372540270894,False,True,outside_p10_p90
e786e60f-a0f1-4955-aa57-f22ba39c7427,2025-10-02 00:00:00+00:00,2025-10-02 06:00:00+00:00,7,0.726,0.7169999999999999,0.7169999999999999,0.7169999999999999,0.009000000000000119,-0.017750000000000016,0.080616375,True,0.33181844259308524,False,True,outside_p10_p90
e786e60f-a0f1-4955-aa57-f22ba39c7427,2025-10-02 00:00:00+00:00,2025-10-02 07:00:00+00:00,8,0.7365,0.73975,0.73975,0.73975,-0.003249999999999975,-0.013000000000000012,0.07746585000000002,True,0.12586191205544164,False,True,outside_p10_p90
e786e60f-a0f1-4955-aa57-f22ba39c7427,2025-10-02 00:00:00+00:00,2025-10-02 08:00:00+00:00,9,0.74525,0.748,0.748,0.748,-0.00275000000000003,-0.01037499999999994,0.0761685749999998,True,0.10010690104153754,False,True,outside_p10_p90
e786e60f-a0f1-4955-aa57-f22ba39c7427,2025-10-02 00:00:00+00:00,2025-10-02 09:00:00+00:00,10,0.7405,0.7450000000000001,0.7450000000000001,0.7450000000000001,-0.0045000000000000595,-0.013500000000000068,0.07968974999999995,True,0.11293798763329053,False,True,outside_p10_p90
e786e60f-a0f1-4955-aa57-f22ba39c7427,2025-10-02 00:00:00+00:00,2025-10-02 10:00:00+00:00,11,0.73575,0.74275,0.74275,0.74275,-0.007000000000000006,-0.015500000000000014,0.0730180500000001,True,0.1164095727015443,False,True,outside_p10_p90
e786e60f-a0f1-4955-aa57-f22ba39c7427,2025-10-02 00:00:00+00:00,2025-10-02 11:00:00+00:00,12,0.7354999999999999,0.74225,0.74225,0.74225,-0.006750000000000034,-0.015625,0.07968974999999999,True,0.11136940447171646,False,True,outside_p10_p90
e786e60f-a0f1-4955-aa57-f22ba39c7427,2025-10-02 00:00:00+00:00,2025-10-02 12:00:00+00:00,13,0.7347499999999999,0.74175,0.74175,0.74175,-0.007000000000000117,-0.013999999999999985,0.08302559999999995,True,0.08431134493457285,False,True,outside_p10_p90
e786e60f-a0f1-4955-aa57-f22ba39c7427,2025-10-02 00:00:00+00:00,2025-10-02 13:00:00+00:00,14,0.7347499999999999,0.7410000000000001,0.7410000000000001,0.7410000000000001,-0.0062500000000002,-0.014375000000000027,0.07301805000000014,True,0.11127385625882656,False,True,outside_p10_p90
e786e60f-a0f1-4955-aa57-f22ba39c7427,2025-10-02 00:00:00+00:00,2025-10-02 14:00:00+00:00,15,0.7354999999999999,0.73925,0.73925,0.73925,-0.003750000000000031,-0.010124999999999995,0.06245452500000003,True,0.10207426923829716,False,True,outside_p10_p90
e786e60f-a0f1-4955-aa57-f22ba39c7427,2025-10-02 00:00:00+00:00,2025-10-02 15:00:00+00:00,16,0.72125,0.7215,0.7215,0.7215,-0.0002500000000000835,-0.011124999999999996,0.06393712500000008,True,0.17008897412887894,False,True,outside_p10_p90
e786e60f-a0f1-4955-aa57-f22ba39c7427,2025-10-02 00:00:00+00:00,2025-10-02 16:00:00+00:00,17,0.70625,0.707,0.707,0.707,-0.0007499999999999174,-0.015625,0.06912622500000004,True,0.2151860599938746,False,True,outside_p10_p90
e786e60f-a0f1-4955-aa57-f22ba39c7427,2025-10-02 00:00:00+00:00,2025-10-02 17:00:00+00:00,18,0.7034999999999999,0.7055,0.7055,0.7055,-0.002000000000000113,-0.01899999999999999,0.06838492500000008,True,0.24859280024069422,False,True,outside_p10_p90
e786e60f-a0f1-4955-aa57-f22ba39c7427,2025-10-02 00:00:00+00:00,2025-10-02 18:00:00+00:00,19,0.703,0.7054999999999999,0.7054999999999999,0.7054999999999999,-0.0024999999999999467,-0.01924999999999996,0.07116480000000006,True,0.23536917127568688,False,True,outside_p10_p90
e786e60f-a0f1-4955-aa57-f22ba39c7427,2025-10-02 00:00:00+00:00,2025-10-02 19:00:00+00:00,20,0.71575,0.7185,0.7185,0.7185,-0.00275000000000003,-0.016625000000000056,0.07135012499999996,True,0.1944635696153305,False,True,outside_p10_p90
e786e60f-a0f1-4955-aa57-f22ba39c7427,2025-10-02 00:00:00+00:00,2025-10-02 20:00:00+00:00,21,0.7297499999999999,0.73475,0.73475,0.73475,-0.0050000000000001155,-0.015000000000000013,0.07023817499999992,True,0.14237271967843568,False,True,outside_p10_p90
e786e60f-a0f1-4955-aa57-f22ba39c7427,2025-10-02 00:00:00+00:00,2025-10-02 21:00:00+00:00,22,0.7304999999999999,0.73675,0.73675,0.73675,-0.006250000000000089,-0.011624999999999996,0.07301805000000001,True,0.07361193567891647,False,True,outside_p10_p90
e786e60f-a0f1-4955-aa57-f22ba39c7427,2025-10-02 00:00:00+00:00,2025-10-02 22:00:00+00:00,23,0.7310000000000001,0.73825,0.73825,0.73825,-0.007249999999999868,-0.015999999999999986,0.08228429999999987,True,0.10633863325081618,False,True,outside_p10_p90
e786e60f-a0f1-4955-aa57-f22ba39c7427,2025-10-02 00:00:00+00:00,2025-10-02 23:00:00+00:00,24,0.7304999999999999,0.7405,0.7405,0.7405,-0.01000000000000012,-0.01650000000000007,0.06319582500000007,True,0.10285489587326288,False,True,outside_p10_p90
e786e60f-a0f1-4955-aa57-f22ba39c7427,2025-10-03 00:00:00+00:00,2025-10-03 00:00:00+00:00,1,0.7315,0.74375,0.74375,0.74375,-0.012249999999999983,-0.012249999999999983,0.069126225,True,0.0,False,True,outside_p10_p90
e786e60f-a0f1-4955-aa57-f22ba39c7427,2025-10-03 00:00:00+00:00,2025-10-03 01:00:00+00:00,2,0.732,0.7464999999999999,0.7464999999999999,0.7464999999999999,-0.014499999999999957,-0.010875000000000051,0.0696821999999998,True,0.052021893683034066,False,True,outside_p10_p90
e786e60f-a0f1-4955-aa57-f22ba39c7427,2025-10-03 00:00:00+00:00,2025-10-03 02:00:00+00:00,3,0.73425,0.7495,0.7495,0.7495,-0.015250000000000097,-0.01112499999999994,0.06912622499999992,True,0.05967344520838743,False,True,outside_p10_p90
e786e60f-a0f1-4955-aa57-f22ba39c7427,2025-10-03 00:00:00+00:00,2025-10-03 03:00:00+00:00,4,0.72675,0.747,0.747,0.747,-0.02024999999999999,-0.014750000000000069,0.06041594999999993,True,0.09103556262874173,False,True,outside_p10_p90
e786e60f-a0f1-4955-aa57-f22ba39c7427,2025-10-03 00:00:00+00:00,2025-10-03 04:00:00+00:00,5,0.7122499999999999,0.7285,0.7285,0.7285,-0.016250000000000098,-0.015874999999999972,0.060601275000000156,True,0.0061879886190533825,False,True,outside_p10_p90
e786e60f-a0f1-4955-aa57-f22ba39c7427,2025-10-03 00:00:00+00:00,2025-10-03 05:00:00+00:00,6,0.71225,0.7252500000000001,0.7252500000000001,0.7252500000000001,-0.013000000000000012,-0.0170000000000001,0.07227675000000001,True,0.05534283154679874,False,True,outside_p10_p90
e786e60f-a0f1-4955-aa57-f22ba39c7427,2025-10-03 00:00:00+00:00,2025-10-03 06:00:00+00:00,7,0.71675,0.726,0.726,0.726,-0.00924999999999998,-0.017750000000000016,0.080616375,True,0.10543763596415784,False,True,outside_p10_p90
e786e60f-a0f1-4955-aa57-f22ba39c7427,2025-10-03 00:00:00+00:00,2025-10-03 07:00:00+00:00,8,0.74075,0.7365,0.7365,0.7365,0.004249999999999976,-0.013000000000000012,0.07746585000000002,True,0.22267876748270346,False,True,outside_p10_p90
e786e60f-a0f1-4955-aa57-f22ba39c7427,2025-10-03 00:00:00+00:00,2025-10-03 08:00:00+00:00,9,0.7672500000000001,0.74525,0.74525,0.74525,0.02200000000000013,-0.01037499999999994,0.0761685749999998,True,0.42504405524194405,False,True,outside_p10_p90
e786e60f-a0f1-4955-aa57-f22ba39c7427,2025-10-03 00:00:00+00:00,2025-10-03 09:00:00+00:00,10,0.7795000000000001,0.7405,0.7405,0.7405,0.039000000000000035,-0.013500000000000068,0.07968974999999995,True,0.6588049278608621,False,True,outside_p10_p90
e786e60f-a0f1-4955-aa57-f22ba39c7427,2025-10-03 00:00:00+00:00,2025-10-03 10:00:00+00:00,11,0.79175,0.73575,0.73575,0.73575,0.05599999999999994,-0.015500000000000014,0.0730180500000001,True,0.9792099350776946,False,True,outside_p10_p90
e786e60f-a0f1-4955-aa57-f22ba39c7427,2025-10-03 00:00:00+00:00,2025-10-03 11:00:00+00:00,12,0.8035,0.7354999999999999,0.7354999999999999,0.7354999999999999,0.06800000000000006,-0.015625,0.07968974999999999,True,1.049382135092657,False,True,outside_p10_p90
e786e60f-a0f1-4955-aa57-f22ba39c7427,2025-10-03 00:00:00+00:00,2025-10-03 12:00:00+00:00,13,0.81675,0.7347499999999999,0.7347499999999999,0.7347499999999999,0.08200000000000007,-0.013999999999999985,0.08302559999999995,True,1.1562698733884502,False,True,outside_p10_p90
e786e60f-a0f1-4955-aa57-f22ba39c7427,2025-10-03 00:00:00+00:00,2025-10-03 13:00:00+00:00,14,0.83,0.7347499999999999,0.7347499999999999,0.7347499999999999,0.09525000000000006,-0.014375000000000027,0.07301805000000014,True,1.5013411067537392,False,True,outside_p10_p90
e786e60f-a0f1-4955-aa57-f22ba39c7427,2025-10-03 00:00:00+00:00,2025-10-03 14:00:00+00:00,15,0.84325,0.7354999999999999,0.7354999999999999,0.7354999999999999,0.10775000000000012,-0.010124999999999995,0.06245452500000003,True,1.8873732527787228,False,True,outside_p10_p90
e786e60f-a0f1-4955-aa57-f22ba39c7427,2025-10-03 00:00:00+00:00,2025-10-03 15:00:00+00:00,16,0.83875,0.72125,0.72125,0.72125,0.11750000000000005,-0.011124999999999996,0.06393712500000008,True,2.01174200435193,False,True,outside_p10_p90
e786e60f-a0f1-4955-aa57-f22ba39c7427,2025-10-03 00:00:00+00:00,2025-10-03 16:00:00+00:00,17,0.85425,0.70625,0.70625,0.70625,0.1479999999999999,-0.015625,0.06912622500000004,True,2.367046659932606,False,True,outside_p10_p90
e786e60f-a0f1-4955-aa57-f22ba39c7427,2025-10-03 00:00:00+00:00,2025-10-03 17:00:00+00:00,18,0.873,0.7034999999999999,0.7034999999999999,0.7034999999999999,0.1695000000000001,-0.01899999999999999,0.06838492500000008,True,2.7564554614924246,False,True,outside_p10_p90
e786e60f-a0f1-4955-aa57-f22ba39c7427,2025-10-03 00:00:00+00:00,2025-10-03 18:00:00+00:00,19,0.8995000000000001,0.703,0.703,0.703,0.19650000000000012,-0.01924999999999996,0.07116480000000006,True,3.0316954449390696,False,True,outside_p10_p90
e786e60f-a0f1-4955-aa57-f22ba39c7427,2025-10-03 00:00:00+00:00,2025-10-03 19:00:00+00:00,20,0.93525,0.71575,0.71575,0.71575,0.21950000000000003,-0.016625000000000056,0.07135012499999996,True,3.3093845315617907,False,True,outside_p10_p90
e786e60f-a0f1-4955-aa57-f22ba39c7427,2025-10-03 00:00:00+00:00,2025-10-03 20:00:00+00:00,21,1.04925,0.7297499999999999,0.7297499999999999,0.7297499999999999,0.3195000000000001,-0.015000000000000013,0.07023817499999992,True,4.7623674732437244,True,True,outside_p10_p90|large_residual
e786e60f-a0f1-4955-aa57-f22ba39c7427,2025-10-03 00:00:00+00:00,2025-10-03 21:00:00+00:00,22,1.34075,0.7304999999999999,0.7304999999999999,0.7304999999999999,0.6102500000000002,-0.011624999999999996,0.07301805000000001,True,8.516729767502694,True,True,outside_p10_p90|large_residual
e786e60f-a0f1-4955-aa57-f22ba39c7427,2025-10-03 00:00:00+00:00,2025-10-03 22:00:00+00:00,23,1.602,0.7310000000000001,0.7310000000000001,0.7310000000000001,0.871,-0.015999999999999986,0.08228429999999987,True,10.779699164968305,True,True,outside_p10_p90|large_residual
e786e60f-a0f1-4955-aa57-f22ba39c7427,2025-10-03 00:00:00+00:00,2025-10-03 23:00:00+00:00,24,1.7614999999999998,0.7304999999999999,0.7304999999999999,0.7304999999999999,1.031,-0.01650000000000007,0.06319582500000007,True,16.5754620657298,True,True,outside_p10_p90|large_residual
e786e60f-a0f1-4955-aa57-f22ba39c7427,2025-10-04 00:00:00+00:00,2025-10-04 00:00:00+00:00,1,1.98425,0.7315,0.7315,0.7315,1.25275,-0.012249999999999983,0.069126225,True,18.299856530571432,True,True,outside_p10_p90|large_residual
e786e60f-a0f1-4955-aa57-f22ba39c7427,2025-10-04 00:00:00+00:00,2025-10-04 01:00:00+00:00,2,2.33025,0.732,0.732,0.732,1.59825,-0.010875000000000051,0.0696821999999998,True,23.09233922005913,True,True,outside_p10_p90|large_residual
e786e60f-a0f1-4955-aa57-f22ba39c7427,2025-10-04 00:00:00+00:00,2025-10-04 02:00:00+00:00,3,2.4705,0.73425,0.73425,0.73425,1.73625,-0.01112499999999994,0.06912622499999992,True,25.278033047515642,True,True,outside_p10_p90|large_residual
e786e60f-a0f1-4955-aa57-f22ba39c7427,2025-10-04 00:00:00+00:00,2025-10-04 03:00:00+00:00,4,2.46625,0.72675,0.72675,0.72675,1.7395,-0.014750000000000069,0.06041594999999993,True,29.036206498449534,True,True,outside_p10_p90|large_residual
e786e60f-a0f1-4955-aa57-f22ba39c7427,2025-10-04 00:00:00+00:00,2025-10-04 04:00:00+00:00,5,2.3972499999999997,0.7122499999999999,0.7122499999999999,0.7122499999999999,1.6849999999999996,-0.015874999999999972,0.060601275000000156,True,28.066653713143744,True,True,outside_p10_p90|large_residual
e786e60f-a0f1-4955-aa57-f22ba39c7427,2025-10-04 00:00:00+00:00,2025-10-04 05:00:00+00:00,6,2.33175,0.71225,0.71225,0.71225,1.6195,-0.0170000000000001,0.07227675000000001,True,22.642135956583544,True,True,outside_p10_p90|large_residual
e786e60f-a0f1-4955-aa57-f22ba39c7427,2025-10-04 00:00:00+00:00,2025-10-04 06:00:00+00:00,7,2.237,0.71675,0.71675,0.71675,1.52025,-0.017750000000000016,0.080616375,True,19.078009895632245,True,True,outside_p10_p90|large_residual
e786e60f-a0f1-4955-aa57-f22ba39c7427,2025-10-04 00:00:00+00:00,2025-10-04 07:00:00+00:00,8,2.1544999999999996,0.74075,0.74075,0.74075,1.4137499999999996,-0.013000000000000012,0.07746585000000002,True,18.417793130779554,True,True,outside_p10_p90|large_residual
e786e60f-a0f1-4955-aa57-f22ba39c7427,2025-10-04 00:00:00+00:00,2025-10-04 08:00:00+00:00,9,2.06825,0.7672500000000001,0.7672500000000001,0.7672500000000001,1.3009999999999997,-0.01037499999999994,0.0761685749999998,True,17.216745882406272,True,True,outside_p10_p90|large_residual
e786e60f-a0f1-4955-aa57-f22ba39c7427,2025-10-04 00:00:00+00:00,2025-10-04 09:00:00+00:00,10,1.9925,0.7795000000000001,0.7795000000000001,0.7795000000000001,1.2129999999999999,-0.013500000000000068,0.07968974999999995,True,15.390937981358967,True,True,outside_p10_p90|large_residual
e786e60f-a0f1-4955-aa57-f22ba39c7427,2025-10-04 00:00:00+00:00,2025-10-04 10:00:00+00:00,11,1.91025,0.79175,0.79175,0.79175,1.1185,-0.015500000000000014,0.0730180500000001,True,15.53040652277072,True,True,outside_p10_p90|large_residual
e786e60f-a0f1-4955-aa57-f22ba39c7427,2025-10-04 00:00:00+00:00,2025-10-04 11:00:00+00:00,12,1.848,0.8035,0.8035,0.8035,1.0445000000000002,-0.015625,0.07968974999999999,True,13.303153793304665,True,True,outside_p10_p90|large_residual
e786e60f-a0f1-4955-aa57-f22ba39c7427,2025-10-04 00:00:00+00:00,2025-10-04 12:00:00+00:00,13,1.7935,0.81675,0.81675,0.81675,0.9767500000000001,-0.013999999999999985,0.08302559999999995,True,11.933066427704235,True,True,outside_p10_p90|large_residual
e786e60f-a0f1-4955-aa57-f22ba39c7427,2025-10-04 00:00:00+00:00,2025-10-04 13:00:00+00:00,14,1.7525,0.83,0.83,0.83,0.9225,-0.014375000000000027,0.07301805000000014,True,12.83073157938343,True,True,outside_p10_p90|large_residual
e786e60f-a0f1-4955-aa57-f22ba39c7427,2025-10-04 00:00:00+00:00,2025-10-04 14:00:00+00:00,15,1.7235,0.84325,0.84325,0.84325,0.88025,-0.010124999999999995,0.06245452500000003,True,14.256372936948916,True,True,outside_p10_p90|large_residual
e786e60f-a0f1-4955-aa57-f22ba39c7427,2025-10-04 00:00:00+00:00,2025-10-04 15:00:00+00:00,16,1.7065,0.83875,0.83875,0.83875,0.8677499999999999,-0.011124999999999996,0.06393712500000008,True,13.745926173565026,True,True,outside_p10_p90|large_residual
e786e60f-a0f1-4955-aa57-f22ba39c7427,2025-10-04 00:00:00+00:00,2025-10-04 16:00:00+00:00,17,1.702,0.85425,0.85425,0.85425,0.84775,-0.015625,0.06912622500000004,True,12.489832910736837,True,True,outside_p10_p90|large_residual
e786e60f-a0f1-4955-aa57-f22ba39c7427,2025-10-04 00:00:00+00:00,2025-10-04 17:00:00+00:00,18,1.714,0.873,0.873,0.873,0.841,-0.01899999999999999,0.06838492500000008,True,12.575871070999916,True,True,outside_p10_p90|large_residual
e786e60f-a0f1-4955-aa57-f22ba39c7427,2025-10-04 00:00:00+00:00,2025-10-04 18:00:00+00:00,19,1.6929999999999998,0.8995000000000001,0.8995000000000001,0.8995000000000001,0.7934999999999998,-0.01924999999999996,0.07116480000000006,True,11.420674265929211,True,True,outside_p10_p90|large_residual
e786e60f-a0f1-4955-aa57-f22ba39c7427,2025-10-04 00:00:00+00:00,2025-10-04 19:00:00+00:00,20,1.654,0.93525,0.93525,0.93525,0.7187499999999999,-0.016625000000000056,0.07135012499999996,True,10.306569189612496,True,True,outside_p10_p90|large_residual
e786e60f-a0f1-4955-aa57-f22ba39c7427,2025-10-04 00:00:00+00:00,2025-10-04 20:00:00+00:00,21,1.603,1.04925,1.04925,1.04925,0.55375,-0.015000000000000013,0.07023817499999992,True,8.097448431711113,True,True,outside_p10_p90|large_residual
e786e60f-a0f1-4955-aa57-f22ba39c7427,2025-10-04 00:00:00+00:00,2025-10-04 21:00:00+00:00,22,1.5532500000000002,1.34075,1.34075,1.34075,0.21250000000000013,-0.011624999999999996,0.07301805000000001,True,3.0694465272627807,False,True,outside_p10_p90
e786e60f-a0f1-4955-aa57-f22ba39c7427,2025-10-04 00:00:00+00:00,2025-10-04 22:00:00+00:00,23,1.5134999999999998,1.602,1.602,1.602,-0.08850000000000025,-0.015999999999999986,0.08228429999999987,True,0.8810915326496109,False,True,outside_p10_p90
e786e60f-a0f1-4955-aa57-f22ba39c7427,2025-10-04 00:00:00+00:00,2025-10-04 23:00:00+00:00,24,1.47225,1.7614999999999998,1.7614999999999998,1.7614999999999998,-0.2892499999999998,-0.01650000000000007,0.06319582500000007,True,4.315949669143483,True,True,outside_p10_p90|large_residual
e786e60f-a0f1-4955-aa57-f22ba39c7427,2025-10-05 00:00:00+00:00,2025-10-05 00:00:00+00:00,1,1.43375,1.98425,1.98425,1.98425,-0.5505,-0.012249999999999983,0.069126225,True,7.786480456585037,True,True,outside_p10_p90|large_residual
e786e60f-a0f1-4955-aa57-f22ba39c7427,2025-10-05 00:00:00+00:00,2025-10-05 01:00:00+00:00,2,1.39975,2.33025,2.33025,2.33025,-0.9304999999999999,-0.010875000000000051,0.0696821999999998,True,13.197416269865222,True,True,outside_p10_p90|large_residual
e786e60f-a0f1-4955-aa57-f22ba39c7427,2025-10-05 00:00:00+00:00,2025-10-05 02:00:00+00:00,3,1.3635000000000002,2.4705,2.4705,2.4705,-1.1069999999999998,-0.01112499999999994,0.06912622499999992,True,15.853245277027659,True,True,outside_p10_p90|large_residual
e786e60f-a0f1-4955-aa57-f22ba39c7427,2025-10-05 00:00:00+00:00,2025-10-05 03:00:00+00:00,4,1.33175,2.46625,2.46625,2.46625,-1.1345,-0.014750000000000069,0.06041594999999993,True,18.53401295518818,True,True,outside_p10_p90|large_residual
e786e60f-a0f1-4955-aa57-f22ba39c7427,2025-10-05 00:00:00+00:00,2025-10-05 04:00:00+00:00,5,1.30225,2.3972499999999997,2.3972499999999997,2.3972499999999997,-1.0949999999999998,-0.015874999999999972,0.060601275000000156,True,17.806968582756667,True,True,outside_p10_p90|large_residual
e786e60f-a0f1-4955-aa57-f22ba39c7427,2025-10-05 00:00:00+00:00,2025-10-05 05:00:00+00:00,6,1.27575,2.33175,2.33175,2.33175,-1.056,-0.0170000000000001,0.07227675000000001,True,14.37530049428066,True,True,outside_p10_p90|large_residual
e786e60f-a0f1-4955-aa57-f22ba39c7427,2025-10-05 00:00:00+00:00,2025-10-05 06:00:00+00:00,7,1.2494999999999998,2.237,2.237,2.237,-0.9875000000000003,-0.017750000000000016,0.080616375,True,12.029193820734314,True,True,outside_p10_p90|large_residual
e786e60f-a0f1-4955-aa57-f22ba39c7427,2025-10-05 00:00:00+00:00,2025-10-05 07:00:00+00:00,8,1.2265,2.1544999999999996,2.1544999999999996,2.1544999999999996,-0.9279999999999997,-0.013000000000000012,0.07746585000000002,True,11.811656362126014,True,True,outside_p10_p90|large_residual
e786e60f-a0f1-4955-aa57-f22ba39c7427,2025-10-05 00:00:00+00:00,2025-10-05 08:00:00+00:00,9,1.203,2.06825,2.06825,2.06825,-0.8652499999999999,-0.01037499999999994,0.0761685749999998,True,11.223460593821038,True,True,outside_p10_p90|large_residual
e786e60f-a0f1-4955-aa57-f22ba39c7427,2025-10-05 00:00:00+00:00,2025-10-05 09:00:00+00:00,10,1.17975,1.9925,1.9925,1.9925,-0.8127499999999999,-0.013500000000000068,0.07968974999999995,True,10.029520735100817,True,True,outside_p10_p90|large_residual
e786e60f-a0f1-4955-aa57-f22ba39c7427,2025-10-05 00:00:00+00:00,2025-10-05 10:00:00+00:00,11,1.16325,1.91025,1.91025,1.91025,-0.7470000000000001,-0.015500000000000014,0.0730180500000001,True,10.018070874256422,True,True,outside_p10_p90|large_residual
e786e60f-a0f1-4955-aa57-f22ba39c7427,2025-10-05 00:00:00+00:00,2025-10-05 11:00:00+00:00,12,1.14525,1.848,1.848,1.848,-0.70275,-0.015625,0.07968974999999999,True,8.622501639169405,True,True,outside_p10_p90|large_residual
e786e60f-a0f1-4955-aa57-f22ba39c7427,2025-10-05 00:00:00+00:00,2025-10-05 12:00:00+00:00,13,1.12825,1.7935,1.7935,1.7935,-0.6652500000000001,-0.013999999999999985,0.08302559999999995,True,7.843966198377374,True,True,outside_p10_p90|large_residual
e786e60f-a0f1-4955-aa57-f22ba39c7427,2025-10-05 00:00:00+00:00,2025-10-05 13:00:00+00:00,14,1.1105,1.7525,1.7525,1.7525,-0.6419999999999999,-0.014375000000000027,0.07301805000000014,True,8.595477419624308,True,True,outside_p10_p90|large_residual
e786e60f-a0f1-4955-aa57-f22ba39c7427,2025-10-05 00:00:00+00:00,2025-10-05 14:00:00+00:00,15,1.09475,1.7235,1.7235,1.7235,-0.6287500000000001,-0.010124999999999995,0.06245452500000003,True,9.905207028634033,True,True,outside_p10_p90|large_residual
e786e60f-a0f1-4955-aa57-f22ba39c7427,2025-10-05 00:00:00+00:00,2025-10-05 15:00:00+00:00,16,1.08125,1.7065,1.7065,1.7065,-0.6252499999999999,-0.011124999999999996,0.06393712500000008,True,9.605139424082628,True,True,outside_p10_p90|large_residual
e786e60f-a0f1-4955-aa57-f22ba39c7427,2025-10-05 00:00:00+00:00,2025-10-05 16:00:00+00:00,17,1.067,1.702,1.702,1.702,-0.635,-0.015625,0.06912622500000004,True,8.960058212349939,True,True,outside_p10_p90|large_residual
e786e60f-a0f1-4955-aa57-f22ba39c7427,2025-10-05 00:00:00+00:00,2025-10-05 17:00:00+00:00,18,1.05325,1.714,1.714,1.714,-0.66075,-0.01899999999999999,0.06838492500000008,True,9.384378209086274,True,True,outside_p10_p90|large_residual
e786e60f-a0f1-4955-aa57-f22ba39c7427,2025-10-05 00:00:00+00:00,2025-10-05 18:00:00+00:00,19,1.04125,1.6929999999999998,1.6929999999999998,1.6929999999999998,-0.6517499999999998,-0.01924999999999996,0.07116480000000006,True,8.887820945186375,True,True,outside_p10_p90|large_residual
e786e60f-a0f1-4955-aa57-f22ba39c7427,2025-10-05 00:00:00+00:00,2025-10-05 19:00:00+00:00,20,1.02775,1.654,1.654,1.654,-0.62625,-0.016625000000000056,0.07135012499999996,True,8.544133594720405,True,True,outside_p10_p90|large_residual
e786e60f-a0f1-4955-aa57-f22ba39c7427,2025-10-05 00:00:00+00:00,2025-10-05 20:00:00+00:00,21,1.0165,1.603,1.603,1.603,-0.5865,-0.015000000000000013,0.07023817499999992,True,8.136600929622682,True,True,outside_p10_p90|large_residual
e786e60f-a0f1-4955-aa57-f22ba39c7427,2025-10-05 00:00:00+00:00,2025-10-05 21:00:00+00:00,22,1.0047499999999998,1.5532500000000002,1.5532500000000002,1.5532500000000002,-0.5485000000000004,-0.011624999999999996,0.07301805000000001,True,7.352634040487254,True,True,outside_p10_p90|large_residual
e786e60f-a0f1-4955-aa57-f22ba39c7427,2025-10-05 00:00:00+00:00,2025-10-05 22:00:00+00:00,23,0.99275,1.5134999999999998,1.5134999999999998,1.5134999999999998,-0.5207499999999998,-0.015999999999999986,0.08228429999999987,True,6.134220015239853,True,True,outside_p10_p90|large_residual
e786e60f-a0f1-4955-aa57-f22ba39c7427,2025-10-05 00:00:00+00:00,2025-10-05 23:00:00+00:00,24,0.98275,1.47225,1.47225,1.47225,-0.48950000000000005,-0.01650000000000007,0.06319582500000007,True,7.484671653546725,True,True,outside_p10_p90|large_residual
e786e60f-a0f1-4955-aa57-f22ba39c7427,2025-10-06 00:00:00+00:00,2025-10-06 00:00:00+00:00,1,0.972,1.43375,1.43375,1.43375,-0.4617500000000001,-0.012249999999999983,0.069126225,True,6.5025972414955415,True,True,outside_p10_p90|large_residual
e786e60f-a0f1-4955-aa57-f22ba39c7427,2025-10-06 00:00:00+00:00,2025-10-06 01:00:00+00:00,2,0.96375,1.39975,1.39975,1.39975,-0.43600000000000005,-0.010875000000000051,0.0696821999999998,True,6.100912428138049,True,True,outside_p10_p90|large_residual
e786e60f-a0f1-4955-aa57-f22ba39c7427,2025-10-06 00:00:00+00:00,2025-10-06 02:00:00+00:00,3,0.9535,1.3635000000000002,1.3635000000000002,1.3635000000000002,-0.41000000000000014,-0.01112499999999994,0.06912622499999992,True,5.770241323029005,True,True,outside_p10_p90|large_residual
e786e60f-a0f1-4955-aa57-f22ba39c7427,2025-10-06 00:00:00+00:00,2025-10-06 03:00:00+00:00,4,0.94525,1.33175,1.33175,1.33175,-0.38649999999999995,-0.014750000000000069,0.06041594999999993,True,6.153176437679129,True,True,outside_p10_p90|large_residual
e786e60f-a0f1-4955-aa57-f22ba39c7427,2025-10-06 00:00:00+00:00,2025-10-06 04:00:00+00:00,5,0.93675,1.30225,1.30225,1.30225,-0.36549999999999994,-0.015874999999999972,0.060601275000000156,True,5.769268055828843,True,True,outside_p10_p90|large_residual
e786e60f-a0f1-4955-aa57-f22ba39c7427,2025-10-06 00:00:00+00:00,2025-10-06 05:00:00+00:00,6,0.9300000000000002,1.27575,1.27575,1.27575,-0.3457499999999998,-0.0170000000000001,0.07227675000000001,True,4.5484889677524185,True,True,outside_p10_p90|large_residual
e786e60f-a0f1-4955-aa57-f22ba39c7427,2025-10-06 00:00:00+00:00,2025-10-06 06:00:00+00:00,7,0.924,1.2494999999999998,1.2494999999999998,1.2494999999999998,-0.3254999999999998,-0.017750000000000016,0.080616375,True,3.8174626432905194,True,True,outside_p10_p90|large_residual
e786e60f-a0f1-4955-aa57-f22ba39c7427,2025-10-06 00:00:00+00:00,2025-10-06 07:00:00+00:00,8,0.9175,1.2265,1.2265,1.2265,-0.30899999999999994,-0.013000000000000012,0.07746585000000002,True,3.8210385608626236,True,True,outside_p10_p90|large_residual
e786e60f-a0f1-4955-aa57-f22ba39c7427,2025-10-06 00:00:00+00:00,2025-10-06 08:00:00+00:00,9,0.911,1.203,1.203,1.203,-0.29200000000000004,-0.01037499999999994,0.0761685749999998,True,3.697390951583391,True,True,outside_p10_p90|large_residual
e786e60f-a0f1-4955-aa57-f22ba39c7427,2025-10-06 00:00:00+00:00,2025-10-06 09:00:00+00:00,10,0.906,1.17975,1.17975,1.17975,-0.27375000000000005,-0.013500000000000068,0.07968974999999995,True,3.265790142395981,False,True,outside_p10_p90
e786e60f-a0f1-4955-aa57-f22ba39c7427,2025-10-06 00:00:00+00:00,2025-10-06 10:00:00+00:00,11,0.90075,1.16325,1.16325,1.16325,-0.26249999999999984,-0.015500000000000014,0.0730180500000001,True,3.382725230268399,False,True,outside_p10_p90
e786e60f-a0f1-4955-aa57-f22ba39c7427,2025-10-06 00:00:00+00:00,2025-10-06 11:00:00+00:00,12,0.89625,1.14525,1.14525,1.14525,-0.2490000000000001,-0.015625,0.07968974999999999,True,2.9285447626576837,False,True,outside_p10_p90
e786e60f-a0f1-4955-aa57-f22ba39c7427,2025-10-06 00:00:00+00:00,2025-10-06 12:00:00+00:00,13,0.89,1.12825,1.12825,1.12825,-0.23824999999999996,-0.013999999999999985,0.08302559999999995,True,2.7009741573683312,False,True,outside_p10_p90
e786e60f-a0f1-4955-aa57-f22ba39c7427,2025-10-06 00:00:00+00:00,2025-10-06 13:00:00+00:00,14,0.87225,1.1105,1.1105,1.1105,-0.23825000000000007,-0.014375000000000027,0.07301805000000014,True,3.066022716300964,False,True,outside_p10_p90
e786e60f-a0f1-4955-aa57-f22ba39c7427,2025-10-06 00:00:00+00:00,2025-10-06 14:00:00+00:00,15,0.8627499999999999,1.09475,1.09475,1.09475,-0.23199999999999998,-0.010124999999999995,0.06245452500000003,True,3.552584860744676,True,True,outside_p10_p90|large_residual
e786e60f-a0f1-4955-aa57-f22ba39c7427,2025-10-06 00:00:00+00:00,2025-10-06 15:00:00+00:00,16,0.8585,1.08125,1.08125,1.08125,-0.22275,-0.011124999999999996,0.06393712500000008,True,3.309892335634418,False,True,outside_p10_p90
e786e60f-a0f1-4955-aa57-f22ba39c7427,2025-10-06 00:00:00+00:00,2025-10-06 16:00:00+00:00,17,0.8555,1.067,1.067,1.067,-0.2114999999999999,-0.015625,0.06912622500000004,True,2.833584504289071,False,True,outside_p10_p90
e786e60f-a0f1-4955-aa57-f22ba39c7427,2025-10-06 00:00:00+00:00,2025-10-06 17:00:00+00:00,18,0.8555,1.05325,1.05325,1.05325,-0.19774999999999998,-0.01899999999999999,0.06838492500000008,True,2.613880179001436,False,True,outside_p10_p90
e786e60f-a0f1-4955-aa57-f22ba39c7427,2025-10-06 00:00:00+00:00,2025-10-06 18:00:00+00:00,19,0.85725,1.04125,1.04125,1.04125,-0.18400000000000005,-0.01924999999999996,0.07116480000000006,True,2.315049012995188,False,True,outside_p10_p90
e786e60f-a0f1-4955-aa57-f22ba39c7427,2025-10-06 00:00:00+00:00,2025-10-06 19:00:00+00:00,20,0.8620000000000001,1.02775,1.02775,1.02775,-0.16574999999999984,-0.016625000000000056,0.07135012499999996,True,2.090045392352149,False,True,outside_p10_p90
e786e60f-a0f1-4955-aa57-f22ba39c7427,2025-10-06 00:00:00+00:00,2025-10-06 20:00:00+00:00,21,0.866,1.0165,1.0165,1.0165,-0.15049999999999997,-0.015000000000000013,0.07023817499999992,True,1.9291503516428226,False,True,outside_p10_p90
e786e60f-a0f1-4955-aa57-f22ba39c7427,2025-10-06 00:00:00+00:00,2025-10-06 21:00:00+00:00,22,0.8687499999999999,1.0047499999999998,1.0047499999999998,1.0047499999999998,-0.1359999999999999,-0.011624999999999996,0.07301805000000001,True,1.7033459535005369,False,True,outside_p10_p90
e786e60f-a0f1-4955-aa57-f22ba39c7427,2025-10-06 00:00:00+00:00,2025-10-06 22:00:00+00:00,23,0.8655,0.99275,0.99275,0.99275,-0.12724999999999997,-0.015999999999999986,0.08228429999999987,True,1.3520197656175015,False,True,outside_p10_p90
e786e60f-a0f1-4955-aa57-f22ba39c7427,2025-10-06 00:00:00+00:00,2025-10-06 23:00:00+00:00,24,0.86575,0.98275,0.98275,0.98275,-0.11699999999999999,-0.01650000000000007,0.06319582500000007,True,1.5902949285019987,False,True,outside_p10_p90
e786e60f-a0f1-4955-aa57-f22ba39c7427,2025-10-07 00:00:00+00:00,2025-10-07 00:00:00+00:00,1,0.8632500000000001,0.972,0.972,0.972,-0.1087499999999999,-0.012249999999999983,0.069126225,True,1.3959969606325229,False,True,outside_p10_p90
e786e60f-a0f1-4955-aa57-f22ba39c7427,2025-10-07 00:00:00+00:00,2025-10-07 01:00:00+00:00,2,0.8614999999999999,0.96375,0.96375,0.96375,-0.10225000000000006,-0.010875000000000051,0.0696821999999998,True,1.3113104924930652,False,True,outside_p10_p90
e786e60f-a0f1-4955-aa57-f22ba39c7427,2025-10-07 00:00:00+00:00,2025-10-07 02:00:00+00:00,3,0.86175,0.9535,0.9535,0.9535,-0.09175,-0.01112499999999994,0.06912622499999992,True,1.1663446108911655,False,True,outside_p10_p90
e786e60f-a0f1-4955-aa57-f22ba39c7427,2025-10-07 00:00:00+00:00,2025-10-07 03:00:00+00:00,4,0.85875,0.94525,0.94525,0.94525,-0.08650000000000002,-0.014750000000000069,0.06041594999999993,True,1.1876002942931467,False,True,outside_p10_p90
e786e60f-a0f1-4955-aa57-f22ba39c7427,2025-10-07 00:00:00+00:00,2025-10-07 04:00:00+00:00,5,0.8562500000000001,0.93675,0.93675,0.93675,-0.0804999999999999,-0.015874999999999972,0.060601275000000156,True,1.0663967053498424,False,True,outside_p10_p90
e786e60f-a0f1-4955-aa57-f22ba39c7427,2025-10-07 00:00:00+00:00,2025-10-07 05:00:00+00:00,6,0.85675,0.9300000000000002,0.9300000000000002,0.9300000000000002,-0.07325000000000015,-0.0170000000000001,0.07227675000000001,True,0.7782585686268411,False,True,outside_p10_p90
e786e60f-a0f1-4955-aa57-f22ba39c7427,2025-10-07 00:00:00+00:00,2025-10-07 06:00:00+00:00,7,0.855,0.924,0.924,0.924,-0.06900000000000006,-0.017750000000000016,0.080616375,True,0.6357269227250673,False,True,outside_p10_p90
e786e60f-a0f1-4955-aa57-f22ba39c7427,2025-10-07 00:00:00+00:00,2025-10-07 07:00:00+00:00,8,0.855,0.9175,0.9175,0.9175,-0.0625,-0.013000000000000012,0.07746585000000002,True,0.6389912458199319,False,True,outside_p10_p90
e786e60f-a0f1-4955-aa57-f22ba39c7427,2025-10-07 00:00:00+00:00,2025-10-07 08:00:00+00:00,9,0.85325,0.911,0.911,0.911,-0.05775000000000008,-0.01037499999999994,0.0761685749999998,True,0.6219756638482506,False,True,outside_p10_p90
e786e60f-a0f1-4955-aa57-f22ba39c7427,2025-10-07 00:00:00+00:00,2025-10-07 09:00:00+00:00,10,0.8512500000000001,0.906,0.906,0.906,-0.054749999999999965,-0.013500000000000068,0.07968974999999995,True,0.5176324433192465,False,True,outside_p10_p90
e786e60f-a0f1-4955-aa57-f22ba39c7427,2025-10-07 00:00:00+00:00,2025-10-07 10:00:00+00:00,11,0.84975,0.90075,0.90075,0.90075,-0.051000000000000045,-0.015500000000000014,0.0730180500000001,True,0.4861811565770379,False,True,outside_p10_p90
e786e60f-a0f1-4955-aa57-f22ba39c7427,2025-10-07 00:00:00+00:00,2025-10-07 11:00:00+00:00,12,0.8480000000000001,0.89625,0.89625,0.89625,-0.048249999999999904,-0.015625,0.07968974999999999,True,0.4094002051706764,False,True,outside_p10_p90
e786e60f-a0f1-4955-aa57-f22ba39c7427,2025-10-07 00:00:00+00:00,2025-10-07 12:00:00+00:00,13,0.8455,0.89,0.89,0.89,-0.044499999999999984,-0.013999999999999985,0.08302559999999995,True,0.3673565743577887,False,True,outside_p10_p90
e786e60f-a0f1-4955-aa57-f22ba39c7427,2025-10-07 00:00:00+00:00,2025-10-07 13:00:00+00:00,14,0.8412499999999999,0.87225,0.87225,0.87225,-0.031000000000000028,-0.014375000000000027,0.07301805000000014,True,0.22768342896037308,False,True,outside_p10_p90
e786e60f-a0f1-4955-aa57-f22ba39c7427,2025-10-07 00:00:00+00:00,2025-10-07 14:00:00+00:00,15,0.8387499999999999,0.8627499999999999,0.8627499999999999,0.8627499999999999,-0.02400000000000002,-0.010124999999999995,0.06245452500000003,True,0.22216164481276607,False,True,outside_p10_p90
e786e60f-a0f1-4955-aa57-f22ba39c7427,2025-10-07 00:00:00+00:00,2025-10-07 15:00:00+00:00,16,0.8374999999999999,0.8585,0.8585,0.8585,-0.02100000000000013,-0.011124999999999996,0.06393712500000008,True,0.15444860869174398,False,True,outside_p10_p90
e786e60f-a0f1-4955-aa57-f22ba39c7427,2025-10-07 00:00:00+00:00,2025-10-07 16:00:00+00:00,17,0.8347499999999999,0.8555,0.8555,0.8555,-0.020750000000000157,-0.015625,0.06912622500000004,True,0.07413973495587463,False,True,outside_p10_p90
e786e60f-a0f1-4955-aa57-f22ba39c7427,2025-10-07 00:00:00+00:00,2025-10-07 17:00:00+00:00,18,0.83175,0.8555,0.8555,0.8555,-0.02375000000000005,-0.01899999999999999,0.06838492500000008,True,0.06945975300843064,False,True,outside_p10_p90
e786e60f-a0f1-4955-aa57-f22ba39c7427,2025-10-07 00:00:00+00:00,2025-10-07 18:00:00+00:00,19,0.8234999999999999,0.85725,0.85725,0.85725,-0.03375000000000006,-0.01924999999999996,0.07116480000000006,True,0.20375241692522264,False,True,outside_p10_p90
e786e60f-a0f1-4955-aa57-f22ba39c7427,2025-10-07 00:00:00+00:00,2025-10-07 19:00:00+00:00,20,0.8077500000000001,0.8620000000000001,0.8620000000000001,0.8620000000000001,-0.05425000000000002,-0.016625000000000056,0.07135012499999996,True,0.5273291392271561,False,True,outside_p10_p90
e786e60f-a0f1-4955-aa57-f22ba39c7427,2025-10-07 00:00:00+00:00,2025-10-07 20:00:00+00:00,21,0.80025,0.866,0.866,0.866,-0.06574999999999998,-0.015000000000000013,0.07023817499999992,True,0.7225415523680679,False,True,outside_p10_p90
e786e60f-a0f1-4955-aa57-f22ba39c7427,2025-10-07 00:00:00+00:00,2025-10-07 21:00:00+00:00,22,0.8065000000000001,0.8687499999999999,0.8687499999999999,0.8687499999999999,-0.062249999999999805,-0.011624999999999996,0.07301805000000001,True,0.6933217197665481,False,True,outside_p10_p90
e786e60f-a0f1-4955-aa57-f22ba39c7427,2025-10-07 00:00:00+00:00,2025-10-07 22:00:00+00:00,23,0.80125,0.8655,0.8655,0.8655,-0.06425000000000003,-0.015999999999999986,0.08228429999999987,True,0.586381606211636,False,True,outside_p10_p90
e786e60f-a0f1-4955-aa57-f22ba39c7427,2025-10-07 00:00:00+00:00,2025-10-07 23:00:00+00:00,24,0.7977500000000002,0.86575,0.86575,0.86575,-0.06799999999999984,-0.01650000000000007,0.06319582500000007,True,0.8149272519189316,False,True,outside_p10_p90
e786e60f-a0f1-4955-aa57-f22ba39c7427,2025-10-08 00:00:00+00:00,2025-10-08 00:00:00+00:00,1,0.795,0.8632500000000001,0.8632500000000001,0.8632500000000001,-0.06825000000000003,-0.012249999999999983,0.069126225,True,0.8101122258592893,False,True,outside_p10_p90
e786e60f-a0f1-4955-aa57-f22ba39c7427,2025-10-08 00:00:00+00:00,2025-10-08 01:00:00+00:00,2,0.7927500000000001,0.8614999999999999,0.8614999999999999,0.8614999999999999,-0.06874999999999987,-0.010875000000000051,0.0696821999999998,True,0.8305564405257007,False,True,outside_p10_p90
e786e60f-a0f1-4955-aa57-f22ba39c7427,2025-10-08 00:00:00+00:00,2025-10-08 02:00:00+00:00,3,0.792,0.86175,0.86175,0.86175,-0.06974999999999998,-0.01112499999999994,0.06912622499999992,True,0.8480862364464443,False,True,outside_p10_p90
e786e60f-a0f1-4955-aa57-f22ba39c7427,2025-10-08 00:00:00+00:00,2025-10-08 03:00:00+00:00,4,0.79025,0.85875,0.85875,0.85875,-0.0685,-0.014750000000000069,0.06041594999999993,True,0.8896657256899875,False,True,outside_p10_p90
e786e60f-a0f1-4955-aa57-f22ba39c7427,2025-10-08 00:00:00+00:00,2025-10-08 04:00:00+00:00,5,0.77025,0.8562500000000001,0.8562500000000001,0.8562500000000001,-0.08600000000000008,-0.015874999999999972,0.060601275000000156,True,1.1571538717625978,False,True,outside_p10_p90
e786e60f-a0f1-4955-aa57-f22ba39c7427,2025-10-08 00:00:00+00:00,2025-10-08 05:00:00+00:00,6,0.7655000000000001,0.85675,0.85675,0.85675,-0.09124999999999994,-0.0170000000000001,0.07227675000000001,True,1.0273013105874271,False,True,outside_p10_p90
e786e60f-a0f1-4955-aa57-f22ba39c7427,2025-10-08 00:00:00+00:00,2025-10-08 06:00:00+00:00,7,0.7685000000000001,0.855,0.855,0.855,-0.08649999999999991,-0.017750000000000016,0.080616375,True,0.8528044085336247,False,True,outside_p10_p90
e786e60f-a0f1-4955-aa57-f22ba39c7427,2025-10-08 00:00:00+00:00,2025-10-08 07:00:00+00:00,8,0.77625,0.855,0.855,0.855,-0.07874999999999999,-0.013000000000000012,0.07746585000000002,True,0.8487610992456671,False,True,outside_p10_p90
e786e60f-a0f1-4955-aa57-f22ba39c7427,2025-10-08 00:00:00+00:00,2025-10-08 08:00:00+00:00,9,0.8017500000000001,0.85325,0.85325,0.85325,-0.05149999999999988,-0.01037499999999994,0.0761685749999998,True,0.5399208269289539,False,True,outside_p10_p90
e786e60f-a0f1-4955-aa57-f22ba39c7427,2025-10-08 00:00:00+00:00,2025-10-08 09:00:00+00:00,10,0.8105,0.8512500000000001,0.8512500000000001,0.8512500000000001,-0.040750000000000064,-0.013500000000000068,0.07968974999999995,True,0.3419511292230182,False,True,outside_p10_p90
e786e60f-a0f1-4955-aa57-f22ba39c7427,2025-10-08 00:00:00+00:00,2025-10-08 10:00:00+00:00,11,0.8142499999999999,0.84975,0.84975,0.84975,-0.03550000000000009,-0.015500000000000014,0.0730180500000001,True,0.27390487694481086,False,True,outside_p10_p90
e786e60f-a0f1-4955-aa57-f22ba39c7427,2025-10-08 00:00:00+00:00,2025-10-08 11:00:00+00:00,12,0.817,0.8480000000000001,0.8480000000000001,0.8480000000000001,-0.03100000000000014,-0.015625,0.07968974999999999,True,0.19293572887353946,False,True,outside_p10_p90
e786e60f-a0f1-4955-aa57-f22ba39c7427,2025-10-08 00:00:00+00:00,2025-10-08 12:00:00+00:00,13,0.8187499999999999,0.8455,0.8455,0.8455,-0.026750000000000163,-0.013999999999999985,0.08302559999999995,True,0.1535670925594056,False,True,outside_p10_p90
e786e60f-a0f1-4955-aa57-f22ba39c7427,2025-10-08 00:00:00+00:00,2025-10-08 13:00:00+00:00,14,0.8180000000000001,0.8412499999999999,0.8412499999999999,0.8412499999999999,-0.023249999999999882,-0.014375000000000027,0.07301805000000014,True,0.12154528914425732,False,True,outside_p10_p90
e786e60f-a0f1-4955-aa57-f22ba39c7427,2025-10-08 00:00:00+00:00,2025-10-08 14:00:00+00:00,15,0.818,0.8387499999999999,0.8387499999999999,0.8387499999999999,-0.020749999999999935,-0.010124999999999995,0.06245452500000003,True,0.1701237820638286,False,True,outside_p10_p90
e786e60f-a0f1-4955-aa57-f22ba39c7427,2025-10-08 00:00:00+00:00,2025-10-08 15:00:00+00:00,16,0.8082499999999999,0.8374999999999999,0.8374999999999999,0.8374999999999999,-0.029249999999999998,-0.011124999999999996,0.06393712500000008,True,0.2834816235481339,False,True,outside_p10_p90
e786e60f-a0f1-4955-aa57-f22ba39c7427,2025-10-08 00:00:00+00:00,2025-10-08 16:00:00+00:00,17,0.79225,0.8347499999999999,0.8347499999999999,0.8347499999999999,-0.04249999999999987,-0.015625,0.06912622500000004,True,0.388781536963719,False,True,outside_p10_p90
e786e60f-a0f1-4955-aa57-f22ba39c7427,2025-10-08 00:00:00+00:00,2025-10-08 17:00:00+00:00,18,0.7897500000000001,0.83175,0.83175,0.83175,-0.041999999999999926,-0.01899999999999999,0.06838492500000008,True,0.3363314356197643,False,True,outside_p10_p90
e786e60f-a0f1-4955-aa57-f22ba39c7427,2025-10-08 00:00:00+00:00,2025-10-08 18:00:00+00:00,19,0.7875,0.8234999999999999,0.8234999999999999,0.8234999999999999,-0.03599999999999992,-0.01924999999999996,0.07116480000000006,True,0.2353691712756861,False,True,outside_p10_p90
e786e60f-a0f1-4955-aa57-f22ba39c7427,2025-10-08 00:00:00+00:00,2025-10-08 19:00:00+00:00,20,0.793,0.8077500000000001,0.8077500000000001,0.8077500000000001,-0.01475000000000004,-0.016625000000000056,0.07135012499999996,True,0.026278860758828616,False,True,outside_p10_p90
e786e60f-a0f1-4955-aa57-f22ba39c7427,2025-10-08 00:00:00+00:00,2025-10-08 20:00:00+00:00,21,0.80825,0.80025,0.80025,0.80025,0.008000000000000007,-0.015000000000000013,0.07023817499999992,True,0.3274572552604057,False,True,outside_p10_p90
e786e60f-a0f1-4955-aa57-f22ba39c7427,2025-10-08 00:00:00+00:00,2025-10-08 21:00:00+00:00,22,0.808,0.8065000000000001,0.8065000000000001,0.8065000000000001,0.0014999999999999458,-0.011624999999999996,0.07301805000000001,True,0.1797500754950309,False,True,outside_p10_p90
e786e60f-a0f1-4955-aa57-f22ba39c7427,2025-10-08 00:00:00+00:00,2025-10-08 22:00:00+00:00,23,0.8047500000000001,0.80125,0.80125,0.80125,0.0035000000000000586,-0.015999999999999986,0.08228429999999987,True,0.23698323981610195,False,True,outside_p10_p90
e786e60f-a0f1-4955-aa57-f22ba39c7427,2025-10-08 00:00:00+00:00,2025-10-08 23:00:00+00:00,24,0.80125,0.7977500000000002,0.7977500000000002,0.7977500000000002,0.0034999999999998366,-0.01650000000000007,0.06319582500000007,True,0.31647660268696365,False,True,outside_p10_p90
e786e60f-a0f1-4955-aa57-f22ba39c7427,2025-10-09 00:00:00+00:00,2025-10-09 00:00:00+00:00,1,0.7975000000000001,0.795,0.795,0.795,0.0025000000000000577,-0.012249999999999983,0.069126225,True,0.2133777737754382,False,True,outside_p10_p90
e786e60f-a0f1-4955-aa57-f22ba39c7427,2025-10-09 00:00:00+00:00,2025-10-09 01:00:00+00:00,2,0.794,0.7927500000000001,0.7927500000000001,0.7927500000000001,0.0012499999999999734,-0.010875000000000051,0.0696821999999998,True,0.1740042650777395,False,True,outside_p10_p90
e786e60f-a0f1-4955-aa57-f22ba39c7427,2025-10-09 00:00:00+00:00,2025-10-09 02:00:00+00:00,3,0.7907500000000001,0.792,0.792,0.792,-0.0012499999999999734,-0.01112499999999994,0.06912622499999992,True,0.14285461125643675,False,True,outside_p10_p90
e786e60f-a0f1-4955-aa57-f22ba39c7427,2025-10-09 00:00:00+00:00,2025-10-09 03:00:00+00:00,4,0.7685,0.79025,0.79025,0.79025,-0.021750000000000047,-0.014750000000000069,0.06041594999999993,True,0.11586344334567257,False,True,outside_p10_p90
e786e60f-a0f1-4955-aa57-f22ba39c7427,2025-10-09 00:00:00+00:00,2025-10-09 04:00:00+00:00,5,0.75875,0.77025,0.77025,0.77025,-0.011499999999999955,-0.015874999999999972,0.060601275000000156,True,0.07219320055559898,False,True,outside_p10_p90
e786e60f-a0f1-4955-aa57-f22ba39c7427,2025-10-09 00:00:00+00:00,2025-10-09 05:00:00+00:00,6,0.755,0.7655000000000001,0.7655000000000001,0.7655000000000001,-0.010500000000000065,-0.0170000000000001,0.07227675000000001,True,0.08993210126354646,False,True,outside_p10_p90
e786e60f-a0f1-4955-aa57-f22ba39c7427,2025-10-09 00:00:00+00:00,2025-10-09 06:00:00+00:00,7,0.7545000000000001,0.7685000000000001,0.7685000000000001,0.7685000000000001,-0.014000000000000012,-0.017750000000000016,0.080616375,True,0.04651660410183419,False,True,outside_p10_p90
e786e60f-a0f1-4955-aa57-f22ba39c7427,2025-10-09 00:00:00+00:00,2025-10-09 07:00:00+00:00,8,0.7715000000000001,0.77625,0.77625,0.77625,-0.004749999999999921,-0.013000000000000012,0.07746585000000002,True,0.10649854096998985,False,True,outside_p10_p90
e786e60f-a0f1-4955-aa57-f22ba39c7427,2025-10-09 00:00:00+00:00,2025-10-09 08:00:00+00:00,9,0.77425,0.8017500000000001,0.8017500000000001,0.8017500000000001,-0.02750000000000008,-0.01037499999999994,0.0761685749999998,True,0.2248302531588675,False,True,outside_p10_p90
e786e60f-a0f1-4955-aa57-f22ba39c7427,2025-10-09 00:00:00+00:00,2025-10-09 09:00:00+00:00,10,0.77275,0.8105,0.8105,0.8105,-0.03774999999999995,-0.013500000000000068,0.07968974999999995,True,0.3043051333452533,False,True,outside_p10_p90
e786e60f-a0f1-4955-aa57-f22ba39c7427,2025-10-09 00:00:00+00:00,2025-10-09 10:00:00+00:00,11,0.76975,0.8142499999999999,0.8142499999999999,0.8142499999999999,-0.04449999999999987,-0.015500000000000014,0.0730180500000001,True,0.39716207156997235,False,True,outside_p10_p90
e786e60f-a0f1-4955-aa57-f22ba39c7427,2025-10-09 00:00:00+00:00,2025-10-09 11:00:00+00:00,12,0.7702500000000001,0.817,0.817,0.817,-0.04674999999999985,-0.015625,0.07968974999999999,True,0.39057720723179395,False,True,outside_p10_p90
e786e60f-a0f1-4955-aa57-f22ba39c7427,2025-10-09 00:00:00+00:00,2025-10-09 12:00:00+00:00,13,0.7667499999999999,0.8187499999999999,0.8187499999999999,0.8187499999999999,-0.051999999999999935,-0.013999999999999985,0.08302559999999995,True,0.4576901582162607,False,True,outside_p10_p90
e786e60f-a0f1-4955-aa57-f22ba39c7427,2025-10-09 00:00:00+00:00,2025-10-09 13:00:00+00:00,14,0.765,0.8180000000000001,0.8180000000000001,0.8180000000000001,-0.05300000000000005,-0.014375000000000027,0.07301805000000014,True,0.528978793599664,False,True,outside_p10_p90
e786e60f-a0f1-4955-aa57-f22ba39c7427,2025-10-09 00:00:00+00:00,2025-10-09 14:00:00+00:00,15,0.752,0.818,0.818,0.818,-0.06599999999999995,-0.010124999999999995,0.06245452500000003,True,0.8946509480297853,False,True,outside_p10_p90
e786e60f-a0f1-4955-aa57-f22ba39c7427,2025-10-09 00:00:00+00:00,2025-10-09 15:00:00+00:00,16,0.733,0.8082499999999999,0.8082499999999999,0.8082499999999999,-0.07524999999999993,-0.011124999999999996,0.06393712500000008,True,1.0029384336565002,False,True,outside_p10_p90
e786e60f-a0f1-4955-aa57-f22ba39c7427,2025-10-09 00:00:00+00:00,2025-10-09 16:00:00+00:00,17,0.7295,0.79225,0.79225,0.79225,-0.06274999999999997,-0.015625,0.06912622500000004,True,0.681723904350338,False,True,outside_p10_p90
e786e60f-a0f1-4955-aa57-f22ba39c7427,2025-10-09 00:00:00+00:00,2025-10-09 17:00:00+00:00,18,0.7285,0.7897500000000001,0.7897500000000001,0.7897500000000001,-0.06125000000000003,-0.01899999999999999,0.06838492500000008,True,0.6178262241276127,False,True,outside_p10_p90
e786e60f-a0f1-4955-aa57-f22ba39c7427,2025-10-09 00:00:00+00:00,2025-10-09 18:00:00+00:00,19,0.73825,0.7875,0.7875,0.7875,-0.049250000000000016,-0.01924999999999996,0.07116480000000006,True,0.4215567246728724,False,True,outside_p10_p90
e786e60f-a0f1-4955-aa57-f22ba39c7427,2025-10-09 00:00:00+00:00,2025-10-09 19:00:00+00:00,20,0.74975,0.793,0.793,0.793,-0.04325000000000001,-0.016625000000000056,0.07135012499999996,True,0.37315982277536264,False,True,outside_p10_p90
e786e60f-a0f1-4955-aa57-f22ba39c7427,2025-10-09 00:00:00+00:00,2025-10-09 20:00:00+00:00,21,0.745,0.80825,0.80825,0.80825,-0.06325000000000003,-0.015000000000000013,0.07023817499999992,True,0.6869483724484594,False,True,outside_p10_p90
e786e60f-a0f1-4955-aa57-f22ba39c7427,2025-10-09 00:00:00+00:00,2025-10-09 21:00:00+00:00,22,0.7355,0.808,0.808,0.808,-0.07250000000000001,-0.011624999999999996,0.07301805000000001,True,0.8336979692007661,False,True,outside_p10_p90
e786e60f-a0f1-4955-aa57-f22ba39c7427,2025-10-09 00:00:00+00:00,2025-10-09 22:00:00+00:00,23,0.728,0.8047500000000001,0.8047500000000001,0.8047500000000001,-0.0767500000000001,-0.015999999999999986,0.08228429999999987,True,0.7382939394270864,False,True,outside_p10_p90
e786e60f-a0f1-4955-aa57-f22ba39c7427,2025-10-09 00:00:00+00:00,2025-10-09 23:00:00+00:00,24,0.724,0.80125,0.80125,0.80125,-0.07725000000000004,-0.01650000000000007,0.06319582500000007,True,0.9612976806616561,False,True,outside_p10_p90
e786e60f-a0f1-4955-aa57-f22ba39c7427,2025-10-10 00:00:00+00:00,2025-10-10 00:00:00+00:00,1,0.72125,0.7975000000000001,0.7975000000000001,0.7975000000000001,-0.07625000000000015,-0.012249999999999983,0.069126225,True,0.9258425438391894,False,True,outside_p10_p90
e786e60f-a0f1-4955-aa57-f22ba39c7427,2025-10-10 00:00:00+00:00,2025-10-10 01:00:00+00:00,2,0.70375,0.794,0.794,0.794,-0.09025000000000005,-0.010875000000000051,0.0696821999999998,True,1.1391000858181892,False,True,outside_p10_p90
e786e60f-a0f1-4955-aa57-f22ba39c7427,2025-10-10 00:00:00+00:00,2025-10-10 02:00:00+00:00,3,0.68775,0.7907500000000001,0.7907500000000001,0.7907500000000001,-0.10300000000000009,-0.01112499999999994,0.06912622499999992,True,1.3290903705503991,False,True,outside_p10_p90
e786e60f-a0f1-4955-aa57-f22ba39c7427,2025-10-10 00:00:00+00:00,2025-10-10 03:00:00+00:00,4,0.685,0.7685,0.7685,0.7685,-0.08349999999999991,-0.014750000000000069,0.06041594999999993,True,1.137944532859285,False,True,outside_p10_p90
e786e60f-a0f1-4955-aa57-f22ba39c7427,2025-10-10 00:00:00+00:00,2025-10-10 04:00:00+00:00,5,0.6825,0.75875,0.75875,0.75875,-0.07625000000000004,-0.015874999999999972,0.060601275000000156,True,0.996266167667263,False,True,outside_p10_p90
e786e60f-a0f1-4955-aa57-f22ba39c7427,2025-10-10 00:00:00+00:00,2025-10-10 05:00:00+00:00,6,0.701,0.755,0.755,0.755,-0.05400000000000005,-0.0170000000000001,0.07227675000000001,True,0.5119211918078765,False,True,outside_p10_p90
e786e60f-a0f1-4955-aa57-f22ba39c7427,2025-10-10 00:00:00+00:00,2025-10-10 06:00:00+00:00,7,0.70975,0.7545000000000001,0.7545000000000001,0.7545000000000001,-0.04475000000000007,-0.017750000000000016,0.080616375,True,0.3349195495332065,False,True,outside_p10_p90
e786e60f-a0f1-4955-aa57-f22ba39c7427,2025-10-10 00:00:00+00:00,2025-10-10 07:00:00+00:00,8,0.7085,0.7715000000000001,0.7715000000000001,0.7715000000000001,-0.06300000000000006,-0.013000000000000012,0.07746585000000002,True,0.6454457028484168,False,True,outside_p10_p90
e786e60f-a0f1-4955-aa57-f22ba39c7427,2025-10-10 00:00:00+00:00,2025-10-10 08:00:00+00:00,9,0.706,0.77425,0.77425,0.77425,-0.06825000000000003,-0.01037499999999994,0.0761685749999998,True,0.759827789872664,False,True,outside_p10_p90
e786e60f-a0f1-4955-aa57-f22ba39c7427,2025-10-10 00:00:00+00:00,2025-10-10 09:00:00+00:00,10,0.7055,0.77275,0.77275,0.77275,-0.06725000000000003,-0.013500000000000068,0.07968974999999995,True,0.6744907594765952,False,True,outside_p10_p90
e786e60f-a0f1-4955-aa57-f22ba39c7427,2025-10-10 00:00:00+00:00,2025-10-10 10:00:00+00:00,11,0.7037499999999999,0.76975,0.76975,0.76975,-0.06600000000000017,-0.015500000000000014,0.0730180500000001,True,0.691609814285647,False,True,outside_p10_p90
e786e60f-a0f1-4955-aa57-f22ba39c7427,2025-10-10 00:00:00+00:00,2025-10-10 11:00:00+00:00,12,0.7022499999999999,0.7702500000000001,0.7702500000000001,0.7702500000000001,-0.06800000000000017,-0.015625,0.07968974999999999,True,0.6572363446992892,False,True,outside_p10_p90
e786e60f-a0f1-4955-aa57-f22ba39c7427,2025-10-10 00:00:00+00:00,2025-10-10 12:00:00+00:00,13,0.697,0.7667499999999999,0.7667499999999999,0.7667499999999999,-0.06974999999999998,-0.013999999999999985,0.08302559999999995,True,0.6714796400146464,False,True,outside_p10_p90
e786e60f-a0f1-4955-aa57-f22ba39c7427,2025-10-10 00:00:00+00:00,2025-10-10 13:00:00+00:00,14,0.6725000000000001,0.765,0.765,0.765,-0.09249999999999992,-0.014375000000000027,0.07301805000000014,True,1.0699409255656613,False,True,outside_p10_p90
e786e60f-a0f1-4955-aa57-f22ba39c7427,2025-10-10 00:00:00+00:00,2025-10-10 14:00:00+00:00,15,0.6665,0.752,0.752,0.752,-0.08550000000000002,-0.010124999999999995,0.06245452500000003,True,1.206878124523403,False,True,outside_p10_p90
e786e60f-a0f1-4955-aa57-f22ba39c7427,2025-10-10 00:00:00+00:00,2025-10-10 15:00:00+00:00,16,0.664,0.733,0.733,0.733,-0.06899999999999995,-0.011124999999999996,0.06393712500000008,True,0.9051861496743853,False,True,outside_p10_p90
e786e60f-a0f1-4955-aa57-f22ba39c7427,2025-10-10 00:00:00+00:00,2025-10-10 16:00:00+00:00,17,0.6695000000000001,0.7295,0.7295,0.7295,-0.05999999999999994,-0.015625,0.06912622500000004,True,0.6419416075447475,False,True,outside_p10_p90
e786e60f-a0f1-4955-aa57-f22ba39c7427,2025-10-10 00:00:00+00:00,2025-10-10 17:00:00+00:00,18,0.69,0.7285,0.7285,0.7285,-0.03850000000000009,-0.01899999999999999,0.06838492500000008,True,0.28515056498197633,False,True,outside_p10_p90
e786e60f-a0f1-4955-aa57-f22ba39c7427,2025-10-10 00:00:00+00:00,2025-10-10 18:00:00+00:00,19,0.6917499999999999,0.73825,0.73825,0.73825,-0.0465000000000001,-0.01924999999999996,0.07116480000000006,True,0.38291402491119364,False,True,outside_p10_p90
e786e60f-a0f1-4955-aa57-f22ba39c7427,2025-10-10 00:00:00+00:00,2025-10-10 19:00:00+00:00,20,0.6902499999999999,0.74975,0.74975,0.74975,-0.05950000000000011,-0.016625000000000056,0.07135012499999996,True,0.6009099493518768,False,True,outside_p10_p90
e786e60f-a0f1-4955-aa57-f22ba39c7427,2025-10-10 00:00:00+00:00,2025-10-10 20:00:00+00:00,21,0.69,0.745,0.745,0.745,-0.05500000000000005,-0.015000000000000013,0.07023817499999992,True,0.569490878713749,False,True,outside_p10_p90
e786e60f-a0f1-4955-aa57-f22ba39c7427,2025-10-10 00:00:00+00:00,2025-10-10 21:00:00+00:00,22,0.68975,0.7355,0.7355,0.7355,-0.04575000000000007,-0.011624999999999996,0.07301805000000001,True,0.46735019628708335,False,True,outside_p10_p90
e786e60f-a0f1-4955-aa57-f22ba39c7427,2025-10-10 00:00:00+00:00,2025-10-10 22:00:00+00:00,23,0.6872500000000001,0.728,0.728,0.728,-0.04074999999999984,-0.015999999999999986,0.08228429999999987,True,0.3007864197665885,False,True,outside_p10_p90
e786e60f-a0f1-4955-aa57-f22ba39c7427,2025-10-10 00:00:00+00:00,2025-10-10 23:00:00+00:00,24,0.671,0.724,0.724,0.724,-0.052999999999999936,-0.01650000000000007,0.06319582500000007,True,0.5775697999037093,False,True,outside_p10_p90
e786e60f-a0f1-4955-aa57-f22ba39c7427,2025-10-11 00:00:00+00:00,2025-10-11 00:00:00+00:00,1,0.6545000000000001,0.72125,0.72125,0.72125,-0.06674999999999986,-0.012249999999999983,0.069126225,True,0.788412791238056,False,True,outside_p10_p90
e786e60f-a0f1-4955-aa57-f22ba39c7427,2025-10-11 00:00:00+00:00,2025-10-11 01:00:00+00:00,2,0.651,0.70375,0.70375,0.70375,-0.052749999999999964,-0.010875000000000051,0.0696821999999998,True,0.600942564959201,False,True,outside_p10_p90
e786e60f-a0f1-4955-aa57-f22ba39c7427,2025-10-11 00:00:00+00:00,2025-10-11 02:00:00+00:00,3,0.652,0.68775,0.68775,0.68775,-0.03574999999999995,-0.01112499999999994,0.06912622499999992,True,0.3562323850318752,False,True,outside_p10_p90
e786e60f-a0f1-4955-aa57-f22ba39c7427,2025-10-11 00:00:00+00:00,2025-10-11 03:00:00+00:00,4,0.674,0.685,0.685,0.685,-0.01100000000000001,-0.014750000000000069,0.06041594999999993,True,0.06206970179232576,False,True,outside_p10_p90
e786e60f-a0f1-4955-aa57-f22ba39c7427,2025-10-11 00:00:00+00:00,2025-10-11 04:00:00+00:00,5,0.6792500000000001,0.6825,0.6825,0.6825,-0.003249999999999864,-0.015874999999999972,0.060601275000000156,True,0.20832895017472944,False,True,outside_p10_p90
e786e60f-a0f1-4955-aa57-f22ba39c7427,2025-10-11 00:00:00+00:00,2025-10-11 05:00:00+00:00,6,0.679,0.701,0.701,0.701,-0.02199999999999991,-0.0170000000000001,0.07227675000000001,True,0.0691785394334943,False,True,outside_p10_p90
e786e60f-a0f1-4955-aa57-f22ba39c7427,2025-10-11 00:00:00+00:00,2025-10-11 06:00:00+00:00,7,0.678,0.70975,0.70975,0.70975,-0.031749999999999945,-0.017750000000000016,0.080616375,True,0.1736619886468466,False,True,outside_p10_p90
e786e60f-a0f1-4955-aa57-f22ba39c7427,2025-10-11 00:00:00+00:00,2025-10-11 07:00:00+00:00,8,0.6765000000000001,0.7085,0.7085,0.7085,-0.03199999999999992,-0.013000000000000012,0.07746585000000002,True,0.24526936708239697,False,True,outside_p10_p90
e786e60f-a0f1-4955-aa57-f22ba39c7427,2025-10-11 00:00:00+00:00,2025-10-11 08:00:00+00:00,9,0.6752499999999999,0.706,0.706,0.706,-0.030750000000000055,-0.01037499999999994,0.0761685749999998,True,0.26749876835690006,False,True,outside_p10_p90
e786e60f-a0f1-4955-aa57-f22ba39c7427,2025-10-11 00:00:00+00:00,2025-10-11 09:00:00+00:00,10,0.6742500000000001,0.7055,0.7055,0.7055,-0.03124999999999989,-0.013500000000000068,0.07968974999999995,True,0.22273880894343165,False,True,outside_p10_p90
e786e60f-a0f1-4955-aa57-f22ba39c7427,2025-10-11 00:00:00+00:00,2025-10-11 10:00:00+00:00,11,0.66325,0.7037499999999999,0.7037499999999999,0.7037499999999999,-0.04049999999999987,-0.015500000000000014,0.0730180500000001,True,0.3423810961810103,False,True,outside_p10_p90
e786e60f-a0f1-4955-aa57-f22ba39c7427,2025-10-11 00:00:00+00:00,2025-10-11 11:00:00+00:00,12,0.64175,0.7022499999999999,0.7022499999999999,0.7022499999999999,-0.06049999999999989,-0.015625,0.07968974999999999,True,0.5631213550048769,False,True,outside_p10_p90
e786e60f-a0f1-4955-aa57-f22ba39c7427,2025-10-11 00:00:00+00:00,2025-10-11 12:00:00+00:00,13,0.6375,0.697,0.697,0.697,-0.0595,-0.013999999999999985,0.08302559999999995,True,0.548023742074734,False,True,outside_p10_p90
e786e60f-a0f1-4955-aa57-f22ba39c7427,2025-10-11 00:00:00+00:00,2025-10-11 13:00:00+00:00,14,0.63675,0.6725000000000001,0.6725000000000001,0.6725000000000001,-0.03575000000000006,-0.014375000000000027,0.07301805000000014,True,0.2927358372347658,False,True,outside_p10_p90
e786e60f-a0f1-4955-aa57-f22ba39c7427,2025-10-11 00:00:00+00:00,2025-10-11 14:00:00+00:00,15,0.64875,0.6665,0.6665,0.6665,-0.017749999999999932,-0.010124999999999995,0.06245452500000003,True,0.12208883183404139,False,True,outside_p10_p90
e786e60f-a0f1-4955-aa57-f22ba39c7427,2025-10-11 00:00:00+00:00,2025-10-11 15:00:00+00:00,16,0.6655,0.664,0.664,0.664,0.0014999999999999458,-0.011124999999999996,0.06393712500000008,True,0.19745961364387163,False,True,outside_p10_p90
e786e60f-a0f1-4955-aa57-f22ba39c7427,2025-10-11 00:00:00+00:00,2025-10-11 16:00:00+00:00,17,0.6665,0.6695000000000001,0.6695000000000001,0.6695000000000001,-0.0030000000000001137,-0.015625,0.06912622500000004,True,0.18263690806202534,False,True,outside_p10_p90
e786e60f-a0f1-4955-aa57-f22ba39c7427,2025-10-11 00:00:00+00:00,2025-10-11 17:00:00+00:00,18,0.666,0.69,0.69,0.69,-0.02399999999999991,-0.01899999999999999,0.06838492500000008,True,0.07311552948255651,False,True,outside_p10_p90
e786e60f-a0f1-4955-aa57-f22ba39c7427,2025-10-11 00:00:00+00:00,2025-10-11 18:00:00+00:00,19,0.665,0.6917499999999999,0.6917499999999999,0.6917499999999999,-0.02674999999999983,-0.01924999999999996,0.07116480000000006,True,0.10538918116821605,False,True,outside_p10_p90
e786e60f-a0f1-4955-aa57-f22ba39c7427,2025-10-11 00:00:00+00:00,2025-10-11 19:00:00+00:00,20,0.664,0.6902499999999999,0.6902499999999999,0.6902499999999999,-0.026249999999999885,-0.016625000000000056,0.07135012499999996,True,0.1348981518953167,False,True,outside_p10_p90
e786e60f-a0f1-4955-aa57-f22ba39c7427,2025-10-11 00:00:00+00:00,2025-10-11 20:00:00+00:00,21,0.6585000000000001,0.69,0.69,0.69,-0.03149999999999986,-0.015000000000000013,0.07023817499999992,True,0.23491498746941913,False,True,outside_p10_p90
e786e60f-a0f1-4955-aa57-f22ba39c7427,2025-10-11 00:00:00+00:00,2025-10-11 21:00:00+00:00,22,0.6345000000000001,0.68975,0.68975,0.68975,-0.05524999999999991,-0.011624999999999996,0.07301805000000001,True,0.597455012835866,False,True,outside_p10_p90
e786e60f-a0f1-4955-aa57-f22ba39c7427,2025-10-11 00:00:00+00:00,2025-10-11 22:00:00+00:00,23,0.62875,0.6872500000000001,0.6872500000000001,0.6872500000000001,-0.05850000000000011,-0.015999999999999986,0.08228429999999987,True,0.5165019329325301,False,True,outside_p10_p90
e786e60f-a0f1-4955-aa57-f22ba39c7427,2025-10-11 00:00:00+00:00,2025-10-11 23:00:00+00:00,24,0.62725,0.671,0.671,0.671,-0.04375000000000007,-0.01650000000000007,0.06319582500000007,True,0.43119937116098994,False,True,outside_p10_p90
e786e60f-a0f1-4955-aa57-f22ba39c7427,2025-10-12 00:00:00+00:00,2025-10-12 00:00:00+00:00,1,0.6335000000000001,0.6545000000000001,0.6545000000000001,0.6545000000000001,-0.02100000000000002,-0.012249999999999983,0.069126225,True,0.12658003529051434,False,True,outside_p10_p90
e786e60f-a0f1-4955-aa57-f22ba39c7427,2025-10-12 00:00:00+00:00,2025-10-12 01:00:00+00:00,2,0.655,0.651,0.651,0.651,0.0040000000000000036,-0.010875000000000051,0.0696821999999998,True,0.2134691499407323,False,True,outside_p10_p90
e786e60f-a0f1-4955-aa57-f22ba39c7427,2025-10-12 00:00:00+00:00,2025-10-12 02:00:00+00:00,3,0.65775,0.652,0.652,0.652,0.005749999999999922,-0.01112499999999994,0.06912622499999992,True,0.24411863948884643,False,True,outside_p10_p90
e786e60f-a0f1-4955-aa57-f22ba39c7427,2025-10-12 00:00:00+00:00,2025-10-12 03:00:00+00:00,4,0.657,0.674,0.674,0.674,-0.017000000000000015,-0.014750000000000069,0.06041594999999993,True,0.037241821075393984,False,True,outside_p10_p90
e786e60f-a0f1-4955-aa57-f22ba39c7427,2025-10-12 00:00:00+00:00,2025-10-12 04:00:00+00:00,5,0.6565000000000001,0.6792500000000001,0.6792500000000001,0.6792500000000001,-0.022750000000000048,-0.015874999999999972,0.060601275000000156,True,0.11344645801594204,False,True,outside_p10_p90
e786e60f-a0f1-4955-aa57-f22ba39c7427,2025-10-12 00:00:00+00:00,2025-10-12 05:00:00+00:00,6,0.655,0.679,0.679,0.679,-0.02400000000000002,-0.0170000000000001,0.07227675000000001,True,0.09684995520689463,False,True,outside_p10_p90
e786e60f-a0f1-4955-aa57-f22ba39c7427,2025-10-12 00:00:00+00:00,2025-10-12 06:00:00+00:00,7,0.65475,0.678,0.678,0.678,-0.023249999999999993,-0.017750000000000016,0.080616375,True,0.0682243526826898,False,True,outside_p10_p90
e786e60f-a0f1-4955-aa57-f22ba39c7427,2025-10-12 00:00:00+00:00,2025-10-12 07:00:00+00:00,8,0.6435,0.6765000000000001,0.6765000000000001,0.6765000000000001,-0.03300000000000014,-0.013000000000000012,0.07746585000000002,True,0.2581782811393682,False,True,outside_p10_p90
e786e60f-a0f1-4955-aa57-f22ba39c7427,2025-10-12 00:00:00+00:00,2025-10-12 08:00:00+00:00,9,0.62225,0.6752499999999999,0.6752499999999999,0.6752499999999999,-0.052999999999999936,-0.01037499999999994,0.0761685749999998,True,0.5596139877895853,False,True,outside_p10_p90
e786e60f-a0f1-4955-aa57-f22ba39c7427,2025-10-12 00:00:00+00:00,2025-10-12 09:00:00+00:00,10,0.6187499999999999,0.6742500000000001,0.6742500000000001,0.6742500000000001,-0.055500000000000216,-0.013500000000000068,0.07968974999999995,True,0.5270439422886906,False,True,outside_p10_p90
e786e60f-a0f1-4955-aa57-f22ba39c7427,2025-10-12 00:00:00+00:00,2025-10-12 10:00:00+00:00,11,0.61825,0.66325,0.66325,0.66325,-0.04500000000000004,-0.015500000000000014,0.0730180500000001,True,0.4040096934935949,False,True,outside_p10_p90
e786e60f-a0f1-4955-aa57-f22ba39c7427,2025-10-12 00:00:00+00:00,2025-10-12 11:00:00+00:00,12,0.6392500000000001,0.64175,0.64175,0.64175,-0.0024999999999999467,-0.015625,0.07968974999999999,True,0.1647012319652158,False,True,outside_p10_p90
e786e60f-a0f1-4955-aa57-f22ba39c7427,2025-10-12 00:00:00+00:00,2025-10-12 12:00:00+00:00,13,0.65,0.6375,0.6375,0.6375,0.012500000000000067,-0.013999999999999985,0.08302559999999995,True,0.3191786629666039,False,True,outside_p10_p90
e786e60f-a0f1-4955-aa57-f22ba39c7427,2025-10-12 00:00:00+00:00,2025-10-12 13:00:00+00:00,14,0.65,0.63675,0.63675,0.63675,0.013249999999999984,-0.014375000000000027,0.07301805000000014,True,0.37833111128001856,False,True,outside_p10_p90
e786e60f-a0f1-4955-aa57-f22ba39c7427,2025-10-12 00:00:00+00:00,2025-10-12 14:00:00+00:00,15,0.6495,0.64875,0.64875,0.64875,0.0007499999999999174,-0.010124999999999995,0.06245452500000003,True,0.17412669458297708,False,True,outside_p10_p90
e786e60f-a0f1-4955-aa57-f22ba39c7427,2025-10-12 00:00:00+00:00,2025-10-12 15:00:00+00:00,16,0.64925,0.6655,0.6655,0.6655,-0.016249999999999987,-0.011124999999999996,0.06393712500000008,True,0.08015687286533425,False,True,outside_p10_p90
e786e60f-a0f1-4955-aa57-f22ba39c7427,2025-10-12 00:00:00+00:00,2025-10-12 16:00:00+00:00,17,0.6482500000000001,0.6665,0.6665,0.6665,-0.018249999999999877,-0.015625,0.06912622500000004,True,0.03797401058715236,False,True,outside_p10_p90
e786e60f-a0f1-4955-aa57-f22ba39c7427,2025-10-12 00:00:00+00:00,2025-10-12 17:00:00+00:00,18,0.64525,0.666,0.666,0.666,-0.020750000000000046,-0.01899999999999999,0.06838492500000008,True,0.025590435318896012,False,True,outside_p10_p90
e786e60f-a0f1-4955-aa57-f22ba39c7427,2025-10-12 00:00:00+00:00,2025-10-12 18:00:00+00:00,19,0.6214999999999999,0.665,0.665,0.665,-0.043500000000000094,-0.01924999999999996,0.07116480000000006,True,0.34075835244390645,False,True,outside_p10_p90
e786e60f-a0f1-4955-aa57-f22ba39c7427,2025-10-12 00:00:00+00:00,2025-10-12 19:00:00+00:00,20,0.61225,0.664,0.664,0.664,-0.051750000000000074,-0.016625000000000056,0.07135012499999996,True,0.4922906582153856,False,True,outside_p10_p90
e786e60f-a0f1-4955-aa57-f22ba39c7427,2025-10-12 00:00:00+00:00,2025-10-12 20:00:00+00:00,21,0.6114999999999999,0.6585000000000001,0.6585000000000001,0.6585000000000001,-0.04700000000000015,-0.015000000000000013,0.07023817499999992,True,0.45559270297100085,False,True,outside_p10_p90
e786e60f-a0f1-4955-aa57-f22ba39c7427,2025-10-12 00:00:00+00:00,2025-10-12 21:00:00+00:00,22,0.6107499999999999,0.6345000000000001,0.6345000000000001,0.6345000000000001,-0.02375000000000016,-0.011624999999999996,0.07301805000000001,True,0.1660548316477934,False,True,outside_p10_p90
e786e60f-a0f1-4955-aa57-f22ba39c7427,2025-10-12 00:00:00+00:00,2025-10-12 22:00:00+00:00,23,0.631,0.62875,0.62875,0.62875,0.0022499999999999742,-0.015999999999999986,0.08228429999999987,True,0.22179200649455597,False,True,outside_p10_p90
e786e60f-a0f1-4955-aa57-f22ba39c7427,2025-10-12 00:00:00+00:00,2025-10-12 23:00:00+00:00,24,0.6417499999999999,0.62725,0.62725,0.62725,0.014499999999999957,-0.01650000000000007,0.06319582500000007,True,0.49053873416479643,False,True,outside_p10_p90
e786e60f-a0f1-4955-aa57-f22ba39c7427,2025-10-13 00:00:00+00:00,2025-10-13 00:00:00+00:00,1,0.6425000000000001,0.6335000000000001,0.6335000000000001,0.6335000000000001,0.009000000000000008,-0.012249999999999983,0.069126225,True,0.3074086571341049,False,True,outside_p10_p90
e786e60f-a0f1-4955-aa57-f22ba39c7427,2025-10-13 00:00:00+00:00,2025-10-13 01:00:00+00:00,2,0.64175,0.655,0.655,0.655,-0.013249999999999984,-0.010875000000000051,0.0696821999999998,True,0.034083309654401546,False,True,outside_p10_p90
e786e60f-a0f1-4955-aa57-f22ba39c7427,2025-10-13 00:00:00+00:00,2025-10-13 02:00:00+00:00,3,0.6417499999999999,0.65775,0.65775,0.65775,-0.016000000000000014,-0.01112499999999994,0.06912622499999992,True,0.07052316251900172,False,True,outside_p10_p90
e786e60f-a0f1-4955-aa57-f22ba39c7427,2025-10-13 00:00:00+00:00,2025-10-13 03:00:00+00:00,4,0.6457499999999999,0.657,0.657,0.657,-0.011250000000000093,-0.014750000000000069,0.06041594999999993,True,0.057931721672836056,False,True,outside_p10_p90
e786e60f-a0f1-4955-aa57-f22ba39c7427,2025-10-13 00:00:00+00:00,2025-10-13 04:00:00+00:00,5,0.665,0.6565000000000001,0.6565000000000001,0.6565000000000001,0.008499999999999952,-0.015874999999999972,0.060601275000000156,True,0.40221926023833426,False,True,outside_p10_p90
e786e60f-a0f1-4955-aa57-f22ba39c7427,2025-10-13 00:00:00+00:00,2025-10-13 05:00:00+00:00,6,0.6832500000000001,0.655,0.655,0.655,0.02825000000000011,-0.0170000000000001,0.07227675000000001,True,0.6260657818731501,False,True,outside_p10_p90
e786e60f-a0f1-4955-aa57-f22ba39c7427,2025-10-13 00:00:00+00:00,2025-10-13 06:00:00+00:00,7,0.68525,0.65475,0.65475,0.65475,0.03049999999999997,-0.017750000000000016,0.080616375,True,0.5985136394435993,False,True,outside_p10_p90
e786e60f-a0f1-4955-aa57-f22ba39c7427,2025-10-13 00:00:00+00:00,2025-10-13 07:00:00+00:00,8,0.688,0.6435,0.6435,0.6435,0.044499999999999984,-0.013000000000000012,0.07746585000000002,True,0.7422625582756787,False,True,outside_p10_p90
e786e60f-a0f1-4955-aa57-f22ba39c7427,2025-10-13 00:00:00+00:00,2025-10-13 08:00:00+00:00,9,0.6895,0.62225,0.62225,0.62225,0.06725000000000003,-0.01037499999999994,0.0761685749999998,True,1.0191210745376316,False,True,outside_p10_p90
e786e60f-a0f1-4955-aa57-f22ba39c7427,2025-10-13 00:00:00+00:00,2025-10-13 09:00:00+00:00,10,0.7015,0.6187499999999999,0.6187499999999999,0.6187499999999999,0.0827500000000001,-0.013500000000000068,0.07968974999999995,True,1.2078090344115804,False,True,outside_p10_p90
e786e60f-a0f1-4955-aa57-f22ba39c7427,2025-10-13 00:00:00+00:00,2025-10-13 10:00:00+00:00,11,0.7177499999999999,0.61825,0.61825,0.61825,0.09949999999999992,-0.015500000000000014,0.0730180500000001,True,1.5749530424326559,False,True,outside_p10_p90
e786e60f-a0f1-4955-aa57-f22ba39c7427,2025-10-13 00:00:00+00:00,2025-10-13 11:00:00+00:00,12,0.71775,0.6392500000000001,0.6392500000000001,0.6392500000000001,0.0784999999999999,-0.015625,0.07968974999999999,True,1.1811431206648273,False,True,outside_p10_p90
e786e60f-a0f1-4955-aa57-f22ba39c7427,2025-10-13 00:00:00+00:00,2025-10-13 12:00:00+00:00,13,0.7170000000000001,0.65,0.65,0.65,0.06700000000000006,-0.013999999999999985,0.08302559999999995,True,0.9756027056715049,False,True,outside_p10_p90
e786e60f-a0f1-4955-aa57-f22ba39c7427,2025-10-13 00:00:00+00:00,2025-10-13 13:00:00+00:00,14,0.7142499999999999,0.65,0.65,0.65,0.06424999999999992,-0.014375000000000027,0.07301805000000014,True,1.0767885474892824,False,True,outside_p10_p90
e786e60f-a0f1-4955-aa57-f22ba39c7427,2025-10-13 00:00:00+00:00,2025-10-13 14:00:00+00:00,15,0.7162499999999999,0.6495,0.6495,0.6495,0.06674999999999998,-0.010124999999999995,0.06245452500000003,True,1.2308955996382958,False,True,outside_p10_p90
e786e60f-a0f1-4955-aa57-f22ba39c7427,2025-10-13 00:00:00+00:00,2025-10-13 15:00:00+00:00,16,0.7172499999999999,0.64925,0.64925,0.64925,0.06799999999999995,-0.011124999999999996,0.06393712500000008,True,1.2375439152135765,False,True,outside_p10_p90
e786e60f-a0f1-4955-aa57-f22ba39c7427,2025-10-13 00:00:00+00:00,2025-10-13 16:00:00+00:00,17,0.716,0.6482500000000001,0.6482500000000001,0.6482500000000001,0.06774999999999987,-0.015625,0.06912622500000004,True,1.2061269076967507,False,True,outside_p10_p90
e786e60f-a0f1-4955-aa57-f22ba39c7427,2025-10-13 00:00:00+00:00,2025-10-13 17:00:00+00:00,18,0.69575,0.64525,0.64525,0.64525,0.05049999999999999,-0.01899999999999999,0.06838492500000008,True,1.0163058598075512,False,True,outside_p10_p90
e786e60f-a0f1-4955-aa57-f22ba39c7427,2025-10-13 00:00:00+00:00,2025-10-13 18:00:00+00:00,19,0.68675,0.6214999999999999,0.6214999999999999,0.6214999999999999,0.06525000000000003,-0.01924999999999996,0.07116480000000006,True,1.187384774495255,False,True,outside_p10_p90
e786e60f-a0f1-4955-aa57-f22ba39c7427,2025-10-13 00:00:00+00:00,2025-10-13 19:00:00+00:00,20,0.686,0.61225,0.61225,0.61225,0.0737500000000001,-0.016625000000000056,0.07135012499999996,True,1.2666410885755308,False,True,outside_p10_p90
e786e60f-a0f1-4955-aa57-f22ba39c7427,2025-10-13 00:00:00+00:00,2025-10-13 20:00:00+00:00,21,0.686,0.6114999999999999,0.6114999999999999,0.6114999999999999,0.07450000000000012,-0.015000000000000013,0.07023817499999992,True,1.2742358411220143,False,True,outside_p10_p90
e786e60f-a0f1-4955-aa57-f22ba39c7427,2025-10-13 00:00:00+00:00,2025-10-13 21:00:00+00:00,22,0.7052499999999999,0.6107499999999999,0.6107499999999999,0.6107499999999999,0.09450000000000003,-0.011624999999999996,0.07301805000000001,True,1.4534077532883993,False,True,outside_p10_p90
e786e60f-a0f1-4955-aa57-f22ba39c7427,2025-10-13 00:00:00+00:00,2025-10-13 22:00:00+00:00,23,0.7155,0.631,0.631,0.631,0.08450000000000002,-0.015999999999999986,0.08228429999999987,True,1.2213751590522148,False,True,outside_p10_p90
e786e60f-a0f1-4955-aa57-f22ba39c7427,2025-10-13 00:00:00+00:00,2025-10-13 23:00:00+00:00,24,0.7155,0.6417499999999999,0.6417499999999999,0.6417499999999999,0.0737500000000001,-0.01650000000000007,0.06319582500000007,True,1.4281006696249328,False,True,outside_p10_p90
e786e60f-a0f1-4955-aa57-f22ba39c7427,2025-10-14 00:00:00+00:00,2025-10-14 00:00:00+00:00,1,0.7157499999999999,0.6425000000000001,0.6425000000000001,0.6425000000000001,0.07324999999999982,-0.012249999999999983,0.069126225,True,1.236867773410161,False,True,outside_p10_p90
e786e60f-a0f1-4955-aa57-f22ba39c7427,2025-10-14 00:00:00+00:00,2025-10-14 01:00:00+00:00,2,0.7129999999999999,0.64175,0.64175,0.64175,0.07124999999999981,-0.010875000000000051,0.0696821999999998,True,1.1785649706811796,False,True,outside_p10_p90
e786e60f-a0f1-4955-aa57-f22ba39c7427,2025-10-14 00:00:00+00:00,2025-10-14 02:00:00+00:00,3,0.7069999999999999,0.6417499999999999,0.6417499999999999,0.6417499999999999,0.06524999999999992,-0.01112499999999994,0.06912622499999992,True,1.1048628794643416,False,True,outside_p10_p90
e786e60f-a0f1-4955-aa57-f22ba39c7427,2025-10-14 00:00:00+00:00,2025-10-14 03:00:00+00:00,4,0.6962499999999999,0.6457499999999999,0.6457499999999999,0.6457499999999999,0.05049999999999999,-0.014750000000000069,0.06041594999999993,True,1.0800128111864522,False,True,outside_p10_p90
e786e60f-a0f1-4955-aa57-f22ba39c7427,2025-10-14 00:00:00+00:00,2025-10-14 04:00:00+00:00,5,0.683,0.665,0.665,0.665,0.018000000000000016,-0.015874999999999972,0.060601275000000156,True,0.5589816385876354,False,True,outside_p10_p90
e786e60f-a0f1-4955-aa57-f22ba39c7427,2025-10-14 00:00:00+00:00,2025-10-14 05:00:00+00:00,6,0.6505000000000001,0.6832500000000001,0.6832500000000001,0.6832500000000001,-0.03275000000000006,-0.0170000000000001,0.07227675000000001,True,0.21791239921551475,False,True,outside_p10_p90
e786e60f-a0f1-4955-aa57-f22ba39c7427,2025-10-14 00:00:00+00:00,2025-10-14 06:00:00+00:00,7,0.6335,0.68525,0.68525,0.68525,-0.051750000000000074,-0.017750000000000016,0.080616375,True,0.4217505438566303,False,True,outside_p10_p90
e786e60f-a0f1-4955-aa57-f22ba39c7427,2025-10-14 00:00:00+00:00,2025-10-14 07:00:00+00:00,8,0.6295,0.688,0.688,0.688,-0.058499999999999996,-0.013000000000000012,0.07746585000000002,True,0.5873555895920586,False,True,outside_p10_p90
e786e60f-a0f1-4955-aa57-f22ba39c7427,2025-10-14 00:00:00+00:00,2025-10-14 08:00:00+00:00,9,0.6275,0.6895,0.6895,0.6895,-0.062000000000000055,-0.01037499999999994,0.0761685749999998,True,0.6777729529533703,False,True,outside_p10_p90
e786e60f-a0f1-4955-aa57-f22ba39c7427,2025-10-14 00:00:00+00:00,2025-10-14 09:00:00+00:00,10,0.64825,0.7015,0.7015,0.7015,-0.05325000000000002,-0.013500000000000068,0.07968974999999995,True,0.4988094453803655,False,True,outside_p10_p90
e786e60f-a0f1-4955-aa57-f22ba39c7427,2025-10-14 00:00:00+00:00,2025-10-14 10:00:00+00:00,11,0.6585000000000001,0.7177499999999999,0.7177499999999999,0.7177499999999999,-0.0592499999999998,-0.015500000000000014,0.0730180500000001,True,0.5991669183167687,False,True,outside_p10_p90
e786e60f-a0f1-4955-aa57-f22ba39c7427,2025-10-14 00:00:00+00:00,2025-10-14 11:00:00+00:00,12,0.659,0.71775,0.71775,0.71775,-0.05874999999999997,-0.015625,0.07968974999999999,True,0.5411611907428493,False,True,outside_p10_p90
e786e60f-a0f1-4955-aa57-f22ba39c7427,2025-10-14 00:00:00+00:00,2025-10-14 12:00:00+00:00,13,0.66125,0.7170000000000001,0.7170000000000001,0.7170000000000001,-0.05575000000000008,-0.013999999999999985,0.08302559999999995,True,0.5028569501454987,False,True,outside_p10_p90
e786e60f-a0f1-4955-aa57-f22ba39c7427,2025-10-14 00:00:00+00:00,2025-10-14 13:00:00+00:00,14,0.6635,0.7142499999999999,0.7142499999999999,0.7142499999999999,-0.05074999999999996,-0.014375000000000027,0.07301805000000014,True,0.4981644949433717,False,True,outside_p10_p90
e786e60f-a0f1-4955-aa57-f22ba39c7427,2025-10-14 00:00:00+00:00,2025-10-14 14:00:00+00:00,15,0.6645000000000001,0.7162499999999999,0.7162499999999999,0.7162499999999999,-0.05174999999999985,-0.010124999999999995,0.06245452500000003,True,0.6664849344382947,False,True,outside_p10_p90
e786e60f-a0f1-4955-aa57-f22ba39c7427,2025-10-14 00:00:00+00:00,2025-10-14 15:00:00+00:00,16,0.665,0.7172499999999999,0.7172499999999999,0.7172499999999999,-0.05224999999999991,-0.011124999999999996,0.06393712500000008,True,0.6432100286023161,False,True,outside_p10_p90
e786e60f-a0f1-4955-aa57-f22ba39c7427,2025-10-14 00:00:00+00:00,2025-10-14 16:00:00+00:00,17,0.6597500000000001,0.716,0.716,0.716,-0.05624999999999991,-0.015625,0.06912622500000004,True,0.5876930209916698,False,True,outside_p10_p90
e786e60f-a0f1-4955-aa57-f22ba39c7427,2025-10-14 00:00:00+00:00,2025-10-14 17:00:00+00:00,18,0.6365000000000001,0.69575,0.69575,0.69575,-0.059249999999999914,-0.01899999999999999,0.06838492500000008,True,0.588580012334588,False,True,outside_p10_p90
e786e60f-a0f1-4955-aa57-f22ba39c7427,2025-10-14 00:00:00+00:00,2025-10-14 18:00:00+00:00,19,0.63025,0.68675,0.68675,0.68675,-0.056499999999999995,-0.01924999999999996,0.07116480000000006,True,0.5234329331354828,False,True,outside_p10_p90
e786e60f-a0f1-4955-aa57-f22ba39c7427,2025-10-14 00:00:00+00:00,2025-10-14 19:00:00+00:00,20,0.6295000000000001,0.686,0.686,0.686,-0.056499999999999995,-0.016625000000000056,0.07135012499999996,True,0.5588637721377497,False,True,outside_p10_p90
e786e60f-a0f1-4955-aa57-f22ba39c7427,2025-10-14 00:00:00+00:00,2025-10-14 20:00:00+00:00,21,0.6295,0.686,0.686,0.686,-0.056500000000000106,-0.015000000000000013,0.07023817499999992,True,0.5908467866655155,False,True,outside_p10_p90
e786e60f-a0f1-4955-aa57-f22ba39c7427,2025-10-14 00:00:00+00:00,2025-10-14 21:00:00+00:00,22,0.65025,0.7052499999999999,0.7052499999999999,0.7052499999999999,-0.05499999999999994,-0.011624999999999996,0.07301805000000001,True,0.5940312018740562,False,True,outside_p10_p90
e786e60f-a0f1-4955-aa57-f22ba39c7427,2025-10-14 00:00:00+00:00,2025-10-14 22:00:00+00:00,23,0.654,0.7155,0.7155,0.7155,-0.0615,-0.015999999999999986,0.08228429999999987,True,0.5529608929042368,False,True,outside_p10_p90
e786e60f-a0f1-4955-aa57-f22ba39c7427,2025-10-14 00:00:00+00:00,2025-10-14 23:00:00+00:00,24,0.6535,0.7155,0.7155,0.7155,-0.062000000000000055,-0.01650000000000007,0.06319582500000007,True,0.7199842711128455,False,True,outside_p10_p90
e786e60f-a0f1-4955-aa57-f22ba39c7427,2025-10-15 00:00:00+00:00,2025-10-15 00:00:00+00:00,1,0.65275,0.7157499999999999,0.7157499999999999,0.7157499999999999,-0.06299999999999983,-0.012249999999999983,0.069126225,True,0.7341642046849781,False,True,outside_p10_p90
e786e60f-a0f1-4955-aa57-f22ba39c7427,2025-10-15 00:00:00+00:00,2025-10-15 01:00:00+00:00,2,0.6525000000000001,0.7129999999999999,0.7129999999999999,0.7129999999999999,-0.060499999999999776,-0.010875000000000051,0.0696821999999998,True,0.7121617859367222,False,True,outside_p10_p90
e786e60f-a0f1-4955-aa57-f22ba39c7427,2025-10-15 00:00:00+00:00,2025-10-15 02:00:00+00:00,3,0.6522500000000001,0.7069999999999999,0.7069999999999999,0.7069999999999999,-0.05474999999999974,-0.01112499999999994,0.06912622499999992,True,0.6310918902341311,False,True,outside_p10_p90
e786e60f-a0f1-4955-aa57-f22ba39c7427,2025-10-15 00:00:00+00:00,2025-10-15 03:00:00+00:00,4,0.6505000000000001,0.6962499999999999,0.6962499999999999,0.6962499999999999,-0.045749999999999846,-0.014750000000000069,0.06041594999999993,True,0.5131095348165479,False,True,outside_p10_p90
e786e60f-a0f1-4955-aa57-f22ba39c7427,2025-10-15 00:00:00+00:00,2025-10-15 04:00:00+00:00,5,0.627,0.683,0.683,0.683,-0.05600000000000005,-0.015874999999999972,0.060601275000000156,True,0.6621147822384921,False,True,outside_p10_p90
e786e60f-a0f1-4955-aa57-f22ba39c7427,2025-10-15 00:00:00+00:00,2025-10-15 05:00:00+00:00,6,0.6174999999999999,0.6505000000000001,0.6505000000000001,0.6505000000000001,-0.03300000000000014,-0.0170000000000001,0.07227675000000001,True,0.22137132618719074,False,True,outside_p10_p90
e786e60f-a0f1-4955-aa57-f22ba39c7427,2025-10-15 00:00:00+00:00,2025-10-15 06:00:00+00:00,7,0.617,0.6335,0.6335,0.6335,-0.01649999999999996,-0.017750000000000016,0.080616375,True,0.015505534700612085,False,True,outside_p10_p90
e786e60f-a0f1-4955-aa57-f22ba39c7427,2025-10-15 00:00:00+00:00,2025-10-15 07:00:00+00:00,8,0.61875,0.6295,0.6295,0.6295,-0.010749999999999926,-0.013000000000000012,0.07746585000000002,True,0.029045056628179834,False,True,outside_p10_p90
e786e60f-a0f1-4955-aa57-f22ba39c7427,2025-10-15 00:00:00+00:00,2025-10-15 08:00:00+00:00,9,0.64325,0.6275,0.6275,0.6275,0.015750000000000042,-0.01037499999999994,0.0761685749999998,True,0.34298921832264884,False,True,outside_p10_p90
e786e60f-a0f1-4955-aa57-f22ba39c7427,2025-10-15 00:00:00+00:00,2025-10-15 09:00:00+00:00,10,0.6499999999999999,0.64825,0.64825,0.64825,0.0017499999999999183,-0.013500000000000068,0.07968974999999995,True,0.19136714571196417,False,True,outside_p10_p90
e786e60f-a0f1-4955-aa57-f22ba39c7427,2025-10-15 00:00:00+00:00,2025-10-15 10:00:00+00:00,11,0.64975,0.6585000000000001,0.6585000000000001,0.6585000000000001,-0.008750000000000036,-0.015500000000000014,0.0730180500000001,True,0.09244289596887302,False,True,outside_p10_p90
e786e60f-a0f1-4955-aa57-f22ba39c7427,2025-10-15 00:00:00+00:00,2025-10-15 11:00:00+00:00,12,0.6497499999999999,0.659,0.659,0.659,-0.009250000000000091,-0.015625,0.07968974999999999,True,0.0799977412402462,False,True,outside_p10_p90
e786e60f-a0f1-4955-aa57-f22ba39c7427,2025-10-15 00:00:00+00:00,2025-10-15 12:00:00+00:00,13,0.65,0.66125,0.66125,0.66125,-0.011249999999999982,-0.013999999999999985,0.08302559999999995,True,0.033122314081439994,False,True,outside_p10_p90
e786e60f-a0f1-4955-aa57-f22ba39c7427,2025-10-15 00:00:00+00:00,2025-10-15 13:00:00+00:00,14,0.6495,0.6635,0.6635,0.6635,-0.014000000000000012,-0.014375000000000027,0.07301805000000014,True,0.005135716442715377,False,True,outside_p10_p90
e786e60f-a0f1-4955-aa57-f22ba39c7427,2025-10-15 00:00:00+00:00,2025-10-15 14:00:00+00:00,15,0.64925,0.6645000000000001,0.6645000000000001,0.6645000000000001,-0.015250000000000097,-0.010124999999999995,0.06245452500000003,True,0.08205970664255471,False,True,outside_p10_p90
e786e60f-a0f1-4955-aa57-f22ba39c7427,2025-10-15 00:00:00+00:00,2025-10-15 15:00:00+00:00,16,0.642,0.665,0.665,0.665,-0.02300000000000002,-0.011124999999999996,0.06393712500000008,True,0.1857293395660191,False,True,outside_p10_p90
e786e60f-a0f1-4955-aa57-f22ba39c7427,2025-10-15 00:00:00+00:00,2025-10-15 16:00:00+00:00,17,0.629,0.6597500000000001,0.6597500000000001,0.6597500000000001,-0.030750000000000055,-0.015625,0.06912622500000004,True,0.21880263243074602,False,True,outside_p10_p90
e786e60f-a0f1-4955-aa57-f22ba39c7427,2025-10-15 00:00:00+00:00,2025-10-15 17:00:00+00:00,18,0.645,0.6365000000000001,0.6365000000000001,0.6365000000000001,0.008499999999999952,-0.01899999999999999,0.06838492500000008,True,0.40213541215406623,False,True,outside_p10_p90
e786e60f-a0f1-4955-aa57-f22ba39c7427,2025-10-15 00:00:00+00:00,2025-10-15 18:00:00+00:00,19,0.6407499999999999,0.63025,0.63025,0.63025,0.010499999999999954,-0.01924999999999996,0.07116480000000006,True,0.4180437519672632,False,True,outside_p10_p90
e786e60f-a0f1-4955-aa57-f22ba39c7427,2025-10-15 00:00:00+00:00,2025-10-15 19:00:00+00:00,20,0.6174999999999999,0.6295000000000001,0.6295000000000001,0.6295000000000001,-0.012000000000000122,-0.016625000000000056,0.07135012499999996,True,0.0648211898717758,False,True,outside_p10_p90
e786e60f-a0f1-4955-aa57-f22ba39c7427,2025-10-15 00:00:00+00:00,2025-10-15 20:00:00+00:00,21,0.61375,0.6295,0.6295,0.6295,-0.01574999999999993,-0.015000000000000013,0.07023817499999992,True,0.01067795397588161,False,True,outside_p10_p90
e786e60f-a0f1-4955-aa57-f22ba39c7427,2025-10-15 00:00:00+00:00,2025-10-15 21:00:00+00:00,22,0.61325,0.65025,0.65025,0.65025,-0.03700000000000003,-0.011624999999999996,0.07301805000000001,True,0.3475168126237284,False,True,outside_p10_p90
e786e60f-a0f1-4955-aa57-f22ba39c7427,2025-10-15 00:00:00+00:00,2025-10-15 22:00:00+00:00,23,0.616,0.654,0.654,0.654,-0.038000000000000034,-0.015999999999999986,0.08228429999999987,True,0.2673657064591919,False,True,outside_p10_p90
e786e60f-a0f1-4955-aa57-f22ba39c7427,2025-10-15 00:00:00+00:00,2025-10-15 23:00:00+00:00,24,0.6405000000000001,0.6535,0.6535,0.6535,-0.0129999999999999,-0.01650000000000007,0.06319582500000007,True,0.05538340547022159,False,True,outside_p10_p90
e786e60f-a0f1-4955-aa57-f22ba39c7427,2025-10-16 00:00:00+00:00,2025-10-16 00:00:00+00:00,1,0.6465000000000001,0.65275,0.65275,0.65275,-0.006249999999999978,-0.012249999999999983,0.069126225,True,0.08679773848492385,False,True,outside_p10_p90
e786e60f-a0f1-4955-aa57-f22ba39c7427,2025-10-16 00:00:00+00:00,2025-10-16 01:00:00+00:00,2,0.64675,0.6525000000000001,0.6525000000000001,0.6525000000000001,-0.005750000000000033,-0.010875000000000051,0.0696821999999998,True,0.07354819451739515,False,True,outside_p10_p90
e786e60f-a0f1-4955-aa57-f22ba39c7427,2025-10-16 00:00:00+00:00,2025-10-16 02:00:00+00:00,3,0.64575,0.6522500000000001,0.6522500000000001,0.6522500000000001,-0.006500000000000061,-0.01112499999999994,0.06912622499999992,True,0.06690659008212707,False,True,outside_p10_p90
e786e60f-a0f1-4955-aa57-f22ba39c7427,2025-10-16 00:00:00+00:00,2025-10-16 03:00:00+00:00,4,0.6415,0.6505000000000001,0.6505000000000001,0.6505000000000001,-0.009000000000000119,-0.014750000000000069,0.06041594999999993,True,0.0951735427482305,False,True,outside_p10_p90
e786e60f-a0f1-4955-aa57-f22ba39c7427,2025-10-16 00:00:00+00:00,2025-10-16 04:00:00+00:00,5,0.635,0.627,0.627,0.627,0.008000000000000007,-0.015874999999999972,0.060601275000000156,True,0.39396860874626677,False,True,outside_p10_p90
e786e60f-a0f1-4955-aa57-f22ba39c7427,2025-10-16 00:00:00+00:00,2025-10-16 05:00:00+00:00,6,0.62775,0.6174999999999999,0.6174999999999999,0.6174999999999999,0.010250000000000092,-0.0170000000000001,0.07227675000000001,True,0.37702303991256086,False,True,outside_p10_p90
e786e60f-a0f1-4955-aa57-f22ba39c7427,2025-10-16 00:00:00+00:00,2025-10-16 06:00:00+00:00,7,0.60475,0.617,0.617,0.617,-0.012249999999999983,-0.017750000000000016,0.080616375,True,0.06822435268269049,False,True,outside_p10_p90
e786e60f-a0f1-4955-aa57-f22ba39c7427,2025-10-16 00:00:00+00:00,2025-10-16 07:00:00+00:00,8,0.5832499999999999,0.61875,0.61875,0.61875,-0.03550000000000009,-0.013000000000000012,0.07746585000000002,True,0.2904505662817883,False,True,outside_p10_p90
e786e60f-a0f1-4955-aa57-f22ba39c7427,2025-10-16 00:00:00+00:00,2025-10-16 08:00:00+00:00,9,0.5794999999999999,0.64325,0.64325,0.64325,-0.06375000000000008,-0.01037499999999994,0.0761685749999998,True,0.700748307290773,False,True,outside_p10_p90
e786e60f-a0f1-4955-aa57-f22ba39c7427,2025-10-16 00:00:00+00:00,2025-10-16 09:00:00+00:00,10,0.5782499999999999,0.6499999999999999,0.6499999999999999,0.6499999999999999,-0.07174999999999998,-0.013500000000000068,0.07968974999999995,True,0.7309597532932397,False,True,outside_p10_p90
e786e60f-a0f1-4955-aa57-f22ba39c7427,2025-10-16 00:00:00+00:00,2025-10-16 10:00:00+00:00,11,0.5994999999999999,0.64975,0.64975,0.64975,-0.05025000000000013,-0.015500000000000014,0.0730180500000001,True,0.47590972369160867,False,True,outside_p10_p90
e786e60f-a0f1-4955-aa57-f22ba39c7427,2025-10-16 00:00:00+00:00,2025-10-16 11:00:00+00:00,12,0.61225,0.6497499999999999,0.6497499999999999,0.6497499999999999,-0.03749999999999998,-0.015625,0.07968974999999999,True,0.27450205327535826,False,True,outside_p10_p90
e786e60f-a0f1-4955-aa57-f22ba39c7427,2025-10-16 00:00:00+00:00,2025-10-16 12:00:00+00:00,13,0.6094999999999999,0.65,0.65,0.65,-0.04050000000000009,-0.013999999999999985,0.08302559999999995,True,0.3191786629666046,False,True,outside_p10_p90
e786e60f-a0f1-4955-aa57-f22ba39c7427,2025-10-16 00:00:00+00:00,2025-10-16 13:00:00+00:00,14,0.6132500000000001,0.6495,0.6495,0.6495,-0.03624999999999989,-0.014375000000000027,0.07301805000000014,True,0.2995834591583838,False,True,outside_p10_p90
e786e60f-a0f1-4955-aa57-f22ba39c7427,2025-10-16 00:00:00+00:00,2025-10-16 14:00:00+00:00,15,0.61425,0.64925,0.64925,0.64925,-0.03500000000000003,-0.010124999999999995,0.06245452500000003,True,0.3982897956553192,False,True,outside_p10_p90
e786e60f-a0f1-4955-aa57-f22ba39c7427,2025-10-16 00:00:00+00:00,2025-10-16 15:00:00+00:00,16,0.6120000000000001,0.642,0.642,0.642,-0.029999999999999916,-0.011124999999999996,0.06393712500000008,True,0.2952118976259864,False,True,outside_p10_p90
e786e60f-a0f1-4955-aa57-f22ba39c7427,2025-10-16 00:00:00+00:00,2025-10-16 16:00:00+00:00,17,0.61175,0.629,0.629,0.629,-0.017249999999999988,-0.015625,0.06912622500000004,True,0.023507720839666662,False,True,outside_p10_p90
e786e60f-a0f1-4955-aa57-f22ba39c7427,2025-10-16 00:00:00+00:00,2025-10-16 17:00:00+00:00,18,0.6074999999999999,0.645,0.645,0.645,-0.03750000000000009,-0.01899999999999999,0.06838492500000008,True,0.27052745908546477,False,True,outside_p10_p90
e786e60f-a0f1-4955-aa57-f22ba39c7427,2025-10-16 00:00:00+00:00,2025-10-16 18:00:00+00:00,19,0.5812499999999999,0.6407499999999999,0.6407499999999999,0.6407499999999999,-0.0595,-0.01924999999999996,0.07116480000000006,True,0.56558860560277,False,True,outside_p10_p90
e786e60f-a0f1-4955-aa57-f22ba39c7427,2025-10-16 00:00:00+00:00,2025-10-16 19:00:00+00:00,20,0.5754999999999999,0.6174999999999999,0.6174999999999999,0.6174999999999999,-0.04200000000000004,-0.016625000000000056,0.07135012499999996,True,0.35564058226947737,False,True,outside_p10_p90
e786e60f-a0f1-4955-aa57-f22ba39c7427,2025-10-16 00:00:00+00:00,2025-10-16 20:00:00+00:00,21,0.5742499999999999,0.61375,0.61375,0.61375,-0.03950000000000009,-0.015000000000000013,0.07023817499999992,True,0.3488131632121721,False,True,outside_p10_p90
e786e60f-a0f1-4955-aa57-f22ba39c7427,2025-10-16 00:00:00+00:00,2025-10-16 21:00:00+00:00,22,0.5822499999999999,0.61325,0.61325,0.61325,-0.031000000000000028,-0.011624999999999996,0.07301805000000001,True,0.26534534954028527,False,True,outside_p10_p90
e786e60f-a0f1-4955-aa57-f22ba39c7427,2025-10-16 00:00:00+00:00,2025-10-16 22:00:00+00:00,23,0.60675,0.616,0.616,0.616,-0.00924999999999998,-0.015999999999999986,0.08228429999999987,True,0.08203265993634286,False,True,outside_p10_p90
e786e60f-a0f1-4955-aa57-f22ba39c7427,2025-10-16 00:00:00+00:00,2025-10-16 23:00:00+00:00,24,0.61125,0.6405000000000001,0.6405000000000001,0.6405000000000001,-0.02925000000000011,-0.01650000000000007,0.06319582500000007,True,0.2017538342129409,False,True,outside_p10_p90
