actual,horizon_step,origin,p10,p50,p90,residual,station_guid,target_time,residual_median,residual_scale,outside_interval,residual_score,large_residual,anomaly,review_reason
0.9962499737739563,1,2025-10-01T00:00:00+00:00,0.8494182825088501,0.9487975239753723,1.1879686117172241,0.047452449798583984,0dcf81cb-5305-4e0b-b150-9b733ac44d0b,2025-10-01T00:00:00+00:00,-0.020414084196090698,0.008886162453889847,False,7.6373276256013805,True,True,large_residual
0.996999979019165,2,2025-10-01T00:00:00+00:00,0.8468525409698486,0.9535459280014038,1.236786961555481,0.04345405101776123,0dcf81cb-5305-4e0b-b150-9b733ac44d0b,2025-10-01T01:00:00+00:00,-0.004670590162277222,0.024941461247205733,False,1.9295036767514975,False,False,
1.0202499628067017,3,2025-10-01T00:00:00+00:00,0.8615106344223022,0.9768338799476624,1.245023250579834,0.04341608285903931,0dcf81cb-5305-4e0b-b150-9b733ac44d0b,2025-10-01T02:00:00+00:00,-0.003300607204437256,0.036311523342132564,False,1.286552745895703,False,False,
1.0299999713897705,4,2025-10-01T00:00:00+00:00,0.8809261918067932,1.0026367902755737,1.2322007417678833,0.027363181114196777,0dcf81cb-5305-4e0b-b150-9b733ac44d0b,2025-10-01T03:00:00+00:00,-0.014699488878250122,0.03304409245848656,False,1.2729255628760396,False,False,
1.031999945640564,5,2025-10-01T00:00:00+00:00,0.8955845236778259,1.0222883224487305,1.2166047096252441,0.009711623191833496,0dcf81cb-5305-4e0b-b150-9b733ac44d0b,2025-10-01T04:00:00+00:00,-0.027646005153656006,0.0222930611371994,False,1.6757513970637508,False,False,
1.031999945640564,6,2025-10-01T00:00:00+00:00,0.9051765203475952,1.0354911088943481,1.2036464214324951,-0.0034911632537841797,0dcf81cb-5305-4e0b-b150-9b733ac44d0b,2025-10-01T05:00:00+00:00,-0.04559025168418884,0.006882729667425155,False,6.1166267548837245,True,True,large_residual
1.063249945640564,7,2025-10-01T00:00:00+00:00,0.9124130010604858,1.0429625511169434,1.1930720806121826,0.020287394523620605,0dcf81cb-5305-4e0b-b150-9b733ac44d0b,2025-10-01T06:00:00+00:00,0.002310037612915039,0.031230257177352904,False,0.5756390928391752,False,False,
1.027750015258789,8,2025-10-01T00:00:00+00:00,0.9194934368133545,1.0447163581848145,1.1844520568847656,-0.01696634292602539,0dcf81cb-5305-4e0b-b150-9b733ac44d0b,2025-10-01T07:00:00+00:00,-0.015109032392501831,0.02147418195605278,False,0.08649039750732168,False,False,
1.0134999752044678,9,2025-10-01T00:00:00+00:00,0.9273000955581665,1.0407273769378662,1.1781213283538818,-0.027227401733398438,0dcf81cb-5305-4e0b-b150-9b733ac44d0b,2025-10-01T08:00:00+00:00,-0.03723761439323425,0.010557059508562087,False,0.9482008367687269,False,False,
1.0099999904632568,10,2025-10-01T00:00:00+00:00,0.9355160593986511,1.032180666923523,1.174790382385254,-0.022180676460266113,0dcf81cb-5305-4e0b-b150-9b733ac44d0b,2025-10-01T09:00:00+00:00,-0.03246709704399109,0.0030853890001773833,False,3.333913676082204,False,False,
1.0157500505447388,11,2025-10-01T00:00:00+00:00,0.9432342648506165,1.0226787328720093,1.174612045288086,-0.006928682327270508,0dcf81cb-5305-4e0b-b150-9b733ac44d0b,2025-10-01T10:00:00+00:00,-0.026489287614822388,0.002656883615255356,False,7.362236409317421,True,True,large_residual
1.0099999904632568,12,2025-10-01T00:00:00+00:00,0.9498506784439087,1.0187662839889526,1.1769580841064453,-0.0087662935256958,0dcf81cb-5305-4e0b-b150-9b733ac44d0b,2025-10-01T11:00:00+00:00,-0.0217171311378479,0.0032333643078804016,False,4.005375323958433,True,True,large_residual
1.0069999694824219,13,2025-10-01T00:00:00+00:00,0.9545009136199951,1.026297926902771,1.1824698448181152,-0.01929795742034912,0dcf81cb-5305-4e0b-b150-9b733ac44d0b,2025-10-01T12:00:00+00:00,-0.02107289433479309,0.006668786269426345,False,0.26615591544466327,False,False,
1.0099999904632568,14,2025-10-01T00:00:00+00:00,0.9555543065071106,1.0450966358184814,1.1925885677337646,-0.03509664535522461,0dcf81cb-5305-4e0b-b150-9b733ac44d0b,2025-10-01T13:00:00+00:00,-0.050489187240600586,0.020866595077514646,False,0.7376642824666023,False,False,
0.9934999942779541,15,2025-10-01T00:00:00+00:00,0.9561726450920105,1.0675489902496338,1.2065576314926147,-0.07404899597167969,0dcf81cb-5305-4e0b-b150-9b733ac44d0b,2025-10-01T14:00:00+00:00,-0.06198471784591675,0.026322284281253813,False,0.45832945183845114,False,False,
0.9952499866485596,16,2025-10-01T00:00:00+00:00,0.960273802280426,1.0855226516723633,1.219705581665039,-0.09027266502380371,0dcf81cb-5305-4e0b-b150-9b733ac44d0b,2025-10-01T15:00:00+00:00,-0.06034466624259949,0.004038281053304672,False,7.411073767813426,True,True,large_residual
0.9902499914169312,17,2025-10-01T00:00:00+00:00,0.9670847654342651,1.0970613956451416,1.2309256792068481,-0.10681140422821045,0dcf81cb-5305-4e0b-b150-9b733ac44d0b,2025-10-01T16:00:00+00:00,-0.0663665235042572,0.0006961334645748138,False,58.09931971688256,True,True,large_residual
0.9934999942779541,18,2025-10-01T00:00:00+00:00,0.9746981859207153,1.104341745376587,1.2412090301513672,-0.11084175109863281,0dcf81cb-5305-4e0b-b150-9b733ac44d0b,2025-10-01T17:00:00+00:00,-0.0700729489326477,0.0006461603164672851,False,63.09394298442532,True,True,large_residual
0.9937499761581421,19,2025-10-01T00:00:00+00:00,0.9819260835647583,1.1099811792373657,1.2522423267364502,-0.11623120307922363,0dcf81cb-5305-4e0b-b150-9b733ac44d0b,2025-10-01T18:00:00+00:00,-0.07423973083496094,6.053334474563598e-05,False,693.69159131571,True,True,large_residual
0.9944999814033508,20,2025-10-01T00:00:00+00:00,0.9888598918914795,1.115646243095398,1.264981746673584,-0.12114626169204712,0dcf81cb-5305-4e0b-b150-9b733ac44d0b,2025-10-01T19:00:00+00:00,-0.13061895966529846,0.08039380493760108,False,0.11782870558998577,False,False,
0.9907500147819519,21,2025-10-01T00:00:00+00:00,0.9965863823890686,1.1219326257705688,1.2793539762496948,-0.13118261098861694,0dcf81cb-5305-4e0b-b150-9b733ac44d0b,2025-10-01T20:00:00+00:00,-0.15298676490783691,0.018349910223484037,True,1.1882430842258414,False,True,outside_p10_p90
1.0182499885559082,22,2025-10-01T00:00:00+00:00,1.0066630840301514,1.1284561157226562,1.2945119142532349,-0.11020612716674805,0dcf81cb-5305-4e0b-b150-9b733ac44d0b,2025-10-01T21:00:00+00:00,-0.1671956479549408,0.006704752796888351,False,8.499869050301356,True,True,large_residual
1.0460000038146973,23,2025-10-01T00:00:00+00:00,1.0204408168792725,1.1339819431304932,1.3089051246643066,-0.0879819393157959,0dcf81cb-5305-4e0b-b150-9b733ac44d0b,2025-10-01T22:00:00+00:00,-0.13693809509277344,0.008237218487262726,False,5.943287270172427,True,True,large_residual
1.0479999780654907,24,2025-10-01T00:00:00+00:00,1.0382781028747559,1.1368138790130615,1.3202862739562988,-0.0888139009475708,0dcf81cb-5305-4e0b-b150-9b733ac44d0b,2025-10-01T23:00:00+00:00,-0.13333925604820251,0.0078399518430233,False,5.67928936199454,True,True,large_residual
1.0260000228881836,1,2025-10-02T00:00:00+00:00,0.8162293434143066,0.8947172164916992,1.2208175659179688,0.13128280639648438,0dcf81cb-5305-4e0b-b150-9b733ac44d0b,2025-10-02T00:00:00+00:00,-0.020414084196090698,0.008886162453889847,False,17.071136317811852,True,True,large_residual
1.0104999542236328,2,2025-10-02T00:00:00+00:00,0.8047034740447998,0.9000484347343445,1.2812272310256958,0.11045151948928833,0dcf81cb-5305-4e0b-b150-9b733ac44d0b,2025-10-02T01:00:00+00:00,-0.004670590162277222,0.024941461247205733,False,4.6156922607917785,True,True,large_residual
0.9894999861717224,3,2025-10-02T00:00:00+00:00,0.8378807306289673,0.9453844428062439,1.2831504344940186,0.044115543365478516,0dcf81cb-5305-4e0b-b150-9b733ac44d0b,2025-10-02T02:00:00+00:00,-0.003300607204437256,0.036311523342132564,False,1.3058155154536966,False,False,
0.9860000014305115,4,2025-10-02T00:00:00+00:00,0.874193549156189,0.9860254526138306,1.2592902183532715,-2.5451183319091797e-05,0dcf81cb-5305-4e0b-b150-9b733ac44d0b,2025-10-02T03:00:00+00:00,-0.014699488878250122,0.03304409245848656,False,0.444074465454486,False,False,
0.9860000014305115,5,2025-10-02T00:00:00+00:00,0.8970238566398621,1.0112000703811646,1.2341742515563965,-0.025200068950653076,0dcf81cb-5305-4e0b-b150-9b733ac44d0b,2025-10-02T04:00:00+00:00,-0.027646005153656006,0.0222930611371994,False,0.1097173774364037,False,False,
0.9860000014305115,6,2025-10-02T00:00:00+00:00,0.9098367094993591,1.0257068872451782,1.2142778635025024,-0.03970688581466675,0dcf81cb-5305-4e0b-b150-9b733ac44d0b,2025-10-02T05:00:00+00:00,-0.04559025168418884,0.006882729667425155,False,0.8548012422116639,False,False,
1.0720000267028809,7,2025-10-02T00:00:00+00:00,0.9180050492286682,1.0331168174743652,1.198840618133545,0.038883209228515625,0dcf81cb-5305-4e0b-b150-9b733ac44d0b,2025-10-02T06:00:00+00:00,0.002310037612915039,0.031230257177352904,False,1.171081346141529,False,False,
1.0107500553131104,8,2025-10-02T00:00:00+00:00,0.9249428510665894,1.0345685482025146,1.186753273010254,-0.023818492889404297,0dcf81cb-5305-4e0b-b150-9b733ac44d0b,2025-10-02T07:00:00+00:00,-0.015109032392501831,0.02147418195605278,False,0.4055782201495033,False,False,
0.996999979019165,9,2025-10-02T00:00:00+00:00,0.9319263696670532,1.0305582284927368,1.1778254508972168,-0.03355824947357178,0dcf81cb-5305-4e0b-b150-9b733ac44d0b,2025-10-02T08:00:00+00:00,-0.03723761439323425,0.010557059508562087,False,0.3485217561460558,False,False,
0.9937499761581421,10,2025-10-02T00:00:00+00:00,0.9385728240013123,1.0225915908813477,1.172485113143921,-0.028841614723205566,0dcf81cb-5305-4e0b-b150-9b733ac44d0b,2025-10-02T09:00:00+00:00,-0.03246709704399109,0.0030853890001773833,False,1.1750486958296307,False,False,
1.0,11,2025-10-02T00:00:00+00:00,0.9438523650169373,1.0142757892608643,1.1707959175109863,-0.014275789260864258,0dcf81cb-5305-4e0b-b150-9b733ac44d0b,2025-10-02T10:00:00+00:00,-0.026489287614822388,0.002656883615255356,False,4.596926370365033,True,True,large_residual
0.9957500100135803,12,2025-10-02T00:00:00+00:00,0.9474387168884277,1.0115134716033936,1.1719154119491577,-0.015763461589813232,0dcf81cb-5305-4e0b-b150-9b733ac44d0b,2025-10-02T11:00:00+00:00,-0.0217171311378479,0.0032333643078804016,False,1.8413234578993465,False,False,
1.00600004196167,13,2025-10-02T00:00:00+00:00,0.9495105743408203,1.0185375213623047,1.1756346225738525,-0.012537479400634766,0dcf81cb-5305-4e0b-b150-9b733ac44d0b,2025-10-02T12:00:00+00:00,-0.02107289433479309,0.006668786269426345,False,1.2799053065007808,False,False,
1.000249981880188,14,2025-10-02T00:00:00+00:00,0.9496569037437439,1.0336235761642456,1.1821808815002441,-0.03337359428405762,0dcf81cb-5305-4e0b-b150-9b733ac44d0b,2025-10-02T13:00:00+00:00,-0.050489187240600586,0.020866595077514646,False,0.8202388982468123,False,False,
0.9982500076293945,15,2025-10-02T00:00:00+00:00,0.9506978392601013,1.0502452850341797,1.1907421350479126,-0.051995277404785156,0dcf81cb-5305-4e0b-b150-9b733ac44d0b,2025-10-02T14:00:00+00:00,-0.06198471784591675,0.026322284281253813,False,0.37950507389078936,False,False,
0.996999979019165,16,2025-10-02T00:00:00+00:00,0.9548026919364929,1.0632553100585938,1.1985626220703125,-0.06625533103942871,0dcf81cb-5305-4e0b-b150-9b733ac44d0b,2025-10-02T15:00:00+00:00,-0.06034466624259949,0.004038281053304672,False,1.4636586009763517,False,False,
0.9942499995231628,17,2025-10-02T00:00:00+00:00,0.9605200290679932,1.072008728981018,1.2061710357666016,-0.07775872945785522,0dcf81cb-5305-4e0b-b150-9b733ac44d0b,2025-10-02T16:00:00+00:00,-0.0663665235042572,0.0006961334645748138,False,16.3649738639647,True,True,large_residual
0.9992499947547913,18,2025-10-02T00:00:00+00:00,0.9665099382400513,1.0780714750289917,1.2144109010696411,-0.07882148027420044,0dcf81cb-5305-4e0b-b150-9b733ac44d0b,2025-10-02T17:00:00+00:00,-0.0700729489326477,0.0006461603164672851,False,13.539258166430079,True,True,large_residual
1.0080000162124634,19,2025-10-02T00:00:00+00:00,0.9722257256507874,1.0831717252731323,1.2241613864898682,-0.07517170906066895,0dcf81cb-5305-4e0b-b150-9b733ac44d0b,2025-10-02T18:00:00+00:00,-0.07423973083496094,6.053334474563598e-05,False,15.396113160840939,True,True,large_residual
0.984499990940094,20,2025-10-02T00:00:00+00:00,0.9779880046844482,1.0885320901870728,1.2359249591827393,-0.10403209924697876,0dcf81cb-5305-4e0b-b150-9b733ac44d0b,2025-10-02T19:00:00+00:00,-0.13061895966529846,0.08039380493760108,False,0.3307078255464524,False,False,
1.0125000476837158,21,2025-10-02T00:00:00+00:00,0.9848370552062988,1.0947248935699463,1.2496651411056519,-0.08222484588623047,0dcf81cb-5305-4e0b-b150-9b733ac44d0b,2025-10-02T20:00:00+00:00,-0.15298676490783691,0.018349910223484037,False,3.856254235568195,True,True,large_residual
1.062000036239624,22,2025-10-02T00:00:00+00:00,0.994277834892273,1.1015427112579346,1.2646008729934692,-0.03954267501831055,0dcf81cb-5305-4e0b-b150-9b733ac44d0b,2025-10-02T21:00:00+00:00,-0.1671956479549408,0.006704752796888351,False,19.03917665627784,True,True,large_residual
1.0405000448226929,23,2025-10-02T00:00:00+00:00,1.0076543092727661,1.1079366207122803,1.279388189315796,-0.0674365758895874,0dcf81cb-5305-4e0b-b150-9b733ac44d0b,2025-10-02T22:00:00+00:00,-0.13693809509277344,0.008237218487262726,False,8.437498569530087,True,True,large_residual
0.9927499890327454,24,2025-10-02T00:00:00+00:00,1.0254030227661133,1.112067461013794,1.2918123006820679,-0.11931747198104858,0dcf81cb-5305-4e0b-b150-9b733ac44d0b,2025-10-02T23:00:00+00:00,-0.13333925604820251,0.0078399518430233,True,1.7885038515423772,False,True,outside_p10_p90
0.7617499828338623,1,2025-10-01T00:00:00+00:00,0.4729878902435303,0.6240749359130859,1.031736135482788,0.13767504692077637,213d70b2-894b-406b-9dc3-31d3ccec7f54,2025-10-01T00:00:00+00:00,-0.03305831551551819,0.021349138623476028,False,7.997201453765073,True,True,large_residual
0.7577499747276306,2,2025-10-01T00:00:00+00:00,0.48448801040649414,0.618385910987854,1.0805022716522217,0.1393640637397766,213d70b2-894b-406b-9dc3-31d3ccec7f54,2025-10-01T01:00:00+00:00,-0.03136816620826721,0.013781498461961746,False,12.388509886590425,True,True,large_residual
0.7565000057220459,3,2025-10-01T00:00:00+00:00,0.4931192398071289,0.622971773147583,1.0997087955474854,0.1335282325744629,213d70b2-894b-406b-9dc3-31d3ccec7f54,2025-10-01T02:00:00+00:00,-0.03726470470428467,0.011826448166370391,False,14.441608746437769,True,True,large_residual
0.7559999823570251,4,2025-10-01T00:00:00+00:00,0.501998782157898,0.6354415416717529,1.1000604629516602,0.12055844068527222,213d70b2-894b-406b-9dc3-31d3ccec7f54,2025-10-01T03:00:00+00:00,-0.05034130811691284,0.009018673038482666,False,18.9495448025398,True,True,large_residual
0.7524999976158142,5,2025-10-01T00:00:00+00:00,0.5087547302246094,0.6485840082168579,1.0937507152557373,0.1039159893989563,213d70b2-894b-406b-9dc3-31d3ccec7f54,2025-10-01T04:00:00+00:00,-0.06390523910522461,0.003135008668899536,False,53.53134432099999,True,True,large_residual
0.7475000023841858,6,2025-10-01T00:00:00+00:00,0.5134216547012329,0.6592381000518799,1.0865002870559692,0.08826190233230591,213d70b2-894b-406b-9dc3-31d3ccec7f54,2025-10-01T05:00:00+00:00,-0.07640531659126282,0.003988528829813003,False,41.2852021258397,True,True,large_residual
0.7450000047683716,7,2025-10-01T00:00:00+00:00,0.5172910690307617,0.6659195423126221,1.079817771911621,0.07908046245574951,213d70b2-894b-406b-9dc3-31d3ccec7f54,2025-10-01T06:00:00+00:00,-0.08812963962554932,0.010585470414161682,False,15.796190016987644,True,True,large_residual
0.7465000152587891,8,2025-10-01T00:00:00+00:00,0.5211310386657715,0.6672666668891907,1.074381947517395,0.07923334836959839,213d70b2-894b-406b-9dc3-31d3ccec7f54,2025-10-01T07:00:00+00:00,-0.09414049983024597,0.01579412171244621,False,10.977112330546428,True,True,large_residual
0.7490000128746033,9,2025-10-01T00:00:00+00:00,0.5249172449111938,0.6624405384063721,1.0709408521652222,0.0865594744682312,213d70b2-894b-406b-9dc3-31d3ccec7f54,2025-10-01T08:00:00+00:00,-0.09326764941215515,0.02256873087286949,False,7.967976794679298,True,True,large_residual
0.7505000233650208,10,2025-10-01T00:00:00+00:00,0.5276199579238892,0.6519687175750732,1.0703285932540894,0.09853130578994751,213d70b2-894b-406b-9dc3-31d3ccec7f54,2025-10-01T09:00:00+00:00,-0.08770695328712463,0.029286871701478957,False,6.359103866585631,True,True,large_residual
0.7519999742507935,11,2025-10-01T00:00:00+00:00,0.528506875038147,0.6388324499130249,1.0718944072723389,0.11316752433776855,213d70b2-894b-406b-9dc3-31d3ccec7f54,2025-10-01T10:00:00+00:00,-0.07658606767654419,0.03355703523159027,False,5.654659021714783,True,True,large_residual
0.7605000138282776,12,2025-10-01T00:00:00+00:00,0.5292669534683228,0.6294306516647339,1.072119951248169,0.1310693621635437,213d70b2-894b-406b-9dc3-31d3ccec7f54,2025-10-01T11:00:00+00:00,-0.07135698199272156,0.03863127599358558,False,5.239960082858163,True,True,large_residual
0.7599999904632568,13,2025-10-01T00:00:00+00:00,0.5323554277420044,0.6299698352813721,1.0665862560272217,0.13003015518188477,213d70b2-894b-406b-9dc3-31d3ccec7f54,2025-10-01T12:00:00+00:00,-0.07157731056213379,0.042125110423564906,False,4.7859213594188885,True,True,large_residual
0.7580000162124634,14,2025-10-01T00:00:00+00:00,0.5367927551269531,0.6405152082443237,1.0557811260223389,0.11748480796813965,213d70b2-894b-406b-9dc3-31d3ccec7f54,2025-10-01T13:00:00+00:00,-0.08527475595474243,0.04392732506990432,False,4.615795830959841,True,True,large_residual
0.7577499747276306,15,2025-10-01T00:00:00+00:00,0.5427069664001465,0.6552231311798096,1.0446372032165527,0.10252684354782104,213d70b2-894b-406b-9dc3-31d3ccec7f54,2025-10-01T14:00:00+00:00,-0.09727421402931213,0.04981863343119621,False,4.010568813636278,True,True,large_residual
0.7620000243186951,16,2025-10-01T00:00:00+00:00,0.550204873085022,0.6693306565284729,1.0355150699615479,0.09266936779022217,213d70b2-894b-406b-9dc3-31d3ccec7f54,2025-10-01T15:00:00+00:00,-0.11257630586624146,0.05468803288936615,False,3.75302717637834,True,True,large_residual
0.7565000057220459,17,2025-10-01T00:00:00+00:00,0.5568332672119141,0.6811113357543945,1.0323859453201294,0.07538866996765137,213d70b2-894b-406b-9dc3-31d3ccec7f54,2025-10-01T16:00:00+00:00,-0.1273554265499115,0.05233637872338295,False,3.8738655876276833,True,True,large_residual
0.7552499771118164,18,2025-10-01T00:00:00+00:00,0.5616873502731323,0.6904948353767395,1.0357201099395752,0.0647551417350769,213d70b2-894b-406b-9dc3-31d3ccec7f54,2025-10-01T17:00:00+00:00,-0.13386327028274536,0.05967103178501129,False,3.328556689507639,False,False,
0.7570000290870667,19,2025-10-01T00:00:00+00:00,0.5645797252655029,0.6980223059654236,1.0451159477233887,0.058977723121643066,213d70b2-894b-406b-9dc3-31d3ccec7f54,2025-10-01T18:00:00+00:00,-0.14276042580604553,0.060075191277265544,False,3.3580941589782842,False,False,
0.7540000081062317,20,2025-10-01T00:00:00+00:00,0.5655496120452881,0.7044008374214172,1.0605815649032593,0.04959917068481445,213d70b2-894b-406b-9dc3-31d3ccec7f54,2025-10-01T19:00:00+00:00,-0.14947938919067383,0.06257937179803848,False,3.1812169754271697,False,False,
0.753250002861023,21,2025-10-01T00:00:00+00:00,0.5648833513259888,0.7101845741271973,1.0828242301940918,0.043065428733825684,213d70b2-894b-406b-9dc3-31d3ccec7f54,2025-10-01T20:00:00+00:00,-0.15468356013298035,0.06303858570456504,False,3.13695154573377,False,False,
0.7515000104904175,22,2025-10-01T00:00:00+00:00,0.5634602308273315,0.7155073285102844,1.1123805046081543,0.03599268198013306,213d70b2-894b-406b-9dc3-31d3ccec7f54,2025-10-01T21:00:00+00:00,-0.16358041763305664,0.06256346522569656,False,3.189930399367001,False,False,
0.7549999952316284,23,2025-10-01T00:00:00+00:00,0.5630110502243042,0.7201013565063477,1.1487739086151123,0.03489863872528076,213d70b2-894b-406b-9dc3-31d3ccec7f54,2025-10-01T22:00:00+00:00,-0.16783103346824646,0.06229831150174141,False,3.2541760331314977,False,False,
0.7559999823570251,24,2025-10-01T00:00:00+00:00,0.5662813186645508,0.7228255271911621,1.1854935884475708,0.03317445516586304,213d70b2-894b-406b-9dc3-31d3ccec7f54,2025-10-01T23:00:00+00:00,-0.17055284976959229,0.06056701365709304,False,3.363667657264404,False,False,
0.75,1,2025-10-02T00:00:00+00:00,0.4482618570327759,0.5763187408447266,1.0609240531921387,0.17368125915527344,213d70b2-894b-406b-9dc3-31d3ccec7f54,2025-10-02T00:00:00+00:00,-0.03305831551551819,0.021349138623476028,False,9.683743139100507,True,True,large_residual
0.7540000081062317,2,2025-10-02T00:00:00+00:00,0.4375854730606079,0.5543408393859863,1.1471810340881348,0.19965916872024536,213d70b2-894b-406b-9dc3-31d3ccec7f54,2025-10-02T01:00:00+00:00,-0.03136816620826721,0.013781498461961746,False,16.763586018325228,True,True,large_residual
0.7559999823570251,3,2025-10-02T00:00:00+00:00,0.4458407163619995,0.5655875205993652,1.172166347503662,0.1904124617576599,213d70b2-894b-406b-9dc3-31d3ccec7f54,2025-10-02T02:00:00+00:00,-0.03726470470428467,0.011826448166370391,False,19.251525331956035,True,True,large_residual
0.7507500052452087,4,2025-10-02T00:00:00+00:00,0.4676765203475952,0.5949591398239136,1.1506891250610352,0.15579086542129517,213d70b2-894b-406b-9dc3-31d3ccec7f54,2025-10-02T03:00:00+00:00,-0.05034130811691284,0.009018673038482666,False,22.856153300894963,True,True,large_residual
0.7519999742507935,5,2025-10-02T00:00:00+00:00,0.4834967851638794,0.6181322336196899,1.1256581544876099,0.13386774063110352,213d70b2-894b-406b-9dc3-31d3ccec7f54,2025-10-02T04:00:00+00:00,-0.06390523910522461,0.003135008668899536,False,63.085305536252704,True,True,large_residual
0.7465000152587891,6,2025-10-02T00:00:00+00:00,0.49279558658599854,0.6333528757095337,1.1064214706420898,0.11314713954925537,213d70b2-894b-406b-9dc3-31d3ccec7f54,2025-10-02T05:00:00+00:00,-0.07640531659126282,0.003988528829813003,False,47.52440416718891,True,True,large_residual
0.7509999871253967,7,2025-10-02T00:00:00+00:00,0.499045729637146,0.6421414613723755,1.0919194221496582,0.10885852575302124,213d70b2-894b-406b-9dc3-31d3ccec7f54,2025-10-02T06:00:00+00:00,-0.08812963962554932,0.010585470414161682,False,18.609297241531337,True,True,large_residual
0.7519999742507935,8,2025-10-02T00:00:00+00:00,0.5043812990188599,0.6447358131408691,1.0811835527420044,0.10726416110992432,213d70b2-894b-406b-9dc3-31d3ccec7f54,2025-10-02T07:00:00+00:00,-0.09414049983024597,0.01579412171244621,False,12.751874691547917,True,True,large_residual
0.7519999742507935,9,2025-10-02T00:00:00+00:00,0.5091657638549805,0.6410351991653442,1.0742322206497192,0.11096477508544922,213d70b2-894b-406b-9dc3-31d3ccec7f54,2025-10-02T08:00:00+00:00,-0.09326764941215515,0.02256873087286949,False,9.04935353467828,True,True,large_residual
0.7519999742507935,10,2025-10-02T00:00:00+00:00,0.5123870372772217,0.6319503784179688,1.071380615234375,0.12004959583282471,213d70b2-894b-406b-9dc3-31d3ccec7f54,2025-10-02T09:00:00+00:00,-0.08770695328712463,0.029286871701478957,False,7.093845707988602,True,True,large_residual
0.7582499980926514,11,2025-10-02T00:00:00+00:00,0.5132722854614258,0.6205103397369385,1.0713605880737305,0.1377396583557129,213d70b2-894b-406b-9dc3-31d3ccec7f54,2025-10-02T10:00:00+00:00,-0.07658606767654419,0.03355703523159027,False,6.3869088718091795,True,True,large_residual
0.7592499852180481,12,2025-10-02T00:00:00+00:00,0.5136747360229492,0.6126054525375366,1.0696492195129395,0.14664453268051147,213d70b2-894b-406b-9dc3-31d3ccec7f54,2025-10-02T11:00:00+00:00,-0.07135698199272156,0.03863127599358558,False,5.643135233468096,True,True,large_residual
0.7577499747276306,13,2025-10-02T00:00:00+00:00,0.5166493654251099,0.6132584810256958,1.0605864524841309,0.14449149370193481,213d70b2-894b-406b-9dc3-31d3ccec7f54,2025-10-02T12:00:00+00:00,-0.07157731056213379,0.042125110423564906,False,5.129216329441337,True,True,large_residual
0.7602499723434448,14,2025-10-02T00:00:00+00:00,0.5212496519088745,0.6215993165969849,1.0451990365982056,0.13865065574645996,213d70b2-894b-406b-9dc3-31d3ccec7f54,2025-10-02T13:00:00+00:00,-0.08527475595474243,0.04392732506990432,False,5.097633678919801,True,True,large_residual
0.7637500166893005,15,2025-10-02T00:00:00+00:00,0.5271145105361938,0.6326465606689453,1.0305495262145996,0.13110345602035522,213d70b2-894b-406b-9dc3-31d3ccec7f54,2025-10-02T14:00:00+00:00,-0.09727421402931213,0.04981863343119621,False,4.584181747278886,True,True,large_residual
0.7605000138282776,16,2025-10-02T00:00:00+00:00,0.5340726375579834,0.6433441638946533,1.019665002822876,0.11715584993362427,213d70b2-894b-406b-9dc3-31d3ccec7f54,2025-10-02T15:00:00+00:00,-0.11257630586624146,0.05468803288936615,False,4.200775629736285,True,True,large_residual
0.7565000057220459,17,2025-10-02T00:00:00+00:00,0.5398712158203125,0.6526538133621216,1.0156362056732178,0.10384619235992432,213d70b2-894b-406b-9dc3-31d3ccec7f54,2025-10-02T16:00:00+00:00,-0.1273554265499115,0.05233637872338295,False,4.417608259291717,True,True,large_residual
0.7567499876022339,18,2025-10-02T00:00:00+00:00,0.5439624786376953,0.6603904962539673,1.0179636478424072,0.0963594913482666,213d70b2-894b-406b-9dc3-31d3ccec7f54,2025-10-02T17:00:00+00:00,-0.13386327028274536,0.05967103178501129,False,3.8581997787549804,True,True,large_residual
0.7565000057220459,19,2025-10-02T00:00:00+00:00,0.5463484525680542,0.6668366193771362,1.025818109512329,0.08966338634490967,213d70b2-894b-406b-9dc3-31d3ccec7f54,2025-10-02T18:00:00+00:00,-0.14276042580604553,0.060075191277265544,False,3.8688817664890585,True,True,large_residual
0.7592499852180481,20,2025-10-02T00:00:00+00:00,0.5471352338790894,0.6725088357925415,1.0390403270721436,0.08674114942550659,213d70b2-894b-406b-9dc3-31d3ccec7f54,2025-10-02T19:00:00+00:00,-0.14947938919067383,0.06257937179803848,False,3.7747348979234183,True,True,large_residual
0.7662500143051147,21,2025-10-02T00:00:00+00:00,0.5465571880340576,0.6778964400291443,1.0583581924438477,0.08835357427597046,213d70b2-894b-406b-9dc3-31d3ccec7f54,2025-10-02T20:00:00+00:00,-0.15468356013298035,0.06303858570456504,False,3.8553709873499096,True,True,large_residual
0.7689999938011169,22,2025-10-02T00:00:00+00:00,0.545274019241333,0.6832773685455322,1.0851056575775146,0.08572262525558472,213d70b2-894b-406b-9dc3-31d3ccec7f54,2025-10-02T21:00:00+00:00,-0.16358041763305664,0.06256346522569656,False,3.9848023441362335,True,True,large_residual
0.7767500281333923,23,2025-10-02T00:00:00+00:00,0.544832706451416,0.6885576844215393,1.120037317276001,0.08819234371185303,213d70b2-894b-406b-9dc3-31d3ccec7f54,2025-10-02T22:00:00+00:00,-0.16783103346824646,0.06229831150174141,False,4.109635895556221,True,True,large_residual
0.7875000238418579,24,2025-10-02T00:00:00+00:00,0.548095703125,0.6926167011260986,1.1578782796859741,0.09488332271575928,213d70b2-894b-406b-9dc3-31d3ccec7f54,2025-10-02T23:00:00+00:00,-0.17055284976959229,0.06056701365709304,False,4.382520392835419,True,True,large_residual
0.28999999165534973,1,2025-10-01T00:00:00+00:00,0.26393193006515503,0.3035329580307007,0.3697041869163513,-0.013532966375350952,3c43b72d-03a7-46e1-86c7-76dd97808544,2025-10-01T00:00:00+00:00,-0.03601019084453583,0.004089911136031151,False,5.495773311836984,True,True,large_residual
0.28850001096725464,2,2025-10-01T00:00:00+00:00,0.2630811333656311,0.3034852147102356,0.38141122460365295,-0.014985203742980957,3c43b72d-03a7-46e1-86c7-76dd97808544,2025-10-01T01:00:00+00:00,-0.03648318350315094,0.004237267854809761,False,5.0735475067424485,True,True,large_residual
0.2865000069141388,3,2025-10-01T00:00:00+00:00,0.2639986276626587,0.3054419755935669,0.3870706856250763,-0.0189419686794281,3c43b72d-03a7-46e1-86c7-76dd97808544,2025-10-01T02:00:00+00:00,-0.03757700324058533,0.004165622001886368,False,4.4735298960679835,True,True,large_residual
0.2842499911785126,4,2025-10-01T00:00:00+00:00,0.2664267420768738,0.30900418758392334,0.3889433741569519,-0.024754196405410767,3c43b72d-03a7-46e1-86c7-76dd97808544,2025-10-01T03:00:00+00:00,-0.04010505974292755,0.0031869922310113906,False,4.816724430057739,True,True,large_residual
0.28224998712539673,5,2025-10-01T00:00:00+00:00,0.26873597502708435,0.3126230537891388,0.38942041993141174,-0.030373066663742065,3c43b72d-03a7-46e1-86c7-76dd97808544,2025-10-01T04:00:00+00:00,-0.043128401041030884,0.0024790392994880673,False,5.145273162842901,True,True,large_residual
0.28025001287460327,6,2025-10-01T00:00:00+00:00,0.270458847284317,0.3156358003616333,0.38959333300590515,-0.03538578748703003,3c43b72d-03a7-46e1-86c7-76dd97808544,2025-10-01T05:00:00+00:00,-0.046898216009140015,0.001750474101305008,False,6.576748843943064,True,True,large_residual
0.2787500023841858,7,2025-10-01T00:00:00+00:00,0.2718181312084198,0.3177913725376129,0.3897246718406677,-0.039041370153427124,3c43b72d-03a7-46e1-86c7-76dd97808544,2025-10-01T06:00:00+00:00,-0.05053088068962097,0.00237776745557785,False,4.832058117895992,True,True,large_residual
0.2775000035762787,8,2025-10-01T00:00:00+00:00,0.27303579449653625,0.31890439987182617,0.3899571895599365,-0.041404396295547485,3c43b72d-03a7-46e1-86c7-76dd97808544,2025-10-01T07:00:00+00:00,-0.05368398129940033,0.002761447235941887,False,4.4467932771000305,True,True,large_residual
0.2745000123977661,9,2025-10-01T00:00:00+00:00,0.27410608530044556,0.3188825845718384,0.3905082643032074,-0.044382572174072266,3c43b72d-03a7-46e1-86c7-76dd97808544,2025-10-01T08:00:00+00:00,-0.05470559000968933,0.0031582057535648345,False,3.2686337246915995,False,False,
0.273250013589859,10,2025-10-01T00:00:00+00:00,0.2748791575431824,0.3178926110267639,0.39157190918922424,-0.04464259743690491,3c43b72d-03a7-46e1-86c7-76dd97808544,2025-10-01T09:00:00+00:00,-0.05412396788597107,0.004079814881086349,True,2.3239707500016564,False,True,outside_p10_p90
0.27425000071525574,11,2025-10-01T00:00:00+00:00,0.275346577167511,0.3164948523044586,0.3930450975894928,-0.04224485158920288,3c43b72d-03a7-46e1-86c7-76dd97808544,2025-10-01T10:00:00+00:00,-0.054702699184417725,0.0014517398357391357,True,8.581322416403957,True,True,outside_p10_p90|large_residual
0.27649998664855957,12,2025-10-01T00:00:00+00:00,0.27589935064315796,0.3157031536102295,0.39427533745765686,-0.03920316696166992,3c43b72d-03a7-46e1-86c7-76dd97808544,2025-10-01T11:00:00+00:00,-0.05079418420791626,0.0004448979914188385,False,26.053202014423693,True,True,large_residual
0.2782500088214874,13,2025-10-01T00:00:00+00:00,0.2769850194454193,0.31639665365219116,0.39438048005104065,-0.038146644830703735,3c43b72d-03a7-46e1-86c7-76dd97808544,2025-10-01T12:00:00+00:00,-0.04935421049594879,0.0005030232578516007,False,22.28041246663679,True,True,large_residual
0.28075000643730164,14,2025-10-01T00:00:00+00:00,0.2783687710762024,0.3184892535209656,0.3931977152824402,-0.03773924708366394,3c43b72d-03a7-46e1-86c7-76dd97808544,2025-10-01T13:00:00+00:00,-0.048206791281700134,0.0013485459476709366,False,7.762096809615282,True,True,large_residual
0.28174999356269836,15,2025-10-01T00:00:00+00:00,0.2800450325012207,0.32109904289245605,0.39145439863204956,-0.03934904932975769,3c43b72d-03a7-46e1-86c7-76dd97808544,2025-10-01T14:00:00+00:00,-0.04771906137466431,0.0021260459482669827,False,3.9368914165422044,True,True,large_residual
0.28200000524520874,16,2025-10-01T00:00:00+00:00,0.28196436166763306,0.323535680770874,0.38969478011131287,-0.04153567552566528,3c43b72d-03a7-46e1-86c7-76dd97808544,2025-10-01T15:00:00+00:00,-0.04790997505187988,0.00258972253203392,False,2.4613831973761076,False,False,
0.28200000524520874,17,2025-10-01T00:00:00+00:00,0.2835010886192322,0.3255907893180847,0.3887905776500702,-0.04359078407287598,3c43b72d-03a7-46e1-86c7-76dd97808544,2025-10-01T16:00:00+00:00,-0.04892022907733917,0.0021181147545576095,True,2.5161266607466253,False,True,outside_p10_p90
0.28200000524520874,18,2025-10-01T00:00:00+00:00,0.28441470861434937,0.327312171459198,0.38903939723968506,-0.04531216621398926,3c43b72d-03a7-46e1-86c7-76dd97808544,2025-10-01T17:00:00+00:00,-0.04973304271697998,0.001984742563962936,True,2.2274306921516094,False,True,outside_p10_p90
0.28200000524520874,19,2025-10-01T00:00:00+00:00,0.2846944332122803,0.32885390520095825,0.39049437642097473,-0.04685389995574951,3c43b72d-03a7-46e1-86c7-76dd97808544,2025-10-01T18:00:00+00:00,-0.05158500373363495,0.0031102430194616315,True,1.521136370464186,False,True,outside_p10_p90
0.28200000524520874,20,2025-10-01T00:00:00+00:00,0.2843930721282959,0.3304060101509094,0.39319348335266113,-0.048406004905700684,3c43b72d-03a7-46e1-86c7-76dd97808544,2025-10-01T19:00:00+00:00,-0.05259804427623749,0.0021474093586206435,True,1.9521379813812019,False,True,outside_p10_p90
0.28224998712539673,21,2025-10-01T00:00:00+00:00,0.28360825777053833,0.33214929699897766,0.39723193645477295,-0.04989930987358093,3c43b72d-03a7-46e1-86c7-76dd97808544,2025-10-01T20:00:00+00:00,-0.05339239537715912,0.0020364610165357587,True,1.7152724629712301,False,True,outside_p10_p90
0.28450000286102295,22,2025-10-01T00:00:00+00:00,0.28257352113723755,0.33422666788101196,0.40272021293640137,-0.049726665019989014,3c43b72d-03a7-46e1-86c7-76dd97808544,2025-10-01T21:00:00+00:00,-0.05405999720096588,0.0019956341475248335,False,2.1714061098580917,False,False,
0.2862499952316284,23,2025-10-01T00:00:00+00:00,0.28182870149612427,0.3366602957248688,0.40947771072387695,-0.050410300493240356,3c43b72d-03a7-46e1-86c7-76dd97808544,2025-10-01T22:00:00+00:00,-0.055592626333236694,0.0008880727708339691,False,5.835474310432615,True,True,large_residual
0.28700000047683716,24,2025-10-01T00:00:00+00:00,0.2821991741657257,0.33910274505615234,0.4163926839828491,-0.052102744579315186,3c43b72d-03a7-46e1-86c7-76dd97808544,2025-10-01T23:00:00+00:00,-0.05806337296962738,8.012935817241668e-05,False,74.38757187454985,True,True,large_residual
0.28700000047683716,1,2025-10-02T00:00:00+00:00,0.26083821058273315,0.2946069836616516,0.37778669595718384,-0.007606983184814453,3c43b72d-03a7-46e1-86c7-76dd97808544,2025-10-02T00:00:00+00:00,-0.03601019084453583,0.004089911136031151,False,6.944700438475503,True,True,large_residual
0.2862499952316284,2,2025-10-02T00:00:00+00:00,0.2527223825454712,0.29092341661453247,0.3972043991088867,-0.004673421382904053,3c43b72d-03a7-46e1-86c7-76dd97808544,2025-10-02T01:00:00+00:00,-0.03648318350315094,0.004237267854809761,False,7.507139791537923,True,True,large_residual
0.28349998593330383,3,2025-10-02T00:00:00+00:00,0.2537306547164917,0.29539695382118225,0.40426763892173767,-0.011896967887878418,3c43b72d-03a7-46e1-86c7-76dd97808544,2025-10-02T02:00:00+00:00,-0.03757700324058533,0.004165622001886368,False,6.164754109008911,True,True,large_residual
0.2815000116825104,4,2025-10-02T00:00:00+00:00,0.26050862669944763,0.30316945910453796,0.401860773563385,-0.021669447422027588,3c43b72d-03a7-46e1-86c7-76dd97808544,2025-10-02T03:00:00+00:00,-0.04010505974292755,0.0031869922310113906,False,5.784643006503166,True,True,large_residual
0.27950000762939453,5,2025-10-02T00:00:00+00:00,0.2657250165939331,0.30897724628448486,0.39871135354042053,-0.029477238655090332,3c43b72d-03a7-46e1-86c7-76dd97808544,2025-10-02T04:00:00+00:00,-0.043128401041030884,0.0024790392994880673,False,5.506634117805062,True,True,large_residual
0.2777499854564667,6,2025-10-02T00:00:00+00:00,0.2689569890499115,0.3128492832183838,0.39652323722839355,-0.035099297761917114,3c43b72d-03a7-46e1-86c7-76dd97808544,2025-10-02T05:00:00+00:00,-0.046898216009140015,0.001750474101305008,False,6.740412919235199,True,True,large_residual
0.2757500112056732,7,2025-10-02T00:00:00+00:00,0.2711224853992462,0.31527280807495117,0.39508602023124695,-0.039522796869277954,3c43b72d-03a7-46e1-86c7-76dd97808544,2025-10-02T06:00:00+00:00,-0.05053088068962097,0.00237776745557785,False,4.629588059387334,True,True,large_residual
0.2750000059604645,8,2025-10-02T00:00:00+00:00,0.27280282974243164,0.31640154123306274,0.3942300081253052,-0.04140153527259827,3c43b72d-03a7-46e1-86c7-76dd97808544,2025-10-02T07:00:00+00:00,-0.05368398129940033,0.002761447235941887,False,4.447829336348956,True,True,large_residual
0.2745000123977661,9,2025-10-02T00:00:00+00:00,0.2741702198982239,0.31630387902259827,0.3939732313156128,-0.04180386662483215,3c43b72d-03a7-46e1-86c7-76dd97808544,2025-10-02T08:00:00+00:00,-0.05470559000968933,0.0031582057535648345,False,4.085143398366087,True,True,large_residual
0.27399998903274536,10,2025-10-02T00:00:00+00:00,0.2751431465148926,0.31524041295051575,0.3943731486797333,-0.041240423917770386,3c43b72d-03a7-46e1-86c7-76dd97808544,2025-10-02T09:00:00+00:00,-0.05412396788597107,0.004079814881086349,True,3.1578746447363635,False,True,outside_p10_p90
0.27399998903274536,11,2025-10-02T00:00:00+00:00,0.2757277488708496,0.3138241171836853,0.39520350098609924,-0.03982412815093994,3c43b72d-03a7-46e1-86c7-76dd97808544,2025-10-02T10:00:00+00:00,-0.054702699184417725,0.0014517398357391357,True,10.248786089073969,True,True,outside_p10_p90|large_residual
0.2745000123977661,12,2025-10-02T00:00:00+00:00,0.27633965015411377,0.3130388855934143,0.3956853747367859,-0.03853887319564819,3c43b72d-03a7-46e1-86c7-76dd97808544,2025-10-02T11:00:00+00:00,-0.05079418420791626,0.0004448979914188385,True,27.546339270231947,True,True,outside_p10_p90|large_residual
0.2762500047683716,13,2025-10-02T00:00:00+00:00,0.27748969197273254,0.3135908842086792,0.3948640823364258,-0.03734087944030762,3c43b72d-03a7-46e1-86c7-76dd97808544,2025-10-02T12:00:00+00:00,-0.04935421049594879,0.0005030232578516007,True,23.882257665281326,True,True,outside_p10_p90|large_residual
0.27674999833106995,14,2025-10-02T00:00:00+00:00,0.27889832854270935,0.31522923707962036,0.39277902245521545,-0.038479238748550415,3c43b72d-03a7-46e1-86c7-76dd97808544,2025-10-02T13:00:00+00:00,-0.048206791281700134,0.0013485459476709366,True,7.213363808589616,True,True,outside_p10_p90|large_residual
0.2770000100135803,15,2025-10-02T00:00:00+00:00,0.28043901920318604,0.31721216440200806,0.390497624874115,-0.040212154388427734,3c43b72d-03a7-46e1-86c7-76dd97808544,2025-10-02T14:00:00+00:00,-0.04771906137466431,0.0021260459482669827,True,3.5309241516420307,True,True,outside_p10_p90|large_residual
0.2770000100135803,16,2025-10-02T00:00:00+00:00,0.282021701335907,0.31911319494247437,0.38861116766929626,-0.04211318492889404,3c43b72d-03a7-46e1-86c7-76dd97808544,2025-10-02T15:00:00+00:00,-0.04790997505187988,0.00258972253203392,True,2.238382703660978,False,True,outside_p10_p90
0.2770000100135803,17,2025-10-02T00:00:00+00:00,0.28314000368118286,0.3208112120628357,0.38777661323547363,-0.04381120204925537,3c43b72d-03a7-46e1-86c7-76dd97808544,2025-10-02T16:00:00+00:00,-0.04892022907733917,0.0021181147545576095,True,2.4120633771567657,False,True,outside_p10_p90
0.2770000100135803,18,2025-10-02T00:00:00+00:00,0.28369107842445374,0.3223157525062561,0.38808342814445496,-0.04531574249267578,3c43b72d-03a7-46e1-86c7-76dd97808544,2025-10-02T17:00:00+00:00,-0.04973304271697998,0.001984742563962936,True,2.2256288067325842,False,True,outside_p10_p90
0.2770000100135803,19,2025-10-02T00:00:00+00:00,0.2837320566177368,0.32372981309890747,0.38949838280677795,-0.04672980308532715,3c43b72d-03a7-46e1-86c7-76dd97808544,2025-10-02T18:00:00+00:00,-0.05158500373363495,0.0031102430194616315,True,1.5610357833543864,False,True,outside_p10_p90
0.2770000100135803,20,2025-10-02T00:00:00+00:00,0.2833321988582611,0.32522398233413696,0.392069548368454,-0.04822397232055664,3c43b72d-03a7-46e1-86c7-76dd97808544,2025-10-02T19:00:00+00:00,-0.05259804427623749,0.0021474093586206435,True,2.036906441765005,False,True,outside_p10_p90
0.2770000100135803,21,2025-10-02T00:00:00+00:00,0.2825760543346405,0.326998233795166,0.39595866203308105,-0.04999822378158569,3c43b72d-03a7-46e1-86c7-76dd97808544,2025-10-02T20:00:00+00:00,-0.05339239537715912,0.0020364610165357587,True,1.6667009915796374,False,True,outside_p10_p90
0.2775000035762787,22,2025-10-02T00:00:00+00:00,0.28168243169784546,0.3292425572872162,0.4013705551624298,-0.0517425537109375,3c43b72d-03a7-46e1-86c7-76dd97808544,2025-10-02T21:00:00+00:00,-0.05405999720096588,0.0019956341475248335,True,1.1612566826954154,False,True,outside_p10_p90
0.27799999713897705,23,2025-10-02T00:00:00+00:00,0.2811375856399536,0.33205223083496094,0.408302366733551,-0.05405223369598389,3c43b72d-03a7-46e1-86c7-76dd97808544,2025-10-02T22:00:00+00:00,-0.055592626333236694,0.0008880727708339691,True,1.7345342497172385,False,True,outside_p10_p90
0.27900001406669617,24,2025-10-02T00:00:00+00:00,0.281752347946167,0.3351113796234131,0.4157625138759613,-0.05611136555671692,3c43b72d-03a7-46e1-86c7-76dd97808544,2025-10-02T23:00:00+00:00,-0.05806337296962738,8.012935817241668e-05,True,24.36070196282204,True,True,outside_p10_p90|large_residual
0.2992500066757202,1,2025-10-01T00:00:00+00:00,0.2857482135295868,0.35446858406066895,0.40879690647125244,-0.05521857738494873,3c4d4f78-2d0e-474a-b884-65a9daca18fb,2025-10-01T00:00:00+00:00,-0.10533982515335083,0.0027340746760368346,False,18.33206978861862,True,True,large_residual
0.3005000054836273,2,2025-10-01T00:00:00+00:00,0.28786683082580566,0.3570694923400879,0.42716243863105774,-0.05656948685646057,3c4d4f78-2d0e-474a-b884-65a9daca18fb,2025-10-01T01:00:00+00:00,-0.10697723925113678,0.0019042597264051437,False,26.471048930828267,True,True,large_residual
0.30000001192092896,3,2025-10-01T00:00:00+00:00,0.2924818694591522,0.3635817766189575,0.4344002306461334,-0.06358176469802856,3c4d4f78-2d0e-474a-b884-65a9daca18fb,2025-10-01T02:00:00+00:00,-0.11081212759017944,0.002681936466693878,False,17.610545021737032,True,True,large_residual
0.2992500066757202,4,2025-10-01T00:00:00+00:00,0.2984835207462311,0.3715530335903168,0.4343259930610657,-0.07230302691459656,3c4d4f78-2d0e-474a-b884-65a9daca18fb,2025-10-01T03:00:00+00:00,-0.11557900905609131,0.004169200980663299,False,10.379922278203473,True,True,large_residual
0.2985000014305115,5,2025-10-01T00:00:00+00:00,0.3034113943576813,0.3783247470855713,0.43234461545944214,-0.07982474565505981,3c4d4f78-2d0e-474a-b884-65a9daca18fb,2025-10-01T04:00:00+00:00,-0.12006030976772308,0.004627111431956291,True,8.695611658449325,True,True,outside_p10_p90|large_residual
0.2980000078678131,6,2025-10-01T00:00:00+00:00,0.307088702917099,0.3834090530872345,0.43047431111335754,-0.08540904521942139,3c4d4f78-2d0e-474a-b884-65a9daca18fb,2025-10-01T05:00:00+00:00,-0.12441164255142212,0.005290216666460037,True,7.37258978054285,True,True,outside_p10_p90|large_residual
0.29750001430511475,7,2025-10-01T00:00:00+00:00,0.31008753180503845,0.38679584860801697,0.42915281653404236,-0.08929583430290222,3c4d4f78-2d0e-474a-b884-65a9daca18fb,2025-10-01T06:00:00+00:00,-0.1274765282869339,0.005294082847237587,True,7.211956269999455,True,True,outside_p10_p90|large_residual
0.29725000262260437,8,2025-10-01T00:00:00+00:00,0.3129900097846985,0.38839927315711975,0.4283255636692047,-0.09114927053451538,3c4d4f78-2d0e-474a-b884-65a9daca18fb,2025-10-01T07:00:00+00:00,-0.1288873255252838,0.0055612911701202385,True,6.7858441207912,True,True,outside_p10_p90|large_residual
0.296999990940094,9,2025-10-01T00:00:00+00:00,0.31602731347084045,0.3881908059120178,0.42813539505004883,-0.09119081497192383,3c4d4f78-2d0e-474a-b884-65a9daca18fb,2025-10-01T08:00:00+00:00,-0.12847979366779327,0.005480278113484382,True,6.80421283805266,True,True,outside_p10_p90|large_residual
0.296999990940094,10,2025-10-01T00:00:00+00:00,0.3190164864063263,0.3865239918231964,0.4289412200450897,-0.08952400088310242,3c4d4f78-2d0e-474a-b884-65a9daca18fb,2025-10-01T09:00:00+00:00,-0.12672555446624756,0.005476632857322692,True,6.7927784374670495,True,True,outside_p10_p90|large_residual
0.29725000262260437,11,2025-10-01T00:00:00+00:00,0.3216794431209564,0.3844242990016937,0.4308199882507324,-0.08717429637908936,3c4d4f78-2d0e-474a-b884-65a9daca18fb,2025-10-01T10:00:00+00:00,-0.12472169101238251,0.004992123082280159,True,7.521327902865594,True,True,outside_p10_p90|large_residual
0.29725000262260437,12,2025-10-01T00:00:00+00:00,0.32384192943573,0.3837624192237854,0.4332273602485657,-0.08651241660118103,3c4d4f78-2d0e-474a-b884-65a9daca18fb,2025-10-01T11:00:00+00:00,-0.12264204025268555,0.0042289831817150115,True,8.543335856174439,True,True,outside_p10_p90|large_residual
0.296999990940094,13,2025-10-01T00:00:00+00:00,0.32536831498146057,0.3860064148902893,0.4353850483894348,-0.08900642395019531,3c4d4f78-2d0e-474a-b884-65a9daca18fb,2025-10-01T12:00:00+00:00,-0.12253625690937042,0.004450106629729271,True,7.5346133809865465,True,True,outside_p10_p90|large_residual
0.29649999737739563,14,2025-10-01T00:00:00+00:00,0.326089471578598,0.390567809343338,0.43687546253204346,-0.09406781196594238,3c4d4f78-2d0e-474a-b884-65a9daca18fb,2025-10-01T13:00:00+00:00,-0.12368631362915039,0.004521045523881912,True,6.5512504810561225,True,True,outside_p10_p90|large_residual
0.29600000381469727,15,2025-10-01T00:00:00+00:00,0.3273361325263977,0.3951895833015442,0.4376811981201172,-0.09918957948684692,3c4d4f78-2d0e-474a-b884-65a9daca18fb,2025-10-01T14:00:00+00:00,-0.1260381042957306,0.0041327042341232295,True,6.496599632559888,True,True,outside_p10_p90|large_residual
0.2957499921321869,16,2025-10-01T00:00:00+00:00,0.33002808690071106,0.39846253395080566,0.4378271698951721,-0.10271254181861877,3c4d4f78-2d0e-474a-b884-65a9daca18fb,2025-10-01T15:00:00+00:00,-0.1271917074918747,0.003641964384913444,True,6.7214181925169205,True,True,outside_p10_p90|large_residual
0.29750001430511475,17,2025-10-01T00:00:00+00:00,0.3334149122238159,0.4006708860397339,0.43858957290649414,-0.10317087173461914,3c4d4f78-2d0e-474a-b884-65a9daca18fb,2025-10-01T16:00:00+00:00,-0.12748194485902786,0.0037756569162011146,True,6.438898889380384,True,True,outside_p10_p90|large_residual
0.29899999499320984,18,2025-10-01T00:00:00+00:00,0.3367931544780731,0.4024515748023987,0.440592885017395,-0.10345157980918884,3c4d4f78-2d0e-474a-b884-65a9daca18fb,2025-10-01T17:00:00+00:00,-0.12772484868764877,0.003267066358029842,True,7.429683458617467,True,True,outside_p10_p90|large_residual
0.29774999618530273,19,2025-10-01T00:00:00+00:00,0.3398991823196411,0.4042452871799469,0.4440377950668335,-0.10649529099464417,3c4d4f78-2d0e-474a-b884-65a9daca18fb,2025-10-01T18:00:00+00:00,-0.1282205954194069,0.0028427364483475685,True,7.642391343520872,True,True,outside_p10_p90|large_residual
0.29624998569488525,20,2025-10-01T00:00:00+00:00,0.342841237783432,0.40632563829421997,0.4490451216697693,-0.11007565259933472,3c4d4f78-2d0e-474a-b884-65a9daca18fb,2025-10-01T19:00:00+00:00,-0.1288628652691841,0.0028456968382000922,True,6.601972640814521,True,True,outside_p10_p90|large_residual
0.2957499921321869,21,2025-10-01T00:00:00+00:00,0.34599924087524414,0.4088367223739624,0.45571744441986084,-0.11308673024177551,3c4d4f78-2d0e-474a-b884-65a9daca18fb,2025-10-01T20:00:00+00:00,-0.12997325509786606,0.0029170775815844535,True,5.788850102134885,True,True,outside_p10_p90|large_residual
0.29499998688697815,22,2025-10-01T00:00:00+00:00,0.35000911355018616,0.4117257595062256,0.46379613876342773,-0.11672577261924744,3c4d4f78-2d0e-474a-b884-65a9daca18fb,2025-10-01T21:00:00+00:00,-0.13192208856344223,0.0036402522191405296,True,4.174522815834632,True,True,outside_p10_p90|large_residual
0.29475000500679016,23,2025-10-01T00:00:00+00:00,0.3555337190628052,0.41475194692611694,0.47271978855133057,-0.12000194191932678,3c4d4f78-2d0e-474a-b884-65a9daca18fb,2025-10-01T22:00:00+00:00,-0.13483473658561707,0.004648298102617263,True,3.1910162254736965,False,True,outside_p10_p90
0.2932499945163727,24,2025-10-01T00:00:00+00:00,0.36291825771331787,0.417278528213501,0.4809674620628357,-0.1240285336971283,3c4d4f78-2d0e-474a-b884-65a9daca18fb,2025-10-01T23:00:00+00:00,-0.13755390048027039,0.005489932519197464,True,2.4636672191954867,False,True,outside_p10_p90
0.2927500009536743,1,2025-10-02T00:00:00+00:00,0.2775496244430542,0.34115633368492126,0.4209046959877014,-0.04840633273124695,3c4d4f78-2d0e-474a-b884-65a9daca18fb,2025-10-02T00:00:00+00:00,-0.10533982515335083,0.0027340746760368346,False,20.82367863654389,True,True,large_residual
0.29225000739097595,2,2025-10-02T00:00:00+00:00,0.27145591378211975,0.3399120569229126,0.45273375511169434,-0.047662049531936646,3c4d4f78-2d0e-474a-b884-65a9daca18fb,2025-10-02T01:00:00+00:00,-0.10697723925113678,0.0019042597264051437,False,31.148686755653436,True,True,large_residual
0.2919999957084656,3,2025-10-02T00:00:00+00:00,0.281466543674469,0.35291817784309387,0.45974940061569214,-0.060918182134628296,3c4d4f78-2d0e-474a-b884-65a9daca18fb,2025-10-02T02:00:00+00:00,-0.11081212759017944,0.002681936466693878,False,18.60370149523238,True,True,large_residual
0.29124999046325684,4,2025-10-02T00:00:00+00:00,0.2946716248989105,0.366525799036026,0.452238529920578,-0.07527580857276917,3c4d4f78-2d0e-474a-b884-65a9daca18fb,2025-10-02T03:00:00+00:00,-0.11557900905609131,0.004169200980663299,True,9.666888372675693,True,True,outside_p10_p90|large_residual
0.29074999690055847,5,2025-10-02T00:00:00+00:00,0.30294397473335266,0.37533432245254517,0.4448784589767456,-0.0845843255519867,3c4d4f78-2d0e-474a-b884-65a9daca18fb,2025-10-02T04:00:00+00:00,-0.12006030976772308,0.004627111431956291,True,7.666982897954014,True,True,outside_p10_p90|large_residual
0.28999999165534973,6,2025-10-02T00:00:00+00:00,0.30777794122695923,0.3808373212814331,0.4396618604660034,-0.09083732962608337,3c4d4f78-2d0e-474a-b884-65a9daca18fb,2025-10-02T05:00:00+00:00,-0.12441164255142212,0.005290216666460037,True,6.346491087633485,True,True,outside_p10_p90|large_residual
0.289000004529953,7,2025-10-02T00:00:00+00:00,0.31113067269325256,0.38411757349967957,0.4359789788722992,-0.09511756896972656,3c4d4f78-2d0e-474a-b884-65a9daca18fb,2025-10-02T06:00:00+00:00,-0.1274765282869339,0.005294082847237587,True,6.112288048928438,True,True,outside_p10_p90|large_residual
0.2887499928474426,8,2025-10-02T00:00:00+00:00,0.3140551745891571,0.38549521565437317,0.43341800570487976,-0.09674522280693054,3c4d4f78-2d0e-474a-b884-65a9daca18fb,2025-10-02T07:00:00+00:00,-0.1288873255252838,0.0055612911701202385,True,5.77961155694323,True,True,outside_p10_p90|large_residual
0.289000004529953,9,2025-10-02T00:00:00+00:00,0.31688863039016724,0.3851158320903778,0.4319400191307068,-0.0961158275604248,3c4d4f78-2d0e-474a-b884-65a9daca18fb,2025-10-02T08:00:00+00:00,-0.12847979366779327,0.005480278113484382,True,5.90553352169044,True,True,outside_p10_p90|large_residual
0.289000004529953,10,2025-10-02T00:00:00+00:00,0.31945866346359253,0.3834261894226074,0.43170350790023804,-0.09442618489265442,3c4d4f78-2d0e-474a-b884-65a9daca18fb,2025-10-02T09:00:00+00:00,-0.12672555446624756,0.005476632857322692,True,5.897669318914874,True,True,outside_p10_p90|large_residual
0.289000004529953,11,2025-10-02T00:00:00+00:00,0.32144126296043396,0.3814746141433716,0.4326266050338745,-0.09247460961341858,3c4d4f78-2d0e-474a-b884-65a9daca18fb,2025-10-02T10:00:00+00:00,-0.12472169101238251,0.004992123082280159,True,6.4595926157002985,True,True,outside_p10_p90|large_residual
0.289249986410141,12,2025-10-02T00:00:00+00:00,0.3227354884147644,0.3809620440006256,0.4339834749698639,-0.09171205759048462,3c4d4f78-2d0e-474a-b884-65a9daca18fb,2025-10-02T11:00:00+00:00,-0.12264204025268555,0.0042289831817150115,True,7.313810751467131,True,True,outside_p10_p90|large_residual
0.289000004529953,13,2025-10-02T00:00:00+00:00,0.3235670328140259,0.3828527331352234,0.43472743034362793,-0.09385272860527039,3c4d4f78-2d0e-474a-b884-65a9daca18fb,2025-10-02T12:00:00+00:00,-0.12253625690937042,0.004450106629729271,True,6.445582250204428,True,True,outside_p10_p90|large_residual
0.2879999876022339,14,2025-10-02T00:00:00+00:00,0.32404404878616333,0.3861812353134155,0.43435394763946533,-0.09818124771118164,3c4d4f78-2d0e-474a-b884-65a9daca18fb,2025-10-02T13:00:00+00:00,-0.12368631362915039,0.004521045523881912,True,5.641408781053214,True,True,outside_p10_p90|large_residual
0.2887499928474426,15,2025-10-02T00:00:00+00:00,0.3252047002315521,0.38923126459121704,0.4333420991897583,-0.10048127174377441,3c4d4f78-2d0e-474a-b884-65a9daca18fb,2025-10-02T14:00:00+00:00,-0.1260381042957306,0.0041327042341232295,True,6.184045870240739,True,True,outside_p10_p90|large_residual
0.28850001096725464,16,2025-10-02T00:00:00+00:00,0.3275165557861328,0.3913382887840271,0.43224042654037476,-0.10283827781677246,3c4d4f78-2d0e-474a-b884-65a9daca18fb,2025-10-02T15:00:00+00:00,-0.1271917074918747,0.003641964384913444,True,6.686893967438131,True,True,outside_p10_p90|large_residual
0.28999999165534973,17,2025-10-02T00:00:00+00:00,0.33024123311042786,0.39287105202674866,0.43228858709335327,-0.10287106037139893,3c4d4f78-2d0e-474a-b884-65a9daca18fb,2025-10-02T16:00:00+00:00,-0.12748194485902786,0.0037756569162011146,True,6.5183052999400255,True,True,outside_p10_p90|large_residual
0.2902500033378601,18,2025-10-02T00:00:00+00:00,0.3329308032989502,0.39425933361053467,0.4338161051273346,-0.10400933027267456,3c4d4f78-2d0e-474a-b884-65a9daca18fb,2025-10-02T17:00:00+00:00,-0.12772484868764877,0.003267066358029842,True,7.258964409059484,True,True,outside_p10_p90|large_residual
0.289249986410141,19,2025-10-02T00:00:00+00:00,0.33547884225845337,0.39579904079437256,0.43685996532440186,-0.10654905438423157,3c4d4f78-2d0e-474a-b884-65a9daca18fb,2025-10-02T18:00:00+00:00,-0.1282205954194069,0.0028427364483475685,True,7.623478795500934,True,True,outside_p10_p90|large_residual
0.28850001096725464,20,2025-10-02T00:00:00+00:00,0.3380507230758667,0.39769843220710754,0.44145506620407104,-0.1091984212398529,3c4d4f78-2d0e-474a-b884-65a9daca18fb,2025-10-02T19:00:00+00:00,-0.1288628652691841,0.0028456968382000922,True,6.910238562786962,True,True,outside_p10_p90|large_residual
0.2879999876022339,21,2025-10-02T00:00:00+00:00,0.34103021025657654,0.4001060724258423,0.44769173860549927,-0.1121060848236084,3c4d4f78-2d0e-474a-b884-65a9daca18fb,2025-10-02T20:00:00+00:00,-0.12997325509786606,0.0029170775815844535,True,6.125024026461732,True,True,outside_p10_p90|large_residual
0.28975000977516174,22,2025-10-02T00:00:00+00:00,0.34501150250434875,0.40307003259658813,0.4555824398994446,-0.11332002282142639,3c4d4f78-2d0e-474a-b884-65a9daca18fb,2025-10-02T21:00:00+00:00,-0.13192208856344223,0.0036402522191405296,True,5.110103537388357,True,True,outside_p10_p90|large_residual
0.28949999809265137,23,2025-10-02T00:00:00+00:00,0.35067620873451233,0.4064294099807739,0.4648262858390808,-0.11692941188812256,3c4d4f78-2d0e-474a-b884-65a9daca18fb,2025-10-02T22:00:00+00:00,-0.13483473658561707,0.004648298102617263,True,3.852017297989723,True,True,outside_p10_p90|large_residual
0.28949999809265137,24,2025-10-02T00:00:00+00:00,0.3584265112876892,0.4095141589641571,0.47390103340148926,-0.12001416087150574,3c4d4f78-2d0e-474a-b884-65a9daca18fb,2025-10-02T23:00:00+00:00,-0.13755390048027039,0.005489932519197464,True,3.1948916580360196,False,True,outside_p10_p90
4.4704999923706055,1,2025-10-01T00:00:00+00:00,4.415375232696533,4.498046875,4.545677185058594,-0.02754688262939453,8496ce69-482c-406a-a2f0-ac418ef8f099,2025-10-01T00:00:00+00:00,-0.0565335750579834,0.0001367965221405029,False,211.896413556602,True,True,large_residual
4.467750072479248,2,2025-10-01T00:00:00+00:00,4.413233280181885,4.492439270019531,4.565883159637451,-0.024689197540283203,8496ce69-482c-406a-a2f0-ac418ef8f099,2025-10-01T01:00:00+00:00,-0.05688285827636719,0.0019031330108642576,False,16.916138048314387,True,True,large_residual
4.460750102996826,3,2025-10-01T00:00:00+00:00,4.420676231384277,4.496282577514648,4.5680060386657715,-0.035532474517822266,8496ce69-482c-406a-a2f0-ac418ef8f099,2025-10-01T02:00:00+00:00,-0.0649712085723877,0.0016002011775970459,False,18.396895632068166,True,True,large_residual
4.46150016784668,4,2025-10-01T00:00:00+00:00,4.43043851852417,4.5034308433532715,4.561735153198242,-0.0419306755065918,8496ce69-482c-406a-a2f0-ac418ef8f099,2025-10-01T03:00:00+00:00,-0.06969833374023438,0.0024057806968688965,False,11.542057125066284,True,True,large_residual
4.460000038146973,5,2025-10-01T00:00:00+00:00,4.43759822845459,4.509005546569824,4.555392265319824,-0.04900550842285156,8496ce69-482c-406a-a2f0-ac418ef8f099,2025-10-01T04:00:00+00:00,-0.07552003860473633,0.008664486694335937,False,3.0601385999262467,False,False,
4.454999923706055,6,2025-10-01T00:00:00+00:00,4.442323684692383,4.512430667877197,4.550321578979492,-0.05743074417114258,8496ce69-482c-406a-a2f0-ac418ef8f099,2025-10-01T05:00:00+00:00,-0.08076763153076172,0.007533352661132812,False,3.097808958290545,False,False,
4.456999778747559,7,2025-10-01T00:00:00+00:00,4.445940971374512,4.513913154602051,4.546148300170898,-0.05691337585449219,8496ce69-482c-406a-a2f0-ac418ef8f099,2025-10-01T06:00:00+00:00,-0.08083581924438477,0.016034531879425048,False,1.4919327592337774,False,False,
4.44950008392334,8,2025-10-01T00:00:00+00:00,4.449443817138672,4.513484954833984,4.54257869720459,-0.06398487091064453,8496ce69-482c-406a-a2f0-ac418ef8f099,2025-10-01T07:00:00+00:00,-0.0693821907043457,0.016225410747528077,False,0.3326461115644451,False,False,
4.448750019073486,9,2025-10-01T00:00:00+00:00,4.453216552734375,4.511178970336914,4.539658069610596,-0.062428951263427734,8496ce69-482c-406a-a2f0-ac418ef8f099,2025-10-01T08:00:00+00:00,-0.06367206573486328,0.01676340637207031,True,0.07415643597990401,False,True,outside_p10_p90
4.451000213623047,10,2025-10-01T00:00:00+00:00,4.45728063583374,4.5073561668396,4.537484645843506,-0.056355953216552734,8496ce69-482c-406a-a2f0-ac418ef8f099,2025-10-01T09:00:00+00:00,-0.061582326889038086,0.008462649965286255,True,0.6175812179310155,False,True,outside_p10_p90
4.448249816894531,11,2025-10-01T00:00:00+00:00,4.461161136627197,4.503100872039795,4.536243438720703,-0.05485105514526367,8496ce69-482c-406a-a2f0-ac418ef8f099,2025-10-01T10:00:00+00:00,-0.0527491569519043,0.004906293869018554,True,0.42840854002490375,False,True,outside_p10_p90
4.440499782562256,12,2025-10-01T00:00:00+00:00,4.464163303375244,4.5003342628479,4.536047458648682,-0.05983448028564453,8496ce69-482c-406a-a2f0-ac418ef8f099,2025-10-01T11:00:00+00:00,-0.05542778968811035,0.0020081163883209226,True,2.194439835839801,False,True,outside_p10_p90
4.435999870300293,13,2025-10-01T00:00:00+00:00,4.465275287628174,4.501054763793945,4.53701114654541,-0.06505489349365234,8496ce69-482c-406a-a2f0-ac418ef8f099,2025-10-01T12:00:00+00:00,-0.05704927444458008,0.0033785559654235836,True,2.3695386819109765,False,True,outside_p10_p90
4.427249908447266,14,2025-10-01T00:00:00+00:00,4.464015007019043,4.5060553550720215,4.539292335510254,-0.07880544662475586,8496ce69-482c-406a-a2f0-ac418ef8f099,2025-10-01T13:00:00+00:00,-0.0661306381225586,0.0026489745140075684,True,4.784798205937384,True,True,outside_p10_p90|large_residual
4.421000003814697,15,2025-10-01T00:00:00+00:00,4.462307929992676,4.513531684875488,4.542253017425537,-0.09253168106079102,8496ce69-482c-406a-a2f0-ac418ef8f099,2025-10-01T14:00:00+00:00,-0.06494140625,0.006094691562652588,True,4.5269353710793725,True,True,outside_p10_p90|large_residual
4.4292497634887695,16,2025-10-01T00:00:00+00:00,4.462831020355225,4.520352363586426,4.544145584106445,-0.09110260009765625,8496ce69-482c-406a-a2f0-ac418ef8f099,2025-10-01T15:00:00+00:00,-0.07630133628845215,0.001522435712814331,True,9.722094459964362,True,True,outside_p10_p90|large_residual
4.446249961853027,17,2025-10-01T00:00:00+00:00,4.465127468109131,4.524972438812256,4.545282363891602,-0.07872247695922852,8496ce69-482c-406a-a2f0-ac418ef8f099,2025-10-01T16:00:00+00:00,-0.0746006965637207,0.010878681564331054,True,0.37888602319441705,False,True,outside_p10_p90
4.451749801635742,18,2025-10-01T00:00:00+00:00,4.467472076416016,4.5276665687561035,4.546727657318115,-0.07591676712036133,8496ce69-482c-406a-a2f0-ac418ef8f099,2025-10-01T17:00:00+00:00,-0.07628107070922852,0.0021286528587341307,True,0.17114278985058742,False,True,outside_p10_p90
4.457250118255615,19,2025-10-01T00:00:00+00:00,4.468973159790039,4.529220104217529,4.549100399017334,-0.07196998596191406,8496ce69-482c-406a-a2f0-ac418ef8f099,2025-10-01T18:00:00+00:00,-0.07667374610900879,0.0001233643054962158,True,38.12902061236031,True,True,outside_p10_p90|large_residual
4.461999893188477,20,2025-10-01T00:00:00+00:00,4.469414234161377,4.530200481414795,4.552670955657959,-0.06820058822631836,8496ce69-482c-406a-a2f0-ac418ef8f099,2025-10-01T19:00:00+00:00,-0.07264399528503418,0.0021162810802459716,True,2.099629912203993,False,True,outside_p10_p90
4.470749855041504,21,2025-10-01T00:00:00+00:00,4.469125270843506,4.530829429626465,4.557236194610596,-0.06007957458496094,8496ce69-482c-406a-a2f0-ac418ef8f099,2025-10-01T20:00:00+00:00,-0.06860971450805664,0.002833490753173828,False,3.0104703583524977,False,False,
4.476250171661377,22,2025-10-01T00:00:00+00:00,4.469048976898193,4.531071186065674,4.562008857727051,-0.054821014404296875,8496ce69-482c-406a-a2f0-ac418ef8f099,2025-10-01T21:00:00+00:00,-0.06660771369934082,0.00023718466758728025,False,49.69418729693657,True,True,large_residual
4.477499961853027,23,2025-10-01T00:00:00+00:00,4.470309734344482,4.530776023864746,4.565828800201416,-0.05327606201171875,8496ce69-482c-406a-a2f0-ac418ef8f099,2025-10-01T22:00:00+00:00,-0.06980180740356445,0.001688217544555664,False,9.788871964480888,True,True,large_residual
4.47475004196167,24,2025-10-01T00:00:00+00:00,4.4732255935668945,4.529884338378906,4.567953586578369,-0.05513429641723633,8496ce69-482c-406a-a2f0-ac418ef8f099,2025-10-01T23:00:00+00:00,-0.0711371898651123,0.00018911147117614744,False,84.62148461089448,True,True,large_residual
4.477499961853027,1,2025-10-02T00:00:00+00:00,4.407245635986328,4.47268533706665,4.563364028930664,0.004814624786376953,8496ce69-482c-406a-a2f0-ac418ef8f099,2025-10-02T00:00:00+00:00,-0.0565335750579834,0.0001367965221405029,False,448.4631545043958,True,True,large_residual
4.476500034332275,2,2025-10-02T00:00:00+00:00,4.4159979820251465,4.474671840667725,4.590764999389648,0.0018281936645507812,8496ce69-482c-406a-a2f0-ac418ef8f099,2025-10-02T01:00:00+00:00,-0.05688285827636719,0.0019031330108642576,False,30.849683971513844,True,True,large_residual
4.474999904632568,3,2025-10-02T00:00:00+00:00,4.416891574859619,4.486703872680664,4.588259220123291,-0.011703968048095703,8496ce69-482c-406a-a2f0-ac418ef8f099,2025-10-02T02:00:00+00:00,-0.0649712085723877,0.0016002011775970459,False,33.287839847912835,True,True,large_residual
4.472750186920166,4,2025-10-02T00:00:00+00:00,4.42454719543457,4.498826503753662,4.574641227722168,-0.026076316833496094,8496ce69-482c-406a-a2f0-ac418ef8f099,2025-10-02T03:00:00+00:00,-0.06969833374023438,0.0024057806968688965,False,18.132166811177747,True,True,large_residual
4.469749927520752,5,2025-10-02T00:00:00+00:00,4.43312931060791,4.506994247436523,4.562640190124512,-0.037244319915771484,8496ce69-482c-406a-a2f0-ac418ef8f099,2025-10-02T04:00:00+00:00,-0.07552003860473633,0.008664486694335937,False,4.4175402466699,True,True,large_residual
4.469250202178955,6,2025-10-02T00:00:00+00:00,4.438622951507568,4.511183261871338,4.554675102233887,-0.04193305969238281,8496ce69-482c-406a-a2f0-ac418ef8f099,2025-10-02T05:00:00+00:00,-0.08076763153076172,0.007533352661132812,False,5.155018434055262,True,True,large_residual
4.471749782562256,7,2025-10-02T00:00:00+00:00,4.4422926902771,4.5128583908081055,4.5491719245910645,-0.04110860824584961,8496ce69-482c-406a-a2f0-ac418ef8f099,2025-10-02T06:00:00+00:00,-0.08083581924438477,0.016034531879425048,False,2.4776034185015234,False,False,
4.4670000076293945,8,2025-10-02T00:00:00+00:00,4.445520877838135,4.512579441070557,4.5448455810546875,-0.04557943344116211,8496ce69-482c-406a-a2f0-ac418ef8f099,2025-10-02T07:00:00+00:00,-0.0693821907043457,0.016225410747528077,False,1.4670049118362023,False,False,
4.468500137329102,9,2025-10-02T00:00:00+00:00,4.448883533477783,4.51052188873291,4.541270732879639,-0.042021751403808594,8496ce69-482c-406a-a2f0-ac418ef8f099,2025-10-02T08:00:00+00:00,-0.06367206573486328,0.01676340637207031,False,1.2915223702460918,False,False,
4.46999979019165,10,2025-10-02T00:00:00+00:00,4.452271461486816,4.507092475891113,4.538498878479004,-0.03709268569946289,8496ce69-482c-406a-a2f0-ac418ef8f099,2025-10-02T09:00:00+00:00,-0.061582326889038086,0.008462649965286255,False,2.893850187592725,False,False,
4.475749969482422,11,2025-10-02T00:00:00+00:00,4.455161094665527,4.503375053405762,4.5367207527160645,-0.027625083923339844,8496ce69-482c-406a-a2f0-ac418ef8f099,2025-10-02T10:00:00+00:00,-0.0527491569519043,0.004906293869018554,False,5.120784384158837,True,True,large_residual
4.46999979019165,12,2025-10-02T00:00:00+00:00,4.457019805908203,4.501194000244141,4.536074638366699,-0.031194210052490234,8496ce69-482c-406a-a2f0-ac418ef8f099,2025-10-02T11:00:00+00:00,-0.05542778968811035,0.0020081163883209226,False,12.067816276268188,True,True,large_residual
4.468500137329102,13,2025-10-02T00:00:00+00:00,4.45728063583374,4.502239227294922,4.536550998687744,-0.03373908996582031,8496ce69-482c-406a-a2f0-ac418ef8f099,2025-10-02T12:00:00+00:00,-0.05704927444458008,0.0033785559654235836,False,6.899451930741444,True,True,large_residual
4.479499816894531,14,2025-10-02T00:00:00+00:00,4.456078052520752,4.506762981414795,4.538054943084717,-0.027263164520263672,8496ce69-482c-406a-a2f0-ac418ef8f099,2025-10-02T13:00:00+00:00,-0.0661306381225586,0.0026489745140075684,False,14.672649131490992,True,True,large_residual
4.480500221252441,15,2025-10-02T00:00:00+00:00,4.455328941345215,4.512773036956787,4.5399603843688965,-0.0322728157043457,8496ce69-482c-406a-a2f0-ac418ef8f099,2025-10-02T14:00:00+00:00,-0.06494140625,0.006094691562652588,False,5.360171258844799,True,True,large_residual
4.474999904632568,16,2025-10-02T00:00:00+00:00,4.4567036628723145,4.517887115478516,4.5410895347595215,-0.042887210845947266,8496ce69-482c-406a-a2f0-ac418ef8f099,2025-10-02T15:00:00+00:00,-0.07630133628845215,0.001522435712814331,False,21.947807162731678,True,True,large_residual
4.4710001945495605,17,2025-10-02T00:00:00+00:00,4.459263324737549,4.521322250366211,4.541986465454102,-0.05032205581665039,8496ce69-482c-406a-a2f0-ac418ef8f099,2025-10-02T16:00:00+00:00,-0.0746006965637207,0.010878681564331054,False,2.231763160222922,False,False,
4.469749927520752,18,2025-10-02T00:00:00+00:00,4.4616498947143555,4.523416042327881,4.543334484100342,-0.053666114807128906,8496ce69-482c-406a-a2f0-ac418ef8f099,2025-10-02T17:00:00+00:00,-0.07628107070922852,0.0021286528587341307,False,10.624069495083521,True,True,large_residual
4.470250129699707,19,2025-10-02T00:00:00+00:00,4.463255882263184,4.524709701538086,4.545445919036865,-0.054459571838378906,8496ce69-482c-406a-a2f0-ac418ef8f099,2025-10-02T18:00:00+00:00,-0.07667374610900879,0.0001233643054962158,False,180.0697063974579,True,True,large_residual
4.4720001220703125,20,2025-10-02T00:00:00+00:00,4.464020252227783,4.525587558746338,4.548422336578369,-0.05358743667602539,8496ce69-482c-406a-a2f0-ac418ef8f099,2025-10-02T19:00:00+00:00,-0.07264399528503418,0.0021162810802459716,False,9.004738920027522,True,True,large_residual
4.471499919891357,21,2025-10-02T00:00:00+00:00,4.464239597320557,4.526236057281494,4.5521931648254395,-0.05473613739013672,8496ce69-482c-406a-a2f0-ac418ef8f099,2025-10-02T20:00:00+00:00,-0.06860971450805664,0.002833490753173828,False,4.896284592557769,True,True,large_residual
4.474249839782715,22,2025-10-02T00:00:00+00:00,4.464609146118164,4.526668071746826,4.556377410888672,-0.05241823196411133,8496ce69-482c-406a-a2f0-ac418ef8f099,2025-10-02T21:00:00+00:00,-0.06660771369934082,0.00023718466758728025,False,59.824616319298904,True,True,large_residual
4.4770002365112305,23,2025-10-02T00:00:00+00:00,4.466032981872559,4.526742458343506,4.5601935386657715,-0.04974222183227539,8496ce69-482c-406a-a2f0-ac418ef8f099,2025-10-02T22:00:00+00:00,-0.06980180740356445,0.001688217544555664,False,11.88210940940595,True,True,large_residual
4.483749866485596,24,2025-10-02T00:00:00+00:00,4.468914985656738,4.526275157928467,4.562761306762695,-0.042525291442871094,8496ce69-482c-406a-a2f0-ac418ef8f099,2025-10-02T23:00:00+00:00,-0.0711371898651123,0.00018911147117614744,False,151.29647209814536,True,True,large_residual
0.5404999852180481,1,2025-10-01T00:00:00+00:00,0.18965542316436768,0.48019587993621826,0.9548825621604919,0.060304105281829834,8820d897-a09e-4857-8095-5834fee6962f,2025-10-01T00:00:00+00:00,-0.034304551780223846,0.023556054027378558,False,4.016320261113878,True,True,large_residual
0.5180000066757202,2,2025-10-01T00:00:00+00:00,0.1895536184310913,0.48092120885849,1.008933186531067,0.037078797817230225,8820d897-a09e-4857-8095-5834fee6962f,2025-10-01T01:00:00+00:00,-0.03494599461555481,0.019972402694821357,False,3.606215713418413,True,True,large_residual
0.5112500190734863,3,2025-10-01T00:00:00+00:00,0.20797264575958252,0.5050339698791504,1.0073997974395752,0.0062160491943359375,8820d897-a09e-4857-8095-5834fee6962f,2025-10-01T02:00:00+00:00,-0.04723990708589554,0.00996963200122118,False,5.361878580240841,True,True,large_residual
0.5097500085830688,4,2025-10-01T00:00:00+00:00,0.2306884527206421,0.5316398739814758,0.9799160957336426,-0.021889865398406982,8820d897-a09e-4857-8095-5834fee6962f,2025-10-01T03:00:00+00:00,-0.06391511112451553,0.002314240582287311,False,18.159410930635538,True,True,large_residual
0.5074999928474426,5,2025-10-01T00:00:00+00:00,0.2480095624923706,0.551950216293335,0.9517726898193359,-0.044450223445892334,8820d897-a09e-4857-8095-5834fee6962f,2025-10-01T04:00:00+00:00,-0.07890575379133224,0.0002788841888308525,False,123.54780846445803,True,True,large_residual
0.5044999718666077,6,2025-10-01T00:00:00+00:00,0.26014256477355957,0.565794825553894,0.9293954372406006,-0.06129485368728638,8820d897-a09e-4857-8095-5834fee6962f,2025-10-01T05:00:00+00:00,-0.09146661311388016,0.0011118141755461692,False,27.13741206957733,True,True,large_residual
0.5067499876022339,7,2025-10-01T00:00:00+00:00,0.26997292041778564,0.5736515522003174,0.912422776222229,-0.0669015645980835,8820d897-a09e-4857-8095-5834fee6962f,2025-10-01T06:00:00+00:00,-0.10015992820262909,0.002488251855969429,False,13.36615645428226,True,True,large_residual
0.5257499814033508,8,2025-10-01T00:00:00+00:00,0.27994871139526367,0.5751563310623169,0.8996983170509338,-0.049406349658966064,8820d897-a09e-4857-8095-5834fee6962f,2025-10-01T07:00:00+00:00,-0.10362551361322403,0.0033293450072407723,False,16.28523443390225,True,True,large_residual
0.5227500200271606,9,2025-10-01T00:00:00+00:00,0.29131221771240234,0.5701116323471069,0.890965461730957,-0.04736161231994629,8820d897-a09e-4857-8095-5834fee6962f,2025-10-01T08:00:00+00:00,-0.10104242712259293,0.004794804261624813,False,11.195621734192722,True,True,large_residual
0.5009999871253967,10,2025-10-01T00:00:00+00:00,0.3039925694465637,0.5599963068962097,0.8868939280509949,-0.05899631977081299,8820d897-a09e-4857-8095-5834fee6962f,2025-10-01T09:00:00+00:00,-0.09346945583820343,0.00720740048289299,False,4.783019363113456,True,True,large_residual
0.492000013589859,11,2025-10-01T00:00:00+00:00,0.31708186864852905,0.5492490530014038,0.8878764510154724,-0.0572490394115448,8820d897-a09e-4857-8095-5834fee6962f,2025-10-01T10:00:00+00:00,-0.08317803591489792,0.011287822906672953,False,2.2970768338352325,False,False,
0.48875001072883606,12,2025-10-01T00:00:00+00:00,0.32981741428375244,0.5461925864219666,0.8936721086502075,-0.05744257569313049,8820d897-a09e-4857-8095-5834fee6962f,2025-10-01T11:00:00+00:00,-0.07623466849327087,0.015200033327937125,False,1.2363191839587073,False,False,
0.48475000262260437,13,2025-10-01T00:00:00+00:00,0.34142810106277466,0.5582401752471924,0.905259370803833,-0.07349017262458801,8820d897-a09e-4857-8095-5834fee6962f,2025-10-01T12:00:00+00:00,-0.07795241475105286,0.01830093123614788,False,0.24382595994082817,False,False,
0.48249998688697815,14,2025-10-01T00:00:00+00:00,0.3500540852546692,0.5849732756614685,0.9236841201782227,-0.10247328877449036,8820d897-a09e-4857-8095-5834fee6962f,2025-10-01T13:00:00+00:00,-0.08903039246797562,0.020043816576898098,False,0.6706754801382796,False,False,
0.4805000126361847,15,2025-10-01T00:00:00+00:00,0.358470618724823,0.6168203949928284,0.9464120864868164,-0.13632038235664368,8820d897-a09e-4857-8095-5834fee6962f,2025-10-01T14:00:00+00:00,-0.10131312906742096,0.020681062585115432,False,1.6927202432247426,False,False,
0.4934999942779541,16,2025-10-01T00:00:00+00:00,0.36978453397750854,0.643239438533783,0.9666471481323242,-0.14973944425582886,8820d897-a09e-4857-8095-5834fee6962f,2025-10-01T15:00:00+00:00,-0.10933459550142288,0.021786094374954698,False,1.8546164383119264,False,False,
0.5082499980926514,17,2025-10-01T00:00:00+00:00,0.38289791345596313,0.6612446308135986,0.9835034012794495,-0.15299463272094727,8820d897-a09e-4857-8095-5834fee6962f,2025-10-01T16:00:00+00:00,-0.11178731918334961,0.022321692967414854,False,1.8460657799456333,False,False,
0.4907500147819519,18,2025-10-01T00:00:00+00:00,0.39606815576553345,0.6729457378387451,0.9985572099685669,-0.1821957230567932,8820d897-a09e-4857-8095-5834fee6962f,2025-10-01T17:00:00+00:00,-0.11047793179750443,0.020221462060511113,False,3.546617501972855,True,True,large_residual
0.47574999928474426,19,2025-10-01T00:00:00+00:00,0.40852367877960205,0.6815462112426758,1.0142511129379272,-0.20579621195793152,8820d897-a09e-4857-8095-5834fee6962f,2025-10-01T18:00:00+00:00,-0.11051268130540848,0.017795930702984332,False,5.354231382601655,True,True,large_residual
0.4724999964237213,20,2025-10-01T00:00:00+00:00,0.42076945304870605,0.6894740462303162,1.0323020219802856,-0.21697404980659485,8820d897-a09e-4857-8095-5834fee6962f,2025-10-01T19:00:00+00:00,-0.11202415078878403,0.01512451024800539,False,6.939060987555054,True,True,large_residual
0.46974998712539673,21,2025-10-01T00:00:00+00:00,0.4342798590660095,0.6979763507843018,1.0532151460647583,-0.22822636365890503,8820d897-a09e-4857-8095-5834fee6962f,2025-10-01T20:00:00+00:00,-0.11622848361730576,0.013480963660776614,False,8.307854160861025,True,True,large_residual
0.46775001287460327,22,2025-10-01T00:00:00+00:00,0.45103877782821655,0.7070518136024475,1.0761126279830933,-0.23930180072784424,8820d897-a09e-4857-8095-5834fee6962f,2025-10-01T21:00:00+00:00,-0.12130163609981537,0.013830344894528388,False,8.531975560111485,True,True,large_residual
0.46674999594688416,23,2025-10-01T00:00:00+00:00,0.47256022691726685,0.7153723239898682,1.0987128019332886,-0.248622328042984,8820d897-a09e-4857-8095-5834fee6962f,2025-10-01T22:00:00+00:00,-0.12636010348796844,0.014090792924165724,True,8.676745532562311,True,True,outside_p10_p90|large_residual
0.46924999356269836,24,2025-10-01T00:00:00+00:00,0.4987446665763855,0.7203164100646973,1.1168897151947021,-0.2510664165019989,8820d897-a09e-4857-8095-5834fee6962f,2025-10-01T23:00:00+00:00,-0.13088417798280716,0.014749048863351344,True,8.148473819069265,True,True,outside_p10_p90|large_residual
0.4907500147819519,1,2025-10-02T00:00:00+00:00,0.08489179611206055,0.3073762059211731,0.8484014272689819,0.1833738088607788,8820d897-a09e-4857-8095-5834fee6962f,2025-10-02T00:00:00+00:00,-0.034304551780223846,0.023556054027378558,False,9.240866929070593,True,True,large_residual
0.49024999141693115,2,2025-10-02T00:00:00+00:00,0.07621395587921143,0.316662073135376,0.9270009994506836,0.17358791828155518,8820d897-a09e-4857-8095-5834fee6962f,2025-10-02T01:00:00+00:00,-0.03494599461555481,0.019972402694821357,False,10.441102960095067,True,True,large_residual
0.46775001287460327,3,2025-10-02T00:00:00+00:00,0.12419652938842773,0.3828807473182678,0.9320048093795776,0.08486926555633545,8820d897-a09e-4857-8095-5834fee6962f,2025-10-02T02:00:00+00:00,-0.04723990708589554,0.00996963200122118,False,13.251158380374415,True,True,large_residual
0.4620000123977661,4,2025-10-02T00:00:00+00:00,0.17317426204681396,0.4388006329536438,0.902790904045105,0.023199379444122314,8820d897-a09e-4857-8095-5834fee6962f,2025-10-02T03:00:00+00:00,-0.06391511112451553,0.002314240582287311,False,37.64279791625513,True,True,large_residual
0.460999995470047,5,2025-10-02T00:00:00+00:00,0.20398497581481934,0.4723852872848511,0.8705672025680542,-0.011385291814804077,8820d897-a09e-4857-8095-5834fee6962f,2025-10-02T04:00:00+00:00,-0.07890575379133224,0.0002788841888308525,False,242.10932236635455,True,True,large_residual
0.45925000309944153,6,2025-10-02T00:00:00+00:00,0.2217085361480713,0.4913368821144104,0.8438431024551392,-0.03208687901496887,8820d897-a09e-4857-8095-5834fee6962f,2025-10-02T05:00:00+00:00,-0.09146661311388016,0.0011118141755461692,False,53.40796637148604,True,True,large_residual
0.4567500054836273,7,2025-10-02T00:00:00+00:00,0.23351383209228516,0.5007730722427368,0.8223070502281189,-0.0440230667591095,8820d897-a09e-4857-8095-5834fee6962f,2025-10-02T06:00:00+00:00,-0.10015992820262909,0.002488251855969429,False,22.560763416631126,True,True,large_residual
0.45524999499320984,8,2025-10-02T00:00:00+00:00,0.24363362789154053,0.502336859703064,0.8046708106994629,-0.047086864709854126,8820d897-a09e-4857-8095-5834fee6962f,2025-10-02T07:00:00+00:00,-0.10362551361322403,0.0033293450072407723,False,16.981913493617434,True,True,large_residual
0.4699999988079071,9,2025-10-02T00:00:00+00:00,0.2537772059440613,0.496804416179657,0.790556013584137,-0.026804417371749878,8820d897-a09e-4857-8095-5834fee6962f,2025-10-02T08:00:00+00:00,-0.10104242712259293,0.004794804261624813,False,15.483011547521661,True,True,large_residual
0.48399999737739563,10,2025-10-02T00:00:00+00:00,0.2637326717376709,0.486223042011261,0.7804979085922241,-0.0022230446338653564,8820d897-a09e-4857-8095-5834fee6962f,2025-10-02T09:00:00+00:00,-0.09346945583820343,0.00720740048289299,False,12.66010004868115,True,True,large_residual
0.46549999713897705,11,2025-10-02T00:00:00+00:00,0.2723492383956909,0.47531449794769287,0.775022566318512,-0.00981450080871582,8820d897-a09e-4857-8095-5834fee6962f,2025-10-02T10:00:00+00:00,-0.08317803591489792,0.011287822906672953,False,6.499352063967288,True,True,large_residual
0.4519999921321869,12,2025-10-02T00:00:00+00:00,0.2792207598686218,0.47196149826049805,0.7742584943771362,-0.019961506128311157,8820d897-a09e-4857-8095-5834fee6962f,2025-10-02T11:00:00+00:00,-0.07623466849327087,0.015200033327937125,False,3.702173617049354,True,True,large_residual
0.44975000619888306,13,2025-10-02T00:00:00+00:00,0.2851521372795105,0.4819064140319824,0.7792727947235107,-0.032156407833099365,8820d897-a09e-4857-8095-5834fee6962f,2025-10-02T12:00:00+00:00,-0.07795241475105286,0.01830093123614788,False,2.5023866997269253,False,False,
0.44874998927116394,14,2025-10-02T00:00:00+00:00,0.2900314927101135,0.5030126571655273,0.7906244397163391,-0.0542626678943634,8820d897-a09e-4857-8095-5834fee6962f,2025-10-02T13:00:00+00:00,-0.08903039246797562,0.020043816576898098,False,1.7345860475337043,False,False,
0.44850000739097595,15,2025-10-02T00:00:00+00:00,0.2967846393585205,0.5269489884376526,0.8062746524810791,-0.07844898104667664,8820d897-a09e-4857-8095-5834fee6962f,2025-10-02T14:00:00+00:00,-0.10131312906742096,0.020681062585115432,False,1.1055596358574002,False,False,
0.44874998927116394,16,2025-10-02T00:00:00+00:00,0.3069959282875061,0.5467202067375183,0.8214437365531921,-0.09797021746635437,8820d897-a09e-4857-8095-5834fee6962f,2025-10-02T15:00:00+00:00,-0.10933459550142288,0.021786094374954698,False,0.5216344811272371,False,False,
0.460999995470047,17,2025-10-02T00:00:00+00:00,0.3186109662055969,0.5608974099159241,0.8357943296432495,-0.09989741444587708,8820d897-a09e-4857-8095-5834fee6962f,2025-10-02T16:00:00+00:00,-0.11178731918334961,0.022321692967414854,False,0.5326614228960762,False,False,
0.47725000977516174,18,2025-10-02T00:00:00+00:00,0.3300861120223999,0.5708891749382019,0.8498567342758179,-0.09363916516304016,8820d897-a09e-4857-8095-5834fee6962f,2025-10-02T17:00:00+00:00,-0.11047793179750443,0.020221462060511113,False,0.8327175643420638,False,False,
0.46024999022483826,19,2025-10-02T00:00:00+00:00,0.34102725982666016,0.578744113445282,0.864723801612854,-0.11849412322044373,8820d897-a09e-4857-8095-5834fee6962f,2025-10-02T18:00:00+00:00,-0.11051268130540848,0.017795930702984332,False,0.44849814534829474,False,False,
0.44624999165534973,20,2025-10-02T00:00:00+00:00,0.35208481550216675,0.5861517190933228,0.8813368678092957,-0.13990172743797302,8820d897-a09e-4857-8095-5834fee6962f,2025-10-02T19:00:00+00:00,-0.11202415078878403,0.01512451024800539,False,1.84320524711638,False,False,
0.44449999928474426,21,2025-10-02T00:00:00+00:00,0.3646523356437683,0.5941098928451538,0.900015115737915,-0.14960989356040955,8820d897-a09e-4857-8095-5834fee6962f,2025-10-02T20:00:00+00:00,-0.11622848361730576,0.013480963660776614,False,2.4761887045381106,False,False,
0.4429999887943268,22,2025-10-02T00:00:00+00:00,0.3805696368217468,0.6027277708053589,0.9201011657714844,-0.1597277820110321,8820d897-a09e-4857-8095-5834fee6962f,2025-10-02T21:00:00+00:00,-0.12130163609981537,0.013830344894528388,False,2.778393901544641,False,False,
0.44225001335144043,23,2025-10-02T00:00:00+00:00,0.40149128437042236,0.6111147999763489,0.9402692914009094,-0.16886478662490845,8820d897-a09e-4857-8095-5834fee6962f,2025-10-02T22:00:00+00:00,-0.12636010348796844,0.014090792924165724,False,3.0164862521004356,False,False,
0.4427500069141388,24,2025-10-02T00:00:00+00:00,0.42776256799697876,0.6170659065246582,0.957821249961853,-0.1743158996105194,8820d897-a09e-4857-8095-5834fee6962f,2025-10-02T23:00:00+00:00,-0.13088417798280716,0.014749048863351344,False,2.9447133866124777,False,False,
0.5329999923706055,1,2025-10-01T00:00:00+00:00,0.4431322515010834,0.5247741937637329,0.876789927482605,0.008225798606872559,9ad5d28c-7cfe-46db-b39d-58701689cd59,2025-10-01T00:00:00+00:00,-0.07346153259277344,0.07663813065290451,False,1.0658836600491917,False,False,
0.5322499871253967,2,2025-10-01T00:00:00+00:00,0.4261886775493622,0.5053303241729736,0.8797556757926941,0.026919662952423096,9ad5d28c-7cfe-46db-b39d-58701689cd59,2025-10-01T01:00:00+00:00,-0.07764431834220886,0.0929386115849018,False,1.1250865438108044,False,False,
0.5317500233650208,3,2025-10-01T00:00:00+00:00,0.42487311363220215,0.5071938633918762,0.8665463328361511,0.02455615997314453,9ad5d28c-7cfe-46db-b39d-58701689cd59,2025-10-01T02:00:00+00:00,-0.0848730206489563,0.10259553583860397,False,1.06660762310601,False,False,
0.5307499766349792,4,2025-10-01T00:00:00+00:00,0.43202462792396545,0.5176217555999756,0.8467504382133484,0.013128221035003662,9ad5d28c-7cfe-46db-b39d-58701689cd59,2025-10-01T03:00:00+00:00,-0.09226253628730774,0.10817710788846015,False,0.9742426968095532,False,False,
0.5307499766349792,5,2025-10-01T00:00:00+00:00,0.43755584955215454,0.5260047912597656,0.8279414176940918,0.004745185375213623,9ad5d28c-7cfe-46db-b39d-58701689cd59,2025-10-01T04:00:00+00:00,-0.09754493832588196,0.11433524900078773,False,0.8946508149939905,False,False,
0.5317500233650208,6,2025-10-01T00:00:00+00:00,0.43970566987991333,0.5304552316665649,0.8120177388191223,0.0012947916984558105,9ad5d28c-7cfe-46db-b39d-58701689cd59,2025-10-01T05:00:00+00:00,-0.09983715415000916,0.11781534191966056,False,0.8583936879581254,False,False,
0.5329999923706055,7,2025-10-01T00:00:00+00:00,0.43984749913215637,0.5311321020126343,0.7987171411514282,0.0018678903579711914,9ad5d28c-7cfe-46db-b39d-58701689cd59,2025-10-01T06:00:00+00:00,-0.09995511174201965,0.12082698628306388,False,0.8427173865070837,False,False,
0.5335000157356262,8,2025-10-01T00:00:00+00:00,0.439802885055542,0.5281562209129333,0.7873604893684387,0.005343794822692871,9ad5d28c-7cfe-46db-b39d-58701689cd59,2025-10-01T07:00:00+00:00,-0.09792551398277283,0.1231677267730236,False,0.8384445464011269,False,False,
0.5347499847412109,9,2025-10-01T00:00:00+00:00,0.4401701092720032,0.5218469500541687,0.7782992124557495,0.012903034687042236,9ad5d28c-7cfe-46db-b39d-58701689cd59,2025-10-01T08:00:00+00:00,-0.09232267737388611,0.12939249874949454,False,0.8132288430772684,False,False,
0.5352500081062317,10,2025-10-01T00:00:00+00:00,0.44046318531036377,0.5134246349334717,0.7722175717353821,0.02182537317276001,9ad5d28c-7cfe-46db-b39d-58701689cd59,2025-10-01T09:00:00+00:00,-0.07805487513542175,0.14295815386176108,False,0.698667726254809,False,False,
0.5372499823570251,11,2025-10-01T00:00:00+00:00,0.43991217017173767,0.5055645704269409,0.7696452140808105,0.03168541193008423,9ad5d28c-7cfe-46db-b39d-58701689cd59,2025-10-01T10:00:00+00:00,-0.05543997883796692,0.17075913078188895,False,0.5102239064412702,False,False,
0.5389999747276306,12,2025-10-01T00:00:00+00:00,0.43842214345932007,0.5024497509002686,0.7712777256965637,0.03655022382736206,9ad5d28c-7cfe-46db-b39d-58701689cd59,2025-10-01T11:00:00+00:00,-0.040377140045166016,0.19074313201904297,False,0.40330345348868435,False,False,
0.5407500267028809,13,2025-10-01T00:00:00+00:00,0.4367464482784271,0.506495475769043,0.7786771059036255,0.03425455093383789,9ad5d28c-7cfe-46db-b39d-58701689cd59,2025-10-01T12:00:00+00:00,-0.03658875823020935,0.1966867553293705,False,0.36018342488498245,False,False,
0.5442500114440918,14,2025-10-01T00:00:00+00:00,0.4358937740325928,0.5156015753746033,0.7902448773384094,0.028648436069488525,9ad5d28c-7cfe-46db-b39d-58701689cd59,2025-10-01T13:00:00+00:00,-0.03490304946899414,0.19687423195838927,False,0.32280245569117805,False,False,
0.5494999885559082,15,2025-10-01T00:00:00+00:00,0.43845388293266296,0.5253519415855408,0.800467848777771,0.02414804697036743,9ad5d28c-7cfe-46db-b39d-58701689cd59,2025-10-01T14:00:00+00:00,-0.030629009008407593,0.19721246754527091,False,0.27775655697934376,False,False,
0.5584999918937683,16,2025-10-01T00:00:00+00:00,0.44589895009994507,0.5334600210189819,0.8045958280563354,0.025039970874786377,9ad5d28c-7cfe-46db-b39d-58701689cd59,2025-10-01T15:00:00+00:00,-0.025468438863754272,0.19576709033846854,False,0.25800255625812746,False,False,
0.5734999775886536,17,2025-10-01T00:00:00+00:00,0.4550059139728546,0.5400751233100891,0.8074390292167664,0.03342485427856445,9ad5d28c-7cfe-46db-b39d-58701689cd59,2025-10-01T16:00:00+00:00,-0.021837949752807617,0.19316199145317076,False,0.2860956423964479,False,False,
0.5879999995231628,18,2025-10-01T00:00:00+00:00,0.463125079870224,0.5452513098716736,0.8118508458137512,0.04274868965148926,9ad5d28c-7cfe-46db-b39d-58701689cd59,2025-10-01T17:00:00+00:00,-0.01958644390106201,0.19468230628967284,False,0.3201890029995906,False,False,
0.6457499861717224,19,2025-10-01T00:00:00+00:00,0.4692379832267761,0.5489746928215027,0.8185645937919617,0.09677529335021973,9ad5d28c-7cfe-46db-b39d-58701689cd59,2025-10-01T18:00:00+00:00,-0.017482280731201172,0.20164805942773817,False,0.5666187634320667,False,False,
0.7005000114440918,20,2025-10-01T00:00:00+00:00,0.473351389169693,0.5512974858283997,0.8274627327919006,0.14920252561569214,9ad5d28c-7cfe-46db-b39d-58701689cd59,2025-10-01T19:00:00+00:00,-0.015237241983413696,0.2093462660372257,False,0.7854917630576003,False,False,
0.7229999899864197,21,2025-10-01T00:00:00+00:00,0.4761885404586792,0.5522571206092834,0.8381712436676025,0.17074286937713623,9ad5d28c-7cfe-46db-b39d-58701689cd59,2025-10-01T20:00:00+00:00,-0.017421811819076538,0.21207954538464546,False,0.8872363473570322,False,False,
0.7350000143051147,22,2025-10-01T00:00:00+00:00,0.47922390699386597,0.5518332123756409,0.8499373197555542,0.18316680192947388,9ad5d28c-7cfe-46db-b39d-58701689cd59,2025-10-01T21:00:00+00:00,-0.02398112416267395,0.21211321429610253,False,0.9765913301515325,False,False,
0.7480000257492065,23,2025-10-01T00:00:00+00:00,0.48439839482307434,0.5499777793884277,0.8612276911735535,0.1980222463607788,9ad5d28c-7cfe-46db-b39d-58701689cd59,2025-10-01T22:00:00+00:00,-0.03250536322593689,0.20903414373993873,False,1.1028227516434692,False,False,
0.7562500238418579,24,2025-10-01T00:00:00+00:00,0.49308159947395325,0.5462774038314819,0.8677936792373657,0.20997262001037598,9ad5d28c-7cfe-46db-b39d-58701689cd59,2025-10-01T23:00:00+00:00,-0.04088467359542847,0.20508555808067322,False,1.2231836115302,False,False,
0.7587500214576721,1,2025-10-02T00:00:00+00:00,0.45964473485946655,0.5246471166610718,0.9710927605628967,0.23410290479660034,9ad5d28c-7cfe-46db-b39d-58701689cd59,2025-10-02T00:00:00+00:00,-0.07346153259277344,0.07663813065290451,False,4.013203802978164,True,True,large_residual
0.7584999799728394,2,2025-10-02T00:00:00+00:00,0.4042545258998871,0.4741124212741852,0.9151729345321655,0.2843875586986542,9ad5d28c-7cfe-46db-b39d-58701689cd59,2025-10-02T01:00:00+00:00,-0.07764431834220886,0.0929386115849018,False,3.895387190179161,True,True,large_residual
0.7557500004768372,3,2025-10-02T00:00:00+00:00,0.41186410188674927,0.49167364835739136,0.8936592936515808,0.2640763521194458,9ad5d28c-7cfe-46db-b39d-58701689cd59,2025-10-02T02:00:00+00:00,-0.0848730206489563,0.10259553583860397,False,3.401213999382435,False,False,
0.7527499794960022,4,2025-10-02T00:00:00+00:00,0.43712493777275085,0.5181041955947876,0.8780485391616821,0.2346457839012146,9ad5d28c-7cfe-46db-b39d-58701689cd59,2025-10-02T03:00:00+00:00,-0.09226253628730774,0.10817710788846015,False,3.0219731934929595,False,False,
0.7447500228881836,5,2025-10-02T00:00:00+00:00,0.4522002339363098,0.5324514508247375,0.8580033183097839,0.21229857206344604,9ad5d28c-7cfe-46db-b39d-58701689cd59,2025-10-02T04:00:00+00:00,-0.09754493832588196,0.11433524900078773,False,2.709956142984333,False,False,
0.7372499704360962,6,2025-10-02T00:00:00+00:00,0.45793330669403076,0.5380632877349854,0.8383454084396362,0.19918668270111084,9ad5d28c-7cfe-46db-b39d-58701689cd59,2025-10-02T05:00:00+00:00,-0.09983715415000916,0.11781534191966056,False,2.5380721388138676,False,False,
0.7282500267028809,7,2025-10-02T00:00:00+00:00,0.459391713142395,0.5383722186088562,0.8210086822509766,0.18987780809402466,9ad5d28c-7cfe-46db-b39d-58701689cd59,2025-10-02T06:00:00+00:00,-0.09995511174201965,0.12082698628306388,False,2.3987432671460227,False,False,
0.7177500128746033,8,2025-10-02T00:00:00+00:00,0.4596633315086365,0.5347231030464172,0.8063924908638,0.18302690982818604,9ad5d28c-7cfe-46db-b39d-58701689cd59,2025-10-02T07:00:00+00:00,-0.09792551398277283,0.1231677267730236,False,2.281055526247591,False,False,
0.7077500224113464,9,2025-10-02T00:00:00+00:00,0.45987293124198914,0.527858555316925,0.7949862480163574,0.1798914670944214,9ad5d28c-7cfe-46db-b39d-58701689cd59,2025-10-02T08:00:00+00:00,-0.09232267737388611,0.12939249874949454,False,2.1037861321104665,False,False,
0.6992499828338623,10,2025-10-02T00:00:00+00:00,0.4596174955368042,0.5191442370414734,0.7875396013259888,0.18010574579238892,9ad5d28c-7cfe-46db-b39d-58701689cd59,2025-10-02T09:00:00+00:00,-0.07805487513542175,0.14295815386176108,False,1.8058474732224723,False,False,
0.6915000081062317,11,2025-10-02T00:00:00+00:00,0.4580933749675751,0.5112759470939636,0.7847104072570801,0.18022406101226807,9ad5d28c-7cfe-46db-b39d-58701689cd59,2025-10-02T10:00:00+00:00,-0.05543997883796692,0.17075913078188895,False,1.380096272282208,False,False,
0.6817499995231628,12,2025-10-02T00:00:00+00:00,0.45563018321990967,0.5083528757095337,0.7873373031616211,0.17339712381362915,9ad5d28c-7cfe-46db-b39d-58701689cd59,2025-10-02T11:00:00+00:00,-0.040377140045166016,0.19074313201904297,False,1.1207442259963145,False,False,
0.6742500066757202,13,2025-10-02T00:00:00+00:00,0.45407506823539734,0.5126094818115234,0.7970494627952576,0.16164052486419678,9ad5d28c-7cfe-46db-b39d-58701689cd59,2025-10-02T12:00:00+00:00,-0.03658875823020935,0.1966867553293705,False,1.0078425604329713,False,False,
0.6682500243186951,14,2025-10-02T00:00:00+00:00,0.4546864330768585,0.5214262008666992,0.810699999332428,0.14682382345199585,9ad5d28c-7cfe-46db-b39d-58701689cd59,2025-10-02T13:00:00+00:00,-0.03490304946899414,0.19687423195838927,False,0.9230607333081519,False,False,
0.6604999899864197,15,2025-10-02T00:00:00+00:00,0.45864954590797424,0.5302786827087402,0.8212167620658875,0.13022130727767944,9ad5d28c-7cfe-46db-b39d-58701689cd59,2025-10-02T14:00:00+00:00,-0.030629009008407593,0.19721246754527091,False,0.8156194093011041,False,False,
0.656000018119812,16,2025-10-02T00:00:00+00:00,0.46581846475601196,0.5371774435043335,0.8243987560272217,0.11882257461547852,9ad5d28c-7cfe-46db-b39d-58701689cd59,2025-10-02T15:00:00+00:00,-0.025468438863754272,0.19576709033846854,False,0.7370544928147169,False,False,
0.6480000019073486,17,2025-10-02T00:00:00+00:00,0.4731639325618744,0.5424906611442566,0.8258472681045532,0.10550934076309204,9ad5d28c-7cfe-46db-b39d-58701689cd59,2025-10-02T16:00:00+00:00,-0.021837949752807617,0.19316199145317076,False,0.6592771670961629,False,False,
0.6424999833106995,18,2025-10-02T00:00:00+00:00,0.4792046844959259,0.5465279221534729,0.8287646174430847,0.09597206115722656,9ad5d28c-7cfe-46db-b39d-58701689cd59,2025-10-02T17:00:00+00:00,-0.01958644390106201,0.19468230628967284,False,0.5935747693801515,False,False,
0.6377500295639038,19,2025-10-02T00:00:00+00:00,0.483549565076828,0.5494416952133179,0.8342139720916748,0.08830833435058594,9ad5d28c-7cfe-46db-b39d-58701689cd59,2025-10-02T18:00:00+00:00,-0.017482280731201172,0.20164805942773817,False,0.5246299685799746,False,False,
0.6330000162124634,20,2025-10-02T00:00:00+00:00,0.4862865209579468,0.5512977242469788,0.8421862125396729,0.08170229196548462,9ad5d28c-7cfe-46db-b39d-58701689cd59,2025-10-02T19:00:00+00:00,-0.015237241983413696,0.2093462660372257,False,0.46305833767133275,False,False,
0.628250002861023,21,2025-10-02T00:00:00+00:00,0.48792266845703125,0.5520510673522949,0.8521907925605774,0.07619893550872803,9ad5d28c-7cfe-46db-b39d-58701689cd59,2025-10-02T20:00:00+00:00,-0.017421811819076538,0.21207954538464546,False,0.44144166358903697,False,False,
0.6242499947547913,22,2025-10-02T00:00:00+00:00,0.4895695447921753,0.5515296459197998,0.863156795501709,0.07272034883499146,9ad5d28c-7cfe-46db-b39d-58701689cd59,2025-10-02T21:00:00+00:00,-0.02398112416267395,0.21211321429610253,False,0.45589556180443136,False,False,
0.6222500205039978,23,2025-10-02T00:00:00+00:00,0.49293312430381775,0.5495086312294006,0.8731549978256226,0.07274138927459717,9ad5d28c-7cfe-46db-b39d-58701689cd59,2025-10-02T22:00:00+00:00,-0.03250536322593689,0.20903414373993873,False,0.5034907246132598,False,False,
0.6179999709129333,24,2025-10-02T00:00:00+00:00,0.4996221661567688,0.5455020666122437,0.8779042959213257,0.0724979043006897,9ad5d28c-7cfe-46db-b39d-58701689cd59,2025-10-02T23:00:00+00:00,-0.04088467359542847,0.20508555808067322,False,0.5528550082084159,False,False,
0.7354999780654907,1,2025-10-01T00:00:00+00:00,0.5531638860702515,0.7138087153434753,1.0739223957061768,0.02169126272201538,e786e60f-a0f1-4955-aa57-f22ba39c7427,2025-10-01T00:00:00+00:00,-0.20844164490699768,0.03048481333851814,False,7.549100106781227,True,True,large_residual
0.734250009059906,2,2025-10-01T00:00:00+00:00,0.5540376901626587,0.7043076753616333,1.0892341136932373,0.029942333698272705,e786e60f-a0f1-4955-aa57-f22ba39c7427,2025-10-01T01:00:00+00:00,-0.1999361217021942,0.037694732362031934,False,6.098423864444579,True,True,large_residual
0.7332500219345093,3,2025-10-01T00:00:00+00:00,0.5531013011932373,0.6972008347511292,1.086197853088379,0.03604918718338013,e786e60f-a0f1-4955-aa57-f22ba39c7427,2025-10-01T02:00:00+00:00,-0.19605347514152527,0.0397905116379261,False,5.833115805017145,True,True,large_residual
0.7262499928474426,4,2025-10-01T00:00:00+00:00,0.5535622239112854,0.6943265199661255,1.0749249458312988,0.03192347288131714,e786e60f-a0f1-4955-aa57-f22ba39c7427,2025-10-01T03:00:00+00:00,-0.1969062089920044,0.039206607878208156,False,5.836508034159971,True,True,large_residual
0.7087500095367432,5,2025-10-01T00:00:00+00:00,0.5535250306129456,0.6934670209884644,1.0640889406204224,0.015282988548278809,e786e60f-a0f1-4955-aa57-f22ba39c7427,2025-10-01T04:00:00+00:00,-0.19898644089698792,0.03758391657471657,False,5.701093685095341,True,True,large_residual
0.7105000019073486,6,2025-10-01T00:00:00+00:00,0.5522743463516235,0.6928632855415344,1.0560678243637085,0.01763671636581421,e786e60f-a0f1-4955-aa57-f22ba39c7427,2025-10-01T05:00:00+00:00,-0.2006080150604248,0.03774143582582474,False,5.782629268092236,True,True,large_residual
0.7170000076293945,7,2025-10-01T00:00:00+00:00,0.5503621697425842,0.6914355754852295,1.0503544807434082,0.02556443214416504,e786e60f-a0f1-4955-aa57-f22ba39c7427,2025-10-01T06:00:00+00:00,-0.20073875784873962,0.039167769330739975,False,5.777791124175548,True,True,large_residual
0.7397500276565552,8,2025-10-01T00:00:00+00:00,0.5484412908554077,0.6883900165557861,1.046360731124878,0.05136001110076904,e786e60f-a0f1-4955-aa57-f22ba39c7427,2025-10-01T07:00:00+00:00,-0.19227534532546997,0.05303534002304077,False,4.5938303840494585,True,True,large_residual
0.7480000257492065,9,2025-10-01T00:00:00+00:00,0.5467321276664734,0.6834375858306885,1.0442607402801514,0.06456243991851807,e786e60f-a0f1-4955-aa57-f22ba39c7427,2025-10-01T08:00:00+00:00,-0.1662648618221283,0.09056570447087288,False,2.5487275021957507,False,False,
0.7450000047683716,10,2025-10-01T00:00:00+00:00,0.5449820756912231,0.6771106719970703,1.0445852279663086,0.06788933277130127,e786e60f-a0f1-4955-aa57-f22ba39c7427,2025-10-01T09:00:00+00:00,-0.13855737447738647,0.1293161913871765,False,1.5964490218442962,False,False,
0.7427499890327454,11,2025-10-01T00:00:00+00:00,0.5432689189910889,0.6712470054626465,1.0475655794143677,0.07150298357009888,e786e60f-a0f1-4955-aa57-f22ba39c7427,2025-10-01T10:00:00+00:00,-0.12132787704467773,0.15249180217981337,False,1.2645326362357285,False,False,
0.7422500252723694,12,2025-10-01T00:00:00+00:00,0.5430824756622314,0.669438362121582,1.05292546749115,0.07281166315078735,e786e60f-a0f1-4955-aa57-f22ba39c7427,2025-10-01T11:00:00+00:00,-0.11087843775749207,0.16866874206662177,False,1.089058343932656,False,False,
0.7417500019073486,13,2025-10-01T00:00:00+00:00,0.5461793541908264,0.6745196580886841,1.0602892637252808,0.06723034381866455,e786e60f-a0f1-4955-aa57-f22ba39c7427,2025-10-01T12:00:00+00:00,-0.1057959496974945,0.18173537265658377,False,0.9520782387428681,False,False,
0.7409999966621399,14,2025-10-01T00:00:00+00:00,0.5518785119056702,0.6849666833877563,1.0676952600479126,0.056033313274383545,e786e60f-a0f1-4955-aa57-f22ba39c7427,2025-10-01T13:00:00+00:00,-0.10317626595497131,0.1940483851969242,False,0.8204633038702476,False,False,
0.7392500042915344,15,2025-10-01T00:00:00+00:00,0.5591129660606384,0.6967915296554565,1.0737059116363525,0.04245847463607788,e786e60f-a0f1-4955-aa57-f22ba39c7427,2025-10-01T14:00:00+00:00,-0.1046769917011261,0.21322013499140738,False,0.6900636581209061,False,False,
0.7214999794960022,16,2025-10-01T00:00:00+00:00,0.5666275024414062,0.7069676518440247,1.0773506164550781,0.014532327651977539,e786e60f-a0f1-4955-aa57-f22ba39c7427,2025-10-01T15:00:00+00:00,-0.10559859871864319,0.234882323795557,False,0.5114515406241613,False,False,
0.7070000171661377,17,2025-10-01T00:00:00+00:00,0.5728046894073486,0.714785635471344,1.0810354948043823,-0.007785618305206299,e786e60f-a0f1-4955-aa57-f22ba39c7427,2025-10-01T16:00:00+00:00,-0.10955461859703064,0.23686772913336754,False,0.4296448514289748,False,False,
0.7055000066757202,18,2025-10-01T00:00:00+00:00,0.5772666931152344,0.7205776572227478,1.0862113237380981,-0.015077650547027588,e786e60f-a0f1-4955-aa57-f22ba39c7427,2025-10-01T17:00:00+00:00,-0.11731493473052979,0.23256363158226012,False,0.43960994024699784,False,False,
0.7055000066757202,19,2025-10-01T00:00:00+00:00,0.5801503658294678,0.7247859835624695,1.0933784246444702,-0.019285976886749268,e786e60f-a0f1-4955-aa57-f22ba39c7427,2025-10-01T18:00:00+00:00,-0.12107139825820923,0.2325941191792488,False,0.4376096082335554,False,False,
0.718500018119812,20,2025-10-01T00:00:00+00:00,0.5816953182220459,0.727786123752594,1.1027872562408447,-0.009286105632781982,e786e60f-a0f1-4955-aa57-f22ba39c7427,2025-10-01T19:00:00+00:00,-0.11993920803070068,0.23980394983291625,False,0.46143152552331357,False,False,
0.734749972820282,21,2025-10-01T00:00:00+00:00,0.5823123455047607,0.7298742532730103,1.1147277355194092,0.0048757195472717285,e786e60f-a0f1-4955-aa57-f22ba39c7427,2025-10-01T20:00:00+00:00,-0.033796340227127075,0.37330706035494804,False,0.10359316466618289,False,False,
0.7367500066757202,22,2025-10-01T00:00:00+00:00,0.5828608274459839,0.7313668727874756,1.1294753551483154,0.005383133888244629,e786e60f-a0f1-4955-aa57-f22ba39c7427,2025-10-01T21:00:00+00:00,0.10218596458435059,0.5771561917304993,False,0.16772380177688131,False,False,
0.7382500171661377,23,2025-10-01T00:00:00+00:00,0.5848960876464844,0.7326512336730957,1.1464699506759644,0.005598783493041992,e786e60f-a0f1-4955-aa57-f22ba39c7427,2025-10-01T22:00:00+00:00,0.17102846503257751,0.677004706710577,False,0.24435529014757287,False,False,
0.7404999732971191,24,2025-10-01T00:00:00+00:00,0.5900393724441528,0.7334707379341125,1.1623646020889282,0.007029235363006592,e786e60f-a0f1-4955-aa57-f22ba39c7427,2025-10-01T23:00:00+00:00,0.21606427431106567,0.7361824138283729,False,0.2839446243506595,False,False,
0.7437499761581421,1,2025-10-02T00:00:00+00:00,0.5190421342849731,0.6537827253341675,0.9971902370452881,0.08996725082397461,e786e60f-a0f1-4955-aa57-f22ba39c7427,2025-10-02T00:00:00+00:00,-0.20844164490699768,0.03048481333851814,False,9.78877227875058,True,True,large_residual
0.7465000152587891,2,2025-10-02T00:00:00+00:00,0.5012103319168091,0.6279613971710205,1.013992190361023,0.11853861808776855,e786e60f-a0f1-4955-aa57-f22ba39c7427,2025-10-02T01:00:00+00:00,-0.1999361217021942,0.037694732362031934,False,8.44878633786897,True,True,large_residual
0.7494999766349792,3,2025-10-02T00:00:00+00:00,0.4978662133216858,0.6213597059249878,1.009972333908081,0.12814027070999146,e786e60f-a0f1-4955-aa57-f22ba39c7427,2025-10-02T02:00:00+00:00,-0.19605347514152527,0.0397905116379261,False,8.147513879728887,True,True,large_residual
0.746999979019165,4,2025-10-02T00:00:00+00:00,0.5079787969589233,0.6304797530174255,0.9979981184005737,0.1165202260017395,e786e60f-a0f1-4955-aa57-f22ba39c7427,2025-10-02T03:00:00+00:00,-0.1969062089920044,0.039206607878208156,False,7.994224748220383,True,True,large_residual
0.7285000085830688,5,2025-10-02T00:00:00+00:00,0.5157070159912109,0.6382700204849243,0.9863442182540894,0.09022998809814453,e786e60f-a0f1-4955-aa57-f22ba39c7427,2025-10-02T04:00:00+00:00,-0.19898644089698792,0.03758391657471657,False,7.695217937709397,True,True,large_residual
0.7252500057220459,6,2025-10-02T00:00:00+00:00,0.5192621946334839,0.6424290537834167,0.9771327376365662,0.08282095193862915,e786e60f-a0f1-4955-aa57-f22ba39c7427,2025-10-02T05:00:00+00:00,-0.2006080150604248,0.03774143582582474,False,7.509755810750487,True,True,large_residual
0.7260000109672546,7,2025-10-02T00:00:00+00:00,0.5205442309379578,0.6436415910720825,0.9700123071670532,0.08235841989517212,e786e60f-a0f1-4955-aa57-f22ba39c7427,2025-10-02T06:00:00+00:00,-0.20073875784873962,0.039167769330739975,False,7.227809563352618,True,True,large_residual
0.7365000247955322,8,2025-10-02T00:00:00+00:00,0.5209872126579285,0.642200231552124,0.9645958542823792,0.0942997932434082,e786e60f-a0f1-4955-aa57-f22ba39c7427,2025-10-02T07:00:00+00:00,-0.19227534532546997,0.05303534002304077,False,5.403475087448821,True,True,large_residual
0.7452499866485596,9,2025-10-02T00:00:00+00:00,0.5211330652236938,0.6383308172225952,0.9610095024108887,0.10691916942596436,e786e60f-a0f1-4955-aa57-f22ba39c7427,2025-10-02T08:00:00+00:00,-0.1662648618221283,0.09056570447087288,False,3.016418111515405,False,False,
0.7404999732971191,10,2025-10-02T00:00:00+00:00,0.520816445350647,0.6328722238540649,0.9598243832588196,0.1076277494430542,e786e60f-a0f1-4955-aa57-f22ba39c7427,2025-10-02T09:00:00+00:00,-0.13855737447738647,0.1293161913871765,False,1.9037455501867908,False,False,
0.7357500195503235,11,2025-10-02T00:00:00+00:00,0.5201141834259033,0.627855122089386,0.9615113139152527,0.1078948974609375,e786e60f-a0f1-4955-aa57-f22ba39c7427,2025-10-02T10:00:00+00:00,-0.12132787704467773,0.15249180217981337,False,1.5031809659861137,False,False,
0.7354999780654907,12,2025-10-02T00:00:00+00:00,0.5206226110458374,0.6268637180328369,0.9661362767219543,0.10863626003265381,e786e60f-a0f1-4955-aa57-f22ba39c7427,2025-10-02T11:00:00+00:00,-0.11087843775749207,0.16866874206662177,False,1.3014545261945492,False,False,
0.734749972820282,13,2025-10-02T00:00:00+00:00,0.5242807865142822,0.6323368549346924,0.9732922911643982,0.1024131178855896,e786e60f-a0f1-4955-aa57-f22ba39c7427,2025-10-02T12:00:00+00:00,-0.1057959496974945,0.18173537265658377,False,1.145671668313721,False,False,
0.734749972820282,14,2025-10-02T00:00:00+00:00,0.5301262736320496,0.6421293020248413,0.9807182550430298,0.09262067079544067,e786e60f-a0f1-4955-aa57-f22ba39c7427,2025-10-02T13:00:00+00:00,-0.10317626595497131,0.1940483851969242,False,1.009010904943699,False,False,
0.7354999780654907,15,2025-10-02T00:00:00+00:00,0.5367975234985352,0.6526462435722351,0.98746657371521,0.08285373449325562,e786e60f-a0f1-4955-aa57-f22ba39c7427,2025-10-02T14:00:00+00:00,-0.1046769917011261,0.21322013499140738,False,0.8795169658903886,False,False,
0.7212499976158142,16,2025-10-02T00:00:00+00:00,0.5433897972106934,0.6618810892105103,0.993018627166748,0.059368908405303955,e786e60f-a0f1-4955-aa57-f22ba39c7427,2025-10-02T15:00:00+00:00,-0.10559859871864319,0.234882323795557,False,0.7023410891810482,False,False,
0.706250011920929,17,2025-10-02T00:00:00+00:00,0.5486546158790588,0.6693536043167114,0.9991356730461121,0.03689640760421753,e786e60f-a0f1-4955-aa57-f22ba39c7427,2025-10-02T16:00:00+00:00,-0.10955461859703064,0.23686772913336754,False,0.618281885578383,False,False,
0.703499972820282,18,2025-10-02T00:00:00+00:00,0.552376389503479,0.6751580238342285,1.0064961910247803,0.028341948986053467,e786e60f-a0f1-4955-aa57-f22ba39c7427,2025-10-02T17:00:00+00:00,-0.11731493473052979,0.23256363158226012,False,0.6263098091717876,False,False,
0.703000009059906,19,2025-10-02T00:00:00+00:00,0.5547040700912476,0.6795005798339844,1.0152651071548462,0.02349942922592163,e786e60f-a0f1-4955-aa57-f22ba39c7427,2025-10-02T18:00:00+00:00,-0.12107139825820923,0.2325941191792488,False,0.6215583953466909,False,False,
0.715749979019165,20,2025-10-02T00:00:00+00:00,0.5558159351348877,0.6826155185699463,1.0256578922271729,0.03313446044921875,e786e60f-a0f1-4955-aa57-f22ba39c7427,2025-10-02T19:00:00+00:00,-0.11993920803070068,0.23980394983291625,False,0.638328386945143,False,False,
0.7297499775886536,21,2025-10-02T00:00:00+00:00,0.5560041666030884,0.6847161650657654,1.0380772352218628,0.045033812522888184,e786e60f-a0f1-4955-aa57-f22ba39c7427,2025-10-02T20:00:00+00:00,-0.033796340227127075,0.37330706035494804,False,0.21116705554687856,False,False,
0.7304999828338623,22,2025-10-02T00:00:00+00:00,0.5559719800949097,0.686065673828125,1.0529801845550537,0.044434309005737305,e786e60f-a0f1-4955-aa57-f22ba39c7427,2025-10-02T21:00:00+00:00,0.10218596458435059,0.5771561917304993,False,0.10006243787397534,False,False,
0.7310000061988831,23,2025-10-02T00:00:00+00:00,0.5571571588516235,0.6870245337486267,1.0700339078903198,0.04397547245025635,e786e60f-a0f1-4955-aa57-f22ba39c7427,2025-10-02T22:00:00+00:00,0.17102846503257751,0.677004706710577,False,0.1876692899221408,False,False,
0.7304999828338623,24,2025-10-02T00:00:00+00:00,0.56131511926651,0.6874793767929077,1.0861687660217285,0.04302060604095459,e786e60f-a0f1-4955-aa57-f22ba39c7427,2025-10-02T23:00:00+00:00,0.21606427431106567,0.7361824138283729,False,0.2350554224329148,False,False,
